series_name,series_lim,series_arguments,accel_name,accel_m_value,accel_additional_args,error_description,error_data,computed_n,computed_series_value,computed_partial_sum,computed_partial_sum_deviation,computed_accel_value,computed_accel_value_deviation
example_series.csv#1,1.22880125E5,{},LevinLAlgorithmArb,8,"{'remainder': 'RemainderType.v_variant', 'useRecFormulas': 'True', 'beta': '0E0'}",,{},1,2.048E3,6.144E3,1.16736125E5,8.17015732943704071028E3,1.14709967670562959288E5
example_series.csv#1,1.22880125E5,{},LevinLAlgorithmArb,8,"{'remainder': 'RemainderType.v_variant', 'useRecFormulas': 'True', 'beta': '0E0'}",,{},2,1.024E3,7.168E3,1.15712125E5,8.16586726502729381069E3,1.14714257734972706189E5
example_series.csv#1,1.22880125E5,{},LevinLAlgorithmArb,8,"{'remainder': 'RemainderType.v_variant', 'useRecFormulas': 'True', 'beta': '0E0'}",,{},3,5.12E2,7.68E3,1.15200125E5,8.16104118370258566381E3,1.14719083816297414335E5
example_series.csv#1,1.22880125E5,{},LevinLAlgorithmArb,8,"{'remainder': 'RemainderType.v_variant', 'useRecFormulas': 'True', 'beta': '0E0'}",,{},4,2.56E2,7.936E3,1.14944125E5,8.15593962412645658141E3,1.14724185375873543418E5
example_series.csv#1,1.22880125E5,{},LevinLAlgorithmArb,8,"{'remainder': 'RemainderType.v_variant', 'useRecFormulas': 'True', 'beta': '0E0'}",,{},5,1.28E2,8.064E3,1.14816125E5,8.15075838238650448205E3,1.14729366617613495518E5
example_series.csv#1,1.22880125E5,{},LevinLAlgorithmArb,8,"{'remainder': 'RemainderType.v_variant', 'useRecFormulas': 'True', 'beta': '0E0'}",,{},6,6.4E1,8.128E3,1.14752125E5,8.14563726883324336747E3,1.14734487731166756632E5
example_series.csv#1,1.22880125E5,{},LevinLAlgorithmArb,8,"{'remainder': 'RemainderType.v_variant', 'useRecFormulas': 'True', 'beta': '0E0'}",,{},7,3.2E1,8.16E3,1.14720125E5,8.14066998459431151813E3,1.1473945501540568848E5
example_series.csv#1,1.22880125E5,{},LevinLAlgorithmArb,8,"{'remainder': 'RemainderType.v_variant', 'useRecFormulas': 'True', 'beta': '0E0'}",,{},8,1.6E1,8.176E3,1.14704125E5,8.13591444003648197827E3,1.1474421055996351802E5
example_series.csv#1,1.22880125E5,{},LevinLAlgorithmArb,8,"{'remainder': 'RemainderType.v_variant', 'useRecFormulas': 'True', 'beta': '0E0'}",,{},9,8E0,8.184E3,1.14696125E5,8.13140231448944429562E3,1.14748722685510555704E5
example_series.csv#1,1.22880125E5,{},LevinLAlgorithmArb,8,"{'remainder': 'RemainderType.v_variant', 'useRecFormulas': 'True', 'beta': '0E0'}",,{},10,4E0,8.188E3,1.14692125E5,8.1271470026555885906E3,1.14752977997344411408E5
example_series.csv#1,1.22880125E5,{},LevinLAlgorithmArb,8,"{'remainder': 'RemainderType.v_variant', 'useRecFormulas': 'True', 'beta': '0E0'}",,{},11,2E0,8.19E3,1.14690125E5,8.1231497237428363686E3,1.1475697527625716363E5
example_series.csv#1,1.22880125E5,{},LevinLAlgorithmArb,8,"{'remainder': 'RemainderType.v_variant', 'useRecFormulas': 'True', 'beta': '0E0'}",,{},12,1E0,8.191E3,1.14689125E5,8.11940396892936762504E3,1.14760721031070632375E5
example_series.csv#1,1.22880125E5,{},LevinLAlgorithmArb,8,"{'remainder': 'RemainderType.v_variant', 'useRecFormulas': 'True', 'beta': '0E0'}",,{},13,5E-1,8.1915E3,1.14688625E5,8.11589861420691794488E3,1.14764226385793082055E5
example_series.csv#1,1.22880125E5,{},LevinLAlgorithmArb,8,"{'remainder': 'RemainderType.v_variant', 'useRecFormulas': 'True', 'beta': '0E0'}",,{},14,2.5E-1,8.19175E3,1.14688375E5,8.11262003314080120452E3,1.14767504966859198794E5
example_series.csv#1,1.22880125E5,{},LevinLAlgorithmArb,8,"{'remainder': 'RemainderType.v_variant', 'useRecFormulas': 'True', 'beta': '0E0'}",,{},15,1.25E-1,8.191875E3,1.1468825E5,8.1095534922523342402E3,1.14770571507747665759E5
example_series.csv#1,1.22880125E5,{},LevinLAlgorithmArb,8,"{'remainder': 'RemainderType.v_variant', 'useRecFormulas': 'True', 'beta': '0E0'}",,{},16,1.25E-1,8.191875E3,1.1468825E5,8.10668404666243135628E3,1.14773440953337568643E5
example_series.csv#1,1.22880125E5,{},LevinLAlgorithmArb,8,"{'remainder': 'RemainderType.v_variant', 'useRecFormulas': 'True', 'beta': '0E0'}",,{},17,1.25E-1,8.191875E3,1.1468825E5,8.10399709491356503793E3,1.14776127905086434962E5
example_series.csv#1,1.22880125E5,{},LevinLAlgorithmArb,8,"{'remainder': 'RemainderType.v_variant', 'useRecFormulas': 'True', 'beta': '0E0'}",,{},18,1.25E-1,8.191875E3,1.1468825E5,8.10147870530433220606E3,1.14778646294695667792E5
example_series.csv#1,1.22880125E5,{},LevinLAlgorithmArb,8,"{'remainder': 'RemainderType.v_variant', 'useRecFormulas': 'True', 'beta': '0E0'}",,{},19,1.25E-1,8.191875E3,1.1468825E5,8.09911579148580083042E3,1.14781009208514199169E5
example_series.csv#1,1.22880125E5,{},LevinLAlgorithmArb,8,"{'remainder': 'RemainderType.v_variant', 'useRecFormulas': 'True', 'beta': '0E0'}",,{},20,1.25E-1,8.191875E3,1.1468825E5,8.09689619035237756641E3,1.14783228809647622433E5
example_series.csv#1,1.22880125E5,{},LevinLAlgorithmArb,8,"{'remainder': 'RemainderType.v_variant', 'useRecFormulas': 'True', 'beta': '0E0'}",,{},21,1.25E-1,8.191875E3,1.1468825E5,8.09480867800344412135E3,1.14785316321996555878E5
example_series.csv#1,1.22880125E5,{},LevinLAlgorithmArb,8,"{'remainder': 'RemainderType.v_variant', 'useRecFormulas': 'True', 'beta': '0E0'}",,{},22,1.25E-1,8.191875E3,1.1468825E5,8.09284294768157461297E3,1.14787282052318425387E5
example_series.csv#1,1.22880125E5,{},LevinLAlgorithmArb,8,"{'remainder': 'RemainderType.v_variant', 'useRecFormulas': 'True', 'beta': '0E0'}",,{},23,1.25E-1,8.191875E3,1.1468825E5,8.09098956550792053252E3,1.14789135434492079467E5
example_series.csv#1,1.22880125E5,{},LevinLAlgorithmArb,8,"{'remainder': 'RemainderType.v_variant', 'useRecFormulas': 'True', 'beta': '0E0'}",,{},24,1.25E-1,8.191875E3,1.1468825E5,8.08923991436684953354E3,1.14790885085633150465E5
example_series.csv#1,1.22880125E5,{},LevinLAlgorithmArb,8,"{'remainder': 'RemainderType.v_variant', 'useRecFormulas': 'True', 'beta': '0E0'}",,{},25,1.25E-1,8.191875E3,1.1468825E5,8.08758613261393365562E3,1.14792538867386066343E5
example_series.csv#1,1.22880125E5,{},LevinLAlgorithmArb,8,"{'remainder': 'RemainderType.v_variant', 'useRecFormulas': 'True', 'beta': '0E0'}",,{},26,1.25E-1,8.191875E3,1.1468825E5,8.08602105182064879973E3,1.147941039481793512E5
example_series.csv#1,1.22880125E5,{},LevinLAlgorithmArb,8,"{'remainder': 'RemainderType.v_variant', 'useRecFormulas': 'True', 'beta': '0E0'}",,{},27,1.25E-1,8.191875E3,1.1468825E5,8.08453813613245118377E3,1.14795586863867548816E5
example_series.csv#1,1.22880125E5,{},LevinLAlgorithmArb,8,"{'remainder': 'RemainderType.v_variant', 'useRecFormulas': 'True', 'beta': '0E0'}",,{},28,1.25E-1,8.191875E3,1.1468825E5,8.08313142473635366472E3,1.14796993575263646334E5
example_series.csv#1,1.22880125E5,{},LevinLAlgorithmArb,8,"{'remainder': 'RemainderType.v_variant', 'useRecFormulas': 'True', 'beta': '0E0'}",,{},29,1.25E-1,8.191875E3,1.1468825E5,8.08179547822796485809E3,1.1479832952177203514E5
example_series.csv#1,1.22880125E5,{},LevinLAlgorithmArb,8,"{'remainder': 'RemainderType.v_variant', 'useRecFormulas': 'True', 'beta': '0E0'}",,{},30,1.25E-1,8.191875E3,1.1468825E5,8.08052532921311649014E3,1.1479959967078688351E5
example_series.csv#1,1.22880125E5,{},LevinLAlgorithmArb,8,"{'remainder': 'RemainderType.v_variant', 'useRecFormulas': 'True', 'beta': '0E0'}",,{},31,1.25E-1,8.191875E3,1.1468825E5,8.07931643719248192231E3,1.14800808562807518077E5
example_series.csv#1,1.22880125E5,{},LevinLAlgorithmArb,8,"{'remainder': 'RemainderType.v_variant', 'useRecFormulas': 'True', 'beta': '0E0'}",,{},32,1.25E-1,8.191875E3,1.1468825E5,8.07816464760276776002E3,1.14801960352397232238E5
example_series.csv#1,1.22880125E5,{},LevinLAlgorithmArb,8,"{'remainder': 'RemainderType.v_variant', 'useRecFormulas': 'True', 'beta': '0E0'}",,{},33,1.25E-1,8.191875E3,1.1468825E5,8.07706615478719635906E3,1.14803058845212803639E5
example_series.csv#1,1.22880125E5,{},LevinLAlgorithmArb,8,"{'remainder': 'RemainderType.v_variant', 'useRecFormulas': 'True', 'beta': '0E0'}",,{},34,1.25E-1,8.191875E3,1.1468825E5,8.07601746861550925732E3,1.14804107531384490742E5
example_series.csv#1,1.22880125E5,{},LevinLAlgorithmArb,8,"{'remainder': 'RemainderType.v_variant', 'useRecFormulas': 'True', 'beta': '0E0'}",,{},35,1.25E-1,8.191875E3,1.1468825E5,8.07501538445239995356E3,1.14805109615547600045E5
example_series.csv#1,1.22880125E5,{},LevinLAlgorithmArb,8,"{'remainder': 'RemainderType.v_variant', 'useRecFormulas': 'True', 'beta': '0E0'}",,{},36,1.25E-1,8.191875E3,1.1468825E5,8.07405695617158815474E3,1.14806068043828411845E5
example_series.csv#1,1.22880125E5,{},LevinLAlgorithmArb,8,"{'remainder': 'RemainderType.v_variant', 'useRecFormulas': 'True', 'beta': '0E0'}",,{},37,1.25E-1,8.191875E3,1.1468825E5,8.07313947192297622743E3,1.14806985528077023772E5
example_series.csv#1,1.22880125E5,{},LevinLAlgorithmArb,8,"{'remainder': 'RemainderType.v_variant', 'useRecFormulas': 'True', 'beta': '0E0'}",,{},38,1.25E-1,8.191875E3,1.1468825E5,8.07226043237738254385E3,1.14807864567622617455E5
example_series.csv#1,1.22880125E5,{},LevinLAlgorithmArb,8,"{'remainder': 'RemainderType.v_variant', 'useRecFormulas': 'True', 'beta': '0E0'}",,{},39,1.25E-1,8.191875E3,1.1468825E5,8.07141753119388566259E3,1.14808707468806114337E5
example_series.csv#1,1.22880125E5,{},LevinLAlgorithmArb,8,"{'remainder': 'RemainderType.v_variant', 'useRecFormulas': 'True', 'beta': '0E0'}",,{},40,1.25E-1,8.191875E3,1.1468825E5,8.07060863747668558781E3,1.14809516362523314412E5
example_series.csv#1,1.22880125E5,{},LevinLAlgorithmArb,8,"{'remainder': 'RemainderType.v_variant', 'useRecFormulas': 'True', 'beta': '0E0'}",,{},41,1.25E-1,8.191875E3,1.1468825E5,8.06983178001024055667E3,1.14810293219989759442E5
example_series.csv#1,1.22880125E5,{},LevinLAlgorithmArb,8,"{'remainder': 'RemainderType.v_variant', 'useRecFormulas': 'True', 'beta': '0E0'}",,{},42,1.25E-1,8.191875E3,1.1468825E5,8.06908513308245131132E3,1.14811039866917548688E5
example_series.csv#1,1.22880125E5,{},LevinLAlgorithmArb,8,"{'remainder': 'RemainderType.v_variant', 'useRecFormulas': 'True', 'beta': '0E0'}",,{},43,1.25E-1,8.191875E3,1.1468825E5,8.06836700372537579267E3,1.14811757996274624206E5
example_series.csv#1,1.22880125E5,{},LevinLAlgorithmArb,8,"{'remainder': 'RemainderType.v_variant', 'useRecFormulas': 'True', 'beta': '0E0'}",,{},44,1.25E-1,8.191875E3,1.1468825E5,8.06767582022113437098E3,1.14812449179778865627E5
example_series.csv#1,1.22880125E5,{},LevinLAlgorithmArb,8,"{'remainder': 'RemainderType.v_variant', 'useRecFormulas': 'True', 'beta': '0E0'}",,{},45,1.25E-1,8.191875E3,1.1468825E5,8.06701012173722768003E3,1.14813114878262772319E5
example_series.csv#1,1.22880125E5,{},LevinLAlgorithmArb,8,"{'remainder': 'RemainderType.v_variant', 'useRecFormulas': 'True', 'beta': '0E0'}",,{},46,1.25E-1,8.191875E3,1.1468825E5,8.06636854897044838971E3,1.14813756451029551609E5
example_series.csv#1,1.22880125E5,{},LevinLAlgorithmArb,8,"{'remainder': 'RemainderType.v_variant', 'useRecFormulas': 'True', 'beta': '0E0'}",,{},47,1.25E-1,8.191875E3,1.1468825E5,8.06574983569199391369E3,1.14814375164308006085E5
example_series.csv#1,1.22880125E5,{},LevinLAlgorithmArb,8,"{'remainder': 'RemainderType.v_variant', 'useRecFormulas': 'True', 'beta': '0E0'}",,{},48,1.25E-1,8.191875E3,1.1468825E5,8.06515280109837983293E3,1.14814972198901620167E5
example_series.csv#1,1.22880125E5,{},LevinLAlgorithmArb,8,"{'remainder': 'RemainderType.v_variant', 'useRecFormulas': 'True', 'beta': '0E0'}",,{},49,1.25E-1,8.191875E3,1.1468825E5,8.06457634288342974615E3,1.14815548657116570252E5
example_series.csv#1,1.22880125E5,{},LevinLAlgorithmArb,8,"{'remainder': 'RemainderType.v_variant', 'useRecFormulas': 'True', 'beta': '1E-1'}",,{},1,2.048E3,6.144E3,1.16736125E5,8.17329730604519717743E3,1.14706827693954802822E5
example_series.csv#1,1.22880125E5,{},LevinLAlgorithmArb,8,"{'remainder': 'RemainderType.v_variant', 'useRecFormulas': 'True', 'beta': '1E-1'}",,{},2,1.024E3,7.168E3,1.15712125E5,8.16976128330330315566E3,1.14710363716696696843E5
example_series.csv#1,1.22880125E5,{},LevinLAlgorithmArb,8,"{'remainder': 'RemainderType.v_variant', 'useRecFormulas': 'True', 'beta': '1E-1'}",,{},3,5.12E2,7.68E3,1.15200125E5,8.16540393769031577606E3,1.14714721062309684223E5
example_series.csv#1,1.22880125E5,{},LevinLAlgorithmArb,8,"{'remainder': 'RemainderType.v_variant', 'useRecFormulas': 'True', 'beta': '1E-1'}",,{},4,2.56E2,7.936E3,1.14944125E5,8.16053971284696258209E3,1.14719585287153037417E5
example_series.csv#1,1.22880125E5,{},LevinLAlgorithmArb,8,"{'remainder': 'RemainderType.v_variant', 'useRecFormulas': 'True', 'beta': '1E-1'}",,{},5,1.28E2,8.064E3,1.14816125E5,8.15542237092514988763E3,1.14724702629074850111E5
example_series.csv#1,1.22880125E5,{},LevinLAlgorithmArb,8,"{'remainder': 'RemainderType.v_variant', 'useRecFormulas': 'True', 'beta': '1E-1'}",,{},6,6.4E1,8.128E3,1.14752125E5,8.15024169187241065157E3,1.14729883308127589347E5
example_series.csv#1,1.22880125E5,{},LevinLAlgorithmArb,8,"{'remainder': 'RemainderType.v_variant', 'useRecFormulas': 'True', 'beta': '1E-1'}",,{},7,3.2E1,8.16E3,1.14720125E5,8.14513241557247213125E3,1.14734992584427527868E5
example_series.csv#1,1.22880125E5,{},LevinLAlgorithmArb,8,"{'remainder': 'RemainderType.v_variant', 'useRecFormulas': 'True', 'beta': '1E-1'}",,{},8,1.6E1,8.176E3,1.14704125E5,8.14018420263358492977E3,1.1473994079736641507E5
example_series.csv#1,1.22880125E5,{},LevinLAlgorithmArb,8,"{'remainder': 'RemainderType.v_variant', 'useRecFormulas': 'True', 'beta': '1E-1'}",,{},9,8E0,8.184E3,1.14696125E5,8.13545193230815356805E3,1.1474467306769184643E5
example_series.csv#1,1.22880125E5,{},LevinLAlgorithmArb,8,"{'remainder': 'RemainderType.v_variant', 'useRecFormulas': 'True', 'beta': '1E-1'}",,{},10,4E0,8.188E3,1.14692125E5,8.13096512822112542631E3,1.14749159871778874573E5
example_series.csv#1,1.22880125E5,{},LevinLAlgorithmArb,8,"{'remainder': 'RemainderType.v_variant', 'useRecFormulas': 'True', 'beta': '1E-1'}",,{},11,2E0,8.19E3,1.14690125E5,8.12673572223268347702E3,1.14753389277767316523E5
example_series.csv#1,1.22880125E5,{},LevinLAlgorithmArb,8,"{'remainder': 'RemainderType.v_variant', 'useRecFormulas': 'True', 'beta': '1E-1'}",,{},12,1E0,8.191E3,1.14689125E5,8.12276398537606374306E3,1.14757361014623936255E5
example_series.csv#1,1.22880125E5,{},LevinLAlgorithmArb,8,"{'remainder': 'RemainderType.v_variant', 'useRecFormulas': 'True', 'beta': '1E-1'}",,{},13,5E-1,8.1915E3,1.14688625E5,8.11904282623550770225E3,1.14761082173764492297E5
example_series.csv#1,1.22880125E5,{},LevinLAlgorithmArb,8,"{'remainder': 'RemainderType.v_variant', 'useRecFormulas': 'True', 'beta': '1E-1'}",,{},14,2.5E-1,8.19175E3,1.14688375E5,8.1155607893246597746E3,1.14764564210675340225E5
example_series.csv#1,1.22880125E5,{},LevinLAlgorithmArb,8,"{'remainder': 'RemainderType.v_variant', 'useRecFormulas': 'True', 'beta': '1E-1'}",,{},15,1.25E-1,8.191875E3,1.1468825E5,8.1123040844530543198E3,1.1476782091554694568E5
example_series.csv#1,1.22880125E5,{},LevinLAlgorithmArb,8,"{'remainder': 'RemainderType.v_variant', 'useRecFormulas': 'True', 'beta': '1E-1'}",,{},16,1.25E-1,8.191875E3,1.1468825E5,8.10925792339333628022E3,1.14770867076606663719E5
example_series.csv#1,1.22880125E5,{},LevinLAlgorithmArb,8,"{'remainder': 'RemainderType.v_variant', 'useRecFormulas': 'True', 'beta': '1E-1'}",,{},17,1.25E-1,8.191875E3,1.1468825E5,8.10640737516031953915E3,1.1477371762483968046E5
example_series.csv#1,1.22880125E5,{},LevinLAlgorithmArb,8,"{'remainder': 'RemainderType.v_variant', 'useRecFormulas': 'True', 'beta': '1E-1'}",,{},18,1.25E-1,8.191875E3,1.1468825E5,8.10373789358826366394E3,1.14776387106411736334E5
example_series.csv#1,1.22880125E5,{},LevinLAlgorithmArb,8,"{'remainder': 'RemainderType.v_variant', 'useRecFormulas': 'True', 'beta': '1E-1'}",,{},19,1.25E-1,8.191875E3,1.1468825E5,8.10123562556990842264E3,1.14778889374430091577E5
example_series.csv#1,1.22880125E5,{},LevinLAlgorithmArb,8,"{'remainder': 'RemainderType.v_variant', 'useRecFormulas': 'True', 'beta': '1E-1'}",,{},20,1.25E-1,8.191875E3,1.1468825E5,8.09888757483144267615E3,1.14781237425168557323E5
example_series.csv#1,1.22880125E5,{},LevinLAlgorithmArb,8,"{'remainder': 'RemainderType.v_variant', 'useRecFormulas': 'True', 'beta': '1E-1'}",,{},21,1.25E-1,8.191875E3,1.1468825E5,8.0966816722525671415E3,1.14783443327747432857E5
example_series.csv#1,1.22880125E5,{},LevinLAlgorithmArb,8,"{'remainder': 'RemainderType.v_variant', 'useRecFormulas': 'True', 'beta': '1E-1'}",,{},22,1.25E-1,8.191875E3,1.1468825E5,8.09460678710862414203E3,1.14785518212891375858E5
example_series.csv#1,1.22880125E5,{},LevinLAlgorithmArb,8,"{'remainder': 'RemainderType.v_variant', 'useRecFormulas': 'True', 'beta': '1E-1'}",,{},23,1.25E-1,8.191875E3,1.1468825E5,8.09265270218414717984E3,1.1478747229781585282E5
example_series.csv#1,1.22880125E5,{},LevinLAlgorithmArb,8,"{'remainder': 'RemainderType.v_variant', 'useRecFormulas': 'True', 'beta': '1E-1'}",,{},24,1.25E-1,8.191875E3,1.1468825E5,8.09081006792981578695E3,1.14789314932070184211E5
example_series.csv#1,1.22880125E5,{},LevinLAlgorithmArb,8,"{'remainder': 'RemainderType.v_variant', 'useRecFormulas': 'True', 'beta': '1E-1'}",,{},25,1.25E-1,8.191875E3,1.1468825E5,8.08907034557770103153E3,1.14791054654422298967E5
example_series.csv#1,1.22880125E5,{},LevinLAlgorithmArb,8,"{'remainder': 'RemainderType.v_variant', 'useRecFormulas': 'True', 'beta': '1E-1'}",,{},26,1.25E-1,8.191875E3,1.1468825E5,8.08742574559573862352E3,1.14792699254404261376E5
example_series.csv#1,1.22880125E5,{},LevinLAlgorithmArb,8,"{'remainder': 'RemainderType.v_variant', 'useRecFormulas': 'True', 'beta': '1E-1'}",,{},27,1.25E-1,8.191875E3,1.1468825E5,8.08586916549929139155E3,1.14794255834500708608E5
example_series.csv#1,1.22880125E5,{},LevinLAlgorithmArb,8,"{'remainder': 'RemainderType.v_variant', 'useRecFormulas': 'True', 'beta': '1E-1'}",,{},28,1.25E-1,8.191875E3,1.1468825E5,8.08439412946695333445E3,1.14795730870533046664E5
example_series.csv#1,1.22880125E5,{},LevinLAlgorithmArb,8,"{'remainder': 'RemainderType.v_variant', 'useRecFormulas': 'True', 'beta': '1E-1'}",,{},29,1.25E-1,8.191875E3,1.1468825E5,8.0829947311716719247E3,1.14797130268828328075E5
example_series.csv#1,1.22880125E5,{},LevinLAlgorithmArb,8,"{'remainder': 'RemainderType.v_variant', 'useRecFormulas': 'True', 'beta': '1E-1'}",,{},30,1.25E-1,8.191875E3,1.1468825E5,8.08166558056199326703E3,1.14798459419438006733E5
example_series.csv#1,1.22880125E5,{},LevinLAlgorithmArb,8,"{'remainder': 'RemainderType.v_variant', 'useRecFormulas': 'True', 'beta': '1E-1'}",,{},31,1.25E-1,8.191875E3,1.1468825E5,8.08040175489342299947E3,1.14799723245106577E5
example_series.csv#1,1.22880125E5,{},LevinLAlgorithmArb,8,"{'remainder': 'RemainderType.v_variant', 'useRecFormulas': 'True', 'beta': '1E-1'}",,{},32,1.25E-1,8.191875E3,1.1468825E5,8.07919875403653431483E3,1.14800926245963465685E5
example_series.csv#1,1.22880125E5,{},LevinLAlgorithmArb,8,"{'remainder': 'RemainderType.v_variant', 'useRecFormulas': 'True', 'beta': '1E-1'}",,{},33,1.25E-1,8.191875E3,1.1468825E5,8.07805245992249385522E3,1.14802072540077506144E5
example_series.csv#1,1.22880125E5,{},LevinLAlgorithmArb,8,"{'remainder': 'RemainderType.v_variant', 'useRecFormulas': 'True', 'beta': '1E-1'}",,{},34,1.25E-1,8.191875E3,1.1468825E5,8.07695909989163655631E3,1.14803165900108363442E5
example_series.csv#1,1.22880125E5,{},LevinLAlgorithmArb,8,"{'remainder': 'RemainderType.v_variant', 'useRecFormulas': 'True', 'beta': '1E-1'}",,{},35,1.25E-1,8.191875E3,1.1468825E5,8.07591521366201252032E3,1.14804209786337987479E5
example_series.csv#1,1.22880125E5,{},LevinLAlgorithmArb,8,"{'remainder': 'RemainderType.v_variant', 'useRecFormulas': 'True', 'beta': '1E-1'}",,{},36,1.25E-1,8.191875E3,1.1468825E5,8.07491762361591386518E3,1.14805207376384086134E5
example_series.csv#1,1.22880125E5,{},LevinLAlgorithmArb,8,"{'remainder': 'RemainderType.v_variant', 'useRecFormulas': 'True', 'beta': '1E-1'}",,{},37,1.25E-1,8.191875E3,1.1468825E5,8.073963408102181149E3,1.14806161591897818849E5
example_series.csv#1,1.22880125E5,{},LevinLAlgorithmArb,8,"{'remainder': 'RemainderType.v_variant', 'useRecFormulas': 'True', 'beta': '1E-1'}",,{},38,1.25E-1,8.191875E3,1.1468825E5,8.07304987746319501887E3,1.1480707512253680498E5
example_series.csv#1,1.22880125E5,{},LevinLAlgorithmArb,8,"{'remainder': 'RemainderType.v_variant', 'useRecFormulas': 'True', 'beta': '1E-1'}",,{},39,1.25E-1,8.191875E3,1.1468825E5,8.07217455251298816448E3,1.14807950447487011834E5
example_series.csv#1,1.22880125E5,{},LevinLAlgorithmArb,8,"{'remainder': 'RemainderType.v_variant', 'useRecFormulas': 'True', 'beta': '1E-1'}",,{},40,1.25E-1,8.191875E3,1.1468825E5,8.07133514521366631175E3,1.14808789854786333687E5
example_series.csv#1,1.22880125E5,{},LevinLAlgorithmArb,8,"{'remainder': 'RemainderType.v_variant', 'useRecFormulas': 'True', 'beta': '1E-1'}",,{},41,1.25E-1,8.191875E3,1.1468825E5,8.07052954131924762046E3,1.14809595458680752379E5
example_series.csv#1,1.22880125E5,{},LevinLAlgorithmArb,8,"{'remainder': 'RemainderType.v_variant', 'useRecFormulas': 'True', 'beta': '1E-1'}",,{},42,1.25E-1,8.191875E3,1.1468825E5,8.06975578477782797978E3,1.14810369215222172019E5
example_series.csv#1,1.22880125E5,{},LevinLAlgorithmArb,8,"{'remainder': 'RemainderType.v_variant', 'useRecFormulas': 'True', 'beta': '1E-1'}",,{},43,1.25E-1,8.191875E3,1.1468825E5,8.0690120637038791872E3,1.14811112936296120811E5
example_series.csv#1,1.22880125E5,{},LevinLAlgorithmArb,8,"{'remainder': 'RemainderType.v_variant', 'useRecFormulas': 'True', 'beta': '1E-1'}",,{},44,1.25E-1,8.191875E3,1.1468825E5,8.06829669775205198165E3,1.14811828302247948017E5
example_series.csv#1,1.22880125E5,{},LevinLAlgorithmArb,8,"{'remainder': 'RemainderType.v_variant', 'useRecFormulas': 'True', 'beta': '1E-1'}",,{},45,1.25E-1,8.191875E3,1.1468825E5,8.06760812674187331131E3,1.14812516873258126687E5
example_series.csv#1,1.22880125E5,{},LevinLAlgorithmArb,8,"{'remainder': 'RemainderType.v_variant', 'useRecFormulas': 'True', 'beta': '1E-1'}",,{},46,1.25E-1,8.191875E3,1.1468825E5,8.06694490039912715467E3,1.14813180099600872845E5
example_series.csv#1,1.22880125E5,{},LevinLAlgorithmArb,8,"{'remainder': 'RemainderType.v_variant', 'useRecFormulas': 'True', 'beta': '1E-1'}",,{},47,1.25E-1,8.191875E3,1.1468825E5,8.06630566909451032581E3,1.14813819330905489673E5
example_series.csv#1,1.22880125E5,{},LevinLAlgorithmArb,8,"{'remainder': 'RemainderType.v_variant', 'useRecFormulas': 'True', 'beta': '1E-1'}",,{},48,1.25E-1,8.191875E3,1.1468825E5,8.06568917547343218643E3,1.14814435824526567813E5
example_series.csv#1,1.22880125E5,{},LevinLAlgorithmArb,8,"{'remainder': 'RemainderType.v_variant', 'useRecFormulas': 'True', 'beta': '1E-1'}",,{},49,1.25E-1,8.191875E3,1.1468825E5,8.06509424688268291095E3,1.14815030753117317089E5
example_series.csv#1,1.22880125E5,{},LevinLAlgorithmArb,8,"{'remainder': 'RemainderType.v_variant', 'useRecFormulas': 'True', 'beta': '2E-1'}",,{},1,2.048E3,6.144E3,1.16736125E5,8.17298958760928747913E3,1.1470713541239071252E5
example_series.csv#1,1.22880125E5,{},LevinLAlgorithmArb,8,"{'remainder': 'RemainderType.v_variant', 'useRecFormulas': 'True', 'beta': '2E-1'}",,{},2,1.024E3,7.168E3,1.15712125E5,8.16935701209139756745E3,1.14710767987908602432E5
example_series.csv#1,1.22880125E5,{},LevinLAlgorithmArb,8,"{'remainder': 'RemainderType.v_variant', 'useRecFormulas': 'True', 'beta': '2E-1'}",,{},3,5.12E2,7.68E3,1.15200125E5,8.16493559995942394205E3,1.14715189400040576058E5
example_series.csv#1,1.22880125E5,{},LevinLAlgorithmArb,8,"{'remainder': 'RemainderType.v_variant', 'useRecFormulas': 'True', 'beta': '2E-1'}",,{},4,2.56E2,7.936E3,1.14944125E5,8.16003576377432154653E3,1.14720089236225678452E5
example_series.csv#1,1.22880125E5,{},LevinLAlgorithmArb,8,"{'remainder': 'RemainderType.v_variant', 'useRecFormulas': 'True', 'beta': '2E-1'}",,{},5,1.28E2,8.064E3,1.14816125E5,8.1549045298861400807E3,1.14725220470113859918E5
example_series.csv#1,1.22880125E5,{},LevinLAlgorithmArb,8,"{'remainder': 'RemainderType.v_variant', 'useRecFormulas': 'True', 'beta': '2E-1'}",,{},6,6.4E1,8.128E3,1.14752125E5,8.14972575262559532913E3,1.14730399247374404669E5
example_series.csv#1,1.22880125E5,{},LevinLAlgorithmArb,8,"{'remainder': 'RemainderType.v_variant', 'useRecFormulas': 'True', 'beta': '2E-1'}",,{},7,3.2E1,8.16E3,1.14720125E5,8.14462920153262480735E3,1.14735495798467375192E5
example_series.csv#1,1.22880125E5,{},LevinLAlgorithmArb,8,"{'remainder': 'RemainderType.v_variant', 'useRecFormulas': 'True', 'beta': '2E-1'}",,{},8,1.6E1,8.176E3,1.14704125E5,8.13970060082311679969E3,1.14740424399176883199E5
example_series.csv#1,1.22880125E5,{},LevinLAlgorithmArb,8,"{'remainder': 'RemainderType.v_variant', 'useRecFormulas': 'True', 'beta': '2E-1'}",,{},9,8E0,8.184E3,1.14696125E5,8.13499189354798854909E3,1.14745133106452011451E5
example_series.csv#1,1.22880125E5,{},LevinLAlgorithmArb,8,"{'remainder': 'RemainderType.v_variant', 'useRecFormulas': 'True', 'beta': '2E-1'}",,{},10,4E0,8.188E3,1.14692125E5,8.13053052537289527307E3,1.14749594474627104725E5
example_series.csv#1,1.22880125E5,{},LevinLAlgorithmArb,8,"{'remainder': 'RemainderType.v_variant', 'useRecFormulas': 'True', 'beta': '2E-1'}",,{},11,2E0,8.19E3,1.14690125E5,8.12632702443275388964E3,1.1475379797556724611E5
example_series.csv#1,1.22880125E5,{},LevinLAlgorithmArb,8,"{'remainder': 'RemainderType.v_variant', 'useRecFormulas': 'True', 'beta': '2E-1'}",,{},12,1E0,8.191E3,1.14689125E5,8.12238075628157231347E3,1.14757744243718427686E5
example_series.csv#1,1.22880125E5,{},LevinLAlgorithmArb,8,"{'remainder': 'RemainderType.v_variant', 'useRecFormulas': 'True', 'beta': '2E-1'}",,{},13,5E-1,8.1915E3,1.14688625E5,8.11868407661526224705E3,1.14761440923384737752E5
example_series.csv#1,1.22880125E5,{},LevinLAlgorithmArb,8,"{'remainder': 'RemainderType.v_variant', 'useRecFormulas': 'True', 'beta': '2E-1'}",,{},14,2.5E-1,8.19175E3,1.14688375E5,8.11522521853438045685E3,1.14764899781465619542E5
example_series.csv#1,1.22880125E5,{},LevinLAlgorithmArb,8,"{'remainder': 'RemainderType.v_variant', 'useRecFormulas': 'True', 'beta': '2E-1'}",,{},15,1.25E-1,8.191875E3,1.1468825E5,8.11199024128603936775E3,1.14768134758713960632E5
example_series.csv#1,1.22880125E5,{},LevinLAlgorithmArb,8,"{'remainder': 'RemainderType.v_variant', 'useRecFormulas': 'True', 'beta': '2E-1'}",,{},16,1.25E-1,8.191875E3,1.1468825E5,8.10896431032164459506E3,1.14771160689678355403E5
example_series.csv#1,1.22880125E5,{},LevinLAlgorithmArb,8,"{'remainder': 'RemainderType.v_variant', 'useRecFormulas': 'True', 'beta': '2E-1'}",,{},17,1.25E-1,8.191875E3,1.1468825E5,8.10613251373760539661E3,1.14773992486262394602E5
example_series.csv#1,1.22880125E5,{},LevinLAlgorithmArb,8,"{'remainder': 'RemainderType.v_variant', 'useRecFormulas': 'True', 'beta': '2E-1'}",,{},18,1.25E-1,8.191875E3,1.1468825E5,8.10348036368164394904E3,1.14776644636318356051E5
example_series.csv#1,1.22880125E5,{},LevinLAlgorithmArb,8,"{'remainder': 'RemainderType.v_variant', 'useRecFormulas': 'True', 'beta': '2E-1'}",,{},19,1.25E-1,8.191875E3,1.1468825E5,8.10099408723709603297E3,1.14779130912762903967E5
example_series.csv#1,1.22880125E5,{},LevinLAlgorithmArb,8,"{'remainder': 'RemainderType.v_variant', 'useRecFormulas': 'True', 'beta': '2E-1'}",,{},20,1.25E-1,8.191875E3,1.1468825E5,8.09866077888067333009E3,1.1478146422111932667E5
example_series.csv#1,1.22880125E5,{},LevinLAlgorithmArb,8,"{'remainder': 'RemainderType.v_variant', 'useRecFormulas': 'True', 'beta': '2E-1'}",,{},21,1.25E-1,8.191875E3,1.1468825E5,8.0964684635712516581E3,1.1478365653642874834E5
example_series.csv#1,1.22880125E5,{},LevinLAlgorithmArb,8,"{'remainder': 'RemainderType.v_variant', 'useRecFormulas': 'True', 'beta': '2E-1'}",,{},22,1.25E-1,8.191875E3,1.1468825E5,8.0944061034990232645E3,1.14785718896500976735E5
example_series.csv#1,1.22880125E5,{},LevinLAlgorithmArb,8,"{'remainder': 'RemainderType.v_variant', 'useRecFormulas': 'True', 'beta': '2E-1'}",,{},23,1.25E-1,8.191875E3,1.1468825E5,8.09246357052405562257E3,1.14787661429475944376E5
example_series.csv#1,1.22880125E5,{},LevinLAlgorithmArb,8,"{'remainder': 'RemainderType.v_variant', 'useRecFormulas': 'True', 'beta': '2E-1'}",,{},24,1.25E-1,8.191875E3,1.1468825E5,8.0906315988525699592E3,1.1478949340114743004E5
example_series.csv#1,1.22880125E5,{},LevinLAlgorithmArb,8,"{'remainder': 'RemainderType.v_variant', 'useRecFormulas': 'True', 'beta': '2E-1'}",,{},25,1.25E-1,8.191875E3,1.1468825E5,8.08890172744565561444E3,1.14791223272554344385E5
example_series.csv#1,1.22880125E5,{},LevinLAlgorithmArb,8,"{'remainder': 'RemainderType.v_variant', 'useRecFormulas': 'True', 'beta': '2E-1'}",,{},26,1.25E-1,8.191875E3,1.1468825E5,8.08726623825976593076E3,1.14792858761740234069E5
example_series.csv#1,1.22880125E5,{},LevinLAlgorithmArb,8,"{'remainder': 'RemainderType.v_variant', 'useRecFormulas': 'True', 'beta': '2E-1'}",,{},27,1.25E-1,8.191875E3,1.1468825E5,8.08571809414918307662E3,1.14794406905850816923E5
example_series.csv#1,1.22880125E5,{},LevinLAlgorithmArb,8,"{'remainder': 'RemainderType.v_variant', 'useRecFormulas': 'True', 'beta': '2E-1'}",,{},28,1.25E-1,8.191875E3,1.1468825E5,8.08425087875336967743E3,1.14795874121246630322E5
example_series.csv#1,1.22880125E5,{},LevinLAlgorithmArb,8,"{'remainder': 'RemainderType.v_variant', 'useRecFormulas': 'True', 'beta': '2E-1'}",,{},29,1.25E-1,8.191875E3,1.1468825E5,8.08285873969879004916E3,1.14797266260301209949E5
example_series.csv#1,1.22880125E5,{},LevinLAlgorithmArb,8,"{'remainder': 'RemainderType.v_variant', 'useRecFormulas': 'True', 'beta': '2E-1'}",,{},30,1.25E-1,8.191875E3,1.1468825E5,8.08153633579723090674E3,1.14798588664202769093E5
example_series.csv#1,1.22880125E5,{},LevinLAlgorithmArb,8,"{'remainder': 'RemainderType.v_variant', 'useRecFormulas': 'True', 'beta': '2E-1'}",,{},31,1.25E-1,8.191875E3,1.1468825E5,8.08027878850707540478E3,1.14799846211492924595E5
example_series.csv#1,1.22880125E5,{},LevinLAlgorithmArb,8,"{'remainder': 'RemainderType.v_variant', 'useRecFormulas': 'True', 'beta': '2E-1'}",,{},32,1.25E-1,8.191875E3,1.1468825E5,8.07908163766345012685E3,1.14801043362336549872E5
example_series.csv#1,1.22880125E5,{},LevinLAlgorithmArb,8,"{'remainder': 'RemainderType.v_variant', 'useRecFormulas': 'True', 'beta': '2E-1'}",,{},33,1.25E-1,8.191875E3,1.1468825E5,8.0779408013257042137E3,1.14802184198674295786E5
example_series.csv#1,1.22880125E5,{},LevinLAlgorithmArb,8,"{'remainder': 'RemainderType.v_variant', 'useRecFormulas': 'True', 'beta': '2E-1'}",,{},34,1.25E-1,8.191875E3,1.1468825E5,8.07685253950122178273E3,1.14803272460498778217E5
example_series.csv#1,1.22880125E5,{},LevinLAlgorithmArb,8,"{'remainder': 'RemainderType.v_variant', 'useRecFormulas': 'True', 'beta': '2E-1'}",,{},35,1.25E-1,8.191875E3,1.1468825E5,8.07581342145947728225E3,1.14804311578540522717E5
example_series.csv#1,1.22880125E5,{},LevinLAlgorithmArb,8,"{'remainder': 'RemainderType.v_variant', 'useRecFormulas': 'True', 'beta': '2E-1'}",,{},36,1.25E-1,8.191875E3,1.1468825E5,8.0748202963336253429E3,1.14805304703666374657E5
example_series.csv#1,1.22880125E5,{},LevinLAlgorithmArb,8,"{'remainder': 'RemainderType.v_variant', 'useRecFormulas': 'True', 'beta': '2E-1'}",,{},37,1.25E-1,8.191875E3,1.1468825E5,8.07387026670812331552E3,1.14806254733291876684E5
example_series.csv#1,1.22880125E5,{},LevinLAlgorithmArb,8,"{'remainder': 'RemainderType.v_variant', 'useRecFormulas': 'True', 'beta': '2E-1'}",,{},38,1.25E-1,8.191875E3,1.1468825E5,8.07296066490281993138E3,1.14807164335097180067E5
example_series.csv#1,1.22880125E5,{},LevinLAlgorithmArb,8,"{'remainder': 'RemainderType.v_variant', 'useRecFormulas': 'True', 'beta': '2E-1'}",,{},39,1.25E-1,8.191875E3,1.1468825E5,8.07208903168191687022E3,1.14808035968318083129E5
example_series.csv#1,1.22880125E5,{},LevinLAlgorithmArb,8,"{'remainder': 'RemainderType.v_variant', 'useRecFormulas': 'True', 'beta': '2E-1'}",,{},40,1.25E-1,8.191875E3,1.1468825E5,8.07125309713715781598E3,1.14808871902862842182E5
example_series.csv#1,1.22880125E5,{},LevinLAlgorithmArb,8,"{'remainder': 'RemainderType.v_variant', 'useRecFormulas': 'True', 'beta': '2E-1'}",,{},41,1.25E-1,8.191875E3,1.1468825E5,8.07045076351655584609E3,1.14809674236483444154E5
example_series.csv#1,1.22880125E5,{},LevinLAlgorithmArb,8,"{'remainder': 'RemainderType.v_variant', 'useRecFormulas': 'True', 'beta': '2E-1'}",,{},42,1.25E-1,8.191875E3,1.1468825E5,8.06968008979170642944E3,1.1481044491020829357E5
example_series.csv#1,1.22880125E5,{},LevinLAlgorithmArb,8,"{'remainder': 'RemainderType.v_variant', 'useRecFormulas': 'True', 'beta': '2E-1'}",,{},43,1.25E-1,8.191875E3,1.1468825E5,8.0689392777775145237E3,1.14811185722222485475E5
example_series.csv#1,1.22880125E5,{},LevinLAlgorithmArb,8,"{'remainder': 'RemainderType.v_variant', 'useRecFormulas': 'True', 'beta': '2E-1'}",,{},44,1.25E-1,8.191875E3,1.1468825E5,8.0682266596375811862E3,1.14811898340362418812E5
example_series.csv#1,1.22880125E5,{},LevinLAlgorithmArb,8,"{'remainder': 'RemainderType.v_variant', 'useRecFormulas': 'True', 'beta': '2E-1'}",,{},45,1.25E-1,8.191875E3,1.1468825E5,8.06754068662635209605E3,1.14812584313373647904E5
example_series.csv#1,1.22880125E5,{},LevinLAlgorithmArb,8,"{'remainder': 'RemainderType.v_variant', 'useRecFormulas': 'True', 'beta': '2E-1'}",,{},46,1.25E-1,8.191875E3,1.1468825E5,8.06687991893536853563E3,1.14813245081064631464E5
example_series.csv#1,1.22880125E5,{},LevinLAlgorithmArb,8,"{'remainder': 'RemainderType.v_variant', 'useRecFormulas': 'True', 'beta': '2E-1'}",,{},47,1.25E-1,8.191875E3,1.1468825E5,8.06624301652560709466E3,1.14813881983474392904E5
example_series.csv#1,1.22880125E5,{},LevinLAlgorithmArb,8,"{'remainder': 'RemainderType.v_variant', 'useRecFormulas': 'True', 'beta': '2E-1'}",,{},48,1.25E-1,8.191875E3,1.1468825E5,8.06562873084102470838E3,1.14814496269158975291E5
example_series.csv#1,1.22880125E5,{},LevinLAlgorithmArb,8,"{'remainder': 'RemainderType.v_variant', 'useRecFormulas': 'True', 'beta': '2E-1'}",,{},49,1.25E-1,8.191875E3,1.1468825E5,8.06503589731014549629E3,1.14815089102689854502E5
example_series.csv#1,1.22880125E5,{},LevinLAlgorithmArb,8,"{'remainder': 'RemainderType.v_variant', 'useRecFormulas': 'True', 'beta': '3E-1'}",,{},1,2.048E3,6.144E3,1.16736125E5,8.17267105196949754369E3,1.14707453948030502456E5
example_series.csv#1,1.22880125E5,{},LevinLAlgorithmArb,8,"{'remainder': 'RemainderType.v_variant', 'useRecFormulas': 'True', 'beta': '3E-1'}",,{},2,1.024E3,7.168E3,1.15712125E5,8.16894486089357061461E3,1.14711180139106429384E5
example_series.csv#1,1.22880125E5,{},LevinLAlgorithmArb,8,"{'remainder': 'RemainderType.v_variant', 'useRecFormulas': 'True', 'beta': '3E-1'}",,{},3,5.12E2,7.68E3,1.15200125E5,8.16446253639237736096E3,1.14715662463607622639E5
example_series.csv#1,1.22880125E5,{},LevinLAlgorithmArb,8,"{'remainder': 'RemainderType.v_variant', 'useRecFormulas': 'True', 'beta': '3E-1'}",,{},4,2.56E2,7.936E3,1.14944125E5,8.15952955295040052147E3,1.14720595447049599477E5
example_series.csv#1,1.22880125E5,{},LevinLAlgorithmArb,8,"{'remainder': 'RemainderType.v_variant', 'useRecFormulas': 'True', 'beta': '3E-1'}",,{},5,1.28E2,8.064E3,1.14816125E5,8.15438625816256948239E3,1.14725738741837430517E5
example_series.csv#1,1.22880125E5,{},LevinLAlgorithmArb,8,"{'remainder': 'RemainderType.v_variant', 'useRecFormulas': 'True', 'beta': '3E-1'}",,{},6,6.4E1,8.128E3,1.14752125E5,8.14921067201103304264E3,1.14730914327988966956E5
example_series.csv#1,1.22880125E5,{},LevinLAlgorithmArb,8,"{'remainder': 'RemainderType.v_variant', 'useRecFormulas': 'True', 'beta': '3E-1'}",,{},7,3.2E1,8.16E3,1.14720125E5,8.14412769474614764836E3,1.14735997305253852351E5
example_series.csv#1,1.22880125E5,{},LevinLAlgorithmArb,8,"{'remainder': 'RemainderType.v_variant', 'useRecFormulas': 'True', 'beta': '3E-1'}",,{},8,1.6E1,8.176E3,1.14704125E5,8.13921921795894678014E3,1.14740905782041053218E5
example_series.csv#1,1.22880125E5,{},LevinLAlgorithmArb,8,"{'remainder': 'RemainderType.v_variant', 'useRecFormulas': 'True', 'beta': '3E-1'}",,{},9,8E0,8.184E3,1.14696125E5,8.13453434192977463706E3,1.14745590658070225361E5
example_series.csv#1,1.22880125E5,{},LevinLAlgorithmArb,8,"{'remainder': 'RemainderType.v_variant', 'useRecFormulas': 'True', 'beta': '3E-1'}",,{},10,4E0,8.188E3,1.14692125E5,8.13009851022870344589E3,1.14750026489771296553E5
example_series.csv#1,1.22880125E5,{},LevinLAlgorithmArb,8,"{'remainder': 'RemainderType.v_variant', 'useRecFormulas': 'True', 'beta': '3E-1'}",,{},11,2E0,8.19E3,1.14690125E5,8.12592090460540430313E3,1.14754204095394595695E5
example_series.csv#1,1.22880125E5,{},LevinLAlgorithmArb,8,"{'remainder': 'RemainderType.v_variant', 'useRecFormulas': 'True', 'beta': '3E-1'}",,{},12,1E0,8.191E3,1.14689125E5,8.12200002637121157231E3,1.14758124973628788426E5
example_series.csv#1,1.22880125E5,{},LevinLAlgorithmArb,8,"{'remainder': 'RemainderType.v_variant', 'useRecFormulas': 'True', 'beta': '3E-1'}",,{},13,5E-1,8.1915E3,1.14688625E5,8.11832770693211250681E3,1.14761797293067887493E5
example_series.csv#1,1.22880125E5,{},LevinLAlgorithmArb,8,"{'remainder': 'RemainderType.v_variant', 'useRecFormulas': 'True', 'beta': '3E-1'}",,{},14,2.5E-1,8.19175E3,1.14688375E5,8.11489188723994163632E3,1.14765233112760058363E5
example_series.csv#1,1.22880125E5,{},LevinLAlgorithmArb,8,"{'remainder': 'RemainderType.v_variant', 'useRecFormulas': 'True', 'beta': '3E-1'}",,{},15,1.25E-1,8.191875E3,1.1468825E5,8.11167848861188670236E3,1.14768446511388113297E5
example_series.csv#1,1.22880125E5,{},LevinLAlgorithmArb,8,"{'remainder': 'RemainderType.v_variant', 'useRecFormulas': 'True', 'beta': '3E-1'}",,{},16,1.25E-1,8.191875E3,1.1468825E5,8.10867263822137777906E3,1.14771452361778622219E5
example_series.csv#1,1.22880125E5,{},LevinLAlgorithmArb,8,"{'remainder': 'RemainderType.v_variant', 'useRecFormulas': 'True', 'beta': '3E-1'}",,{},17,1.25E-1,8.191875E3,1.1468825E5,8.10585944817555946301E3,1.14774265551824440537E5
example_series.csv#1,1.22880125E5,{},LevinLAlgorithmArb,8,"{'remainder': 'RemainderType.v_variant', 'useRecFormulas': 'True', 'beta': '3E-1'}",,{},18,1.25E-1,8.191875E3,1.1468825E5,8.10322449178600893093E3,1.14776900508213991069E5
example_series.csv#1,1.22880125E5,{},LevinLAlgorithmArb,8,"{'remainder': 'RemainderType.v_variant', 'useRecFormulas': 'True', 'beta': '3E-1'}",,{},19,1.25E-1,8.191875E3,1.1468825E5,8.10075407781152433561E3,1.14779370922188475664E5
example_series.csv#1,1.22880125E5,{},LevinLAlgorithmArb,8,"{'remainder': 'RemainderType.v_variant', 'useRecFormulas': 'True', 'beta': '3E-1'}",,{},20,1.25E-1,8.191875E3,1.1468825E5,8.09843539208352183966E3,1.1478168960791647816E5
example_series.csv#1,1.22880125E5,{},LevinLAlgorithmArb,8,"{'remainder': 'RemainderType.v_variant', 'useRecFormulas': 'True', 'beta': '3E-1'}",,{},21,1.25E-1,8.191875E3,1.1468825E5,8.09625655368974870831E3,1.1478386844631025129E5
example_series.csv#1,1.22880125E5,{},LevinLAlgorithmArb,8,"{'remainder': 'RemainderType.v_variant', 'useRecFormulas': 'True', 'beta': '3E-1'}",,{},22,1.25E-1,8.191875E3,1.1468825E5,8.09420661744789099373E3,1.14785918382552109005E5
example_series.csv#1,1.22880125E5,{},LevinLAlgorithmArb,8,"{'remainder': 'RemainderType.v_variant', 'useRecFormulas': 'True', 'beta': '3E-1'}",,{},23,1.25E-1,8.191875E3,1.1468825E5,8.0922755438126576217E3,1.14787849456187342378E5
example_series.csv#1,1.22880125E5,{},LevinLAlgorithmArb,8,"{'remainder': 'RemainderType.v_variant', 'useRecFormulas': 'True', 'beta': '3E-1'}",,{},24,1.25E-1,8.191875E3,1.1468825E5,8.09045415016498737437E3,1.14789670849835012624E5
example_series.csv#1,1.22880125E5,{},LevinLAlgorithmArb,8,"{'remainder': 'RemainderType.v_variant', 'useRecFormulas': 'True', 'beta': '3E-1'}",,{},25,1.25E-1,8.191875E3,1.1468825E5,8.0887340525743145127E3,1.14791390947425685487E5
example_series.csv#1,1.22880125E5,{},LevinLAlgorithmArb,8,"{'remainder': 'RemainderType.v_variant', 'useRecFormulas': 'True', 'beta': '3E-1'}",,{},26,1.25E-1,8.191875E3,1.1468825E5,8.08710760386277327296E3,1.14793017396137226727E5
example_series.csv#1,1.22880125E5,{},LevinLAlgorithmArb,8,"{'remainder': 'RemainderType.v_variant', 'useRecFormulas': 'True', 'beta': '3E-1'}",,{},27,1.25E-1,8.191875E3,1.1468825E5,8.08556783162137878215E3,1.14794557168378621216E5
example_series.csv#1,1.22880125E5,{},LevinLAlgorithmArb,8,"{'remainder': 'RemainderType.v_variant', 'useRecFormulas': 'True', 'beta': '3E-1'}",,{},28,1.25E-1,8.191875E3,1.1468825E5,8.08410837838194265095E3,1.14796016621618057349E5
example_series.csv#1,1.22880125E5,{},LevinLAlgorithmArb,8,"{'remainder': 'RemainderType.v_variant', 'useRecFormulas': 'True', 'beta': '3E-1'}",,{},29,1.25E-1,8.191875E3,1.1468825E5,8.08272344519622600558E3,1.14797401554803773993E5
example_series.csv#1,1.22880125E5,{},LevinLAlgorithmArb,8,"{'remainder': 'RemainderType.v_variant', 'useRecFormulas': 'True', 'beta': '3E-1'}",,{},30,1.25E-1,8.191875E3,1.1468825E5,8.08140773925387504758E3,1.14798717260746124952E5
example_series.csv#1,1.22880125E5,{},LevinLAlgorithmArb,8,"{'remainder': 'RemainderType.v_variant', 'useRecFormulas': 'True', 'beta': '3E-1'}",,{},31,1.25E-1,8.191875E3,1.1468825E5,8.08015642577358420545E3,1.14799968574226415793E5
example_series.csv#1,1.22880125E5,{},LevinLAlgorithmArb,8,"{'remainder': 'RemainderType.v_variant', 'useRecFormulas': 'True', 'beta': '3E-1'}",,{},32,1.25E-1,8.191875E3,1.1468825E5,8.07896508415371180328E3,1.14801159915846288196E5
example_series.csv#1,1.22880125E5,{},LevinLAlgorithmArb,8,"{'remainder': 'RemainderType.v_variant', 'useRecFormulas': 'True', 'beta': '3E-1'}",,{},33,1.25E-1,8.191875E3,1.1468825E5,8.0778296682192666642E3,1.14802295331780733334E5
example_series.csv#1,1.22880125E5,{},LevinLAlgorithmArb,8,"{'remainder': 'RemainderType.v_variant', 'useRecFormulas': 'True', 'beta': '3E-1'}",,{},34,1.25E-1,8.191875E3,1.1468825E5,8.07674647031807427011E3,1.14803378529681925729E5
example_series.csv#1,1.22880125E5,{},LevinLAlgorithmArb,8,"{'remainder': 'RemainderType.v_variant', 'useRecFormulas': 'True', 'beta': '3E-1'}",,{},35,1.25E-1,8.191875E3,1.1468825E5,8.07571208897729918899E3,1.14804412911022700809E5
example_series.csv#1,1.22880125E5,{},LevinLAlgorithmArb,8,"{'remainder': 'RemainderType.v_variant', 'useRecFormulas': 'True', 'beta': '3E-1'}",,{},36,1.25E-1,8.191875E3,1.1468825E5,8.07472339981707431622E3,1.14805401600182925683E5
example_series.csv#1,1.22880125E5,{},LevinLAlgorithmArb,8,"{'remainder': 'RemainderType.v_variant', 'useRecFormulas': 'True', 'beta': '3E-1'}",,{},37,1.25E-1,8.191875E3,1.1468825E5,8.07377752942053905399E3,1.14806347470579460944E5
example_series.csv#1,1.22880125E5,{},LevinLAlgorithmArb,8,"{'remainder': 'RemainderType.v_variant', 'useRecFormulas': 'True', 'beta': '3E-1'}",,{},38,1.25E-1,8.191875E3,1.1468825E5,8.07287183187230671427E3,1.14807253168127693284E5
example_series.csv#1,1.22880125E5,{},LevinLAlgorithmArb,8,"{'remainder': 'RemainderType.v_variant', 'useRecFormulas': 'True', 'beta': '3E-1'}",,{},39,1.25E-1,8.191875E3,1.1468825E5,8.07200386769576849274E3,1.14808121132304231506E5
example_series.csv#1,1.22880125E5,{},LevinLAlgorithmArb,8,"{'remainder': 'RemainderType.v_variant', 'useRecFormulas': 'True', 'beta': '3E-1'}",,{},40,1.25E-1,8.191875E3,1.1468825E5,8.0711713849407639317E3,1.14808953615059236068E5
example_series.csv#1,1.22880125E5,{},LevinLAlgorithmArb,8,"{'remainder': 'RemainderType.v_variant', 'useRecFormulas': 'True', 'beta': '3E-1'}",,{},41,1.25E-1,8.191875E3,1.1468825E5,8.07037230219512759357E3,1.14809752697804872406E5
example_series.csv#1,1.22880125E5,{},LevinLAlgorithmArb,8,"{'remainder': 'RemainderType.v_variant', 'useRecFormulas': 'True', 'beta': '3E-1'}",,{},42,1.25E-1,8.191875E3,1.1468825E5,8.06960469331528919764E3,1.14810520306684710801E5
example_series.csv#1,1.22880125E5,{},LevinLAlgorithmArb,8,"{'remainder': 'RemainderType.v_variant', 'useRecFormulas': 'True', 'beta': '3E-1'}",,{},43,1.25E-1,8.191875E3,1.1468825E5,8.06886677369176338892E3,1.1481125822630823661E5
example_series.csv#1,1.22880125E5,{},LevinLAlgorithmArb,8,"{'remainder': 'RemainderType.v_variant', 'useRecFormulas': 'True', 'beta': '3E-1'}",,{},44,1.25E-1,8.191875E3,1.1468825E5,8.06815688788463229705E3,1.14811968112115367703E5
example_series.csv#1,1.22880125E5,{},LevinLAlgorithmArb,8,"{'remainder': 'RemainderType.v_variant', 'useRecFormulas': 'True', 'beta': '3E-1'}",,{},45,1.25E-1,8.191875E3,1.1468825E5,8.06747349848182003612E3,1.14812651501518179963E5
example_series.csv#1,1.22880125E5,{},LevinLAlgorithmArb,8,"{'remainder': 'RemainderType.v_variant', 'useRecFormulas': 'True', 'beta': '3E-1'}",,{},46,1.25E-1,8.191875E3,1.1468825E5,8.06681517604903496371E3,1.14813309823950965036E5
example_series.csv#1,1.22880125E5,{},LevinLAlgorithmArb,8,"{'remainder': 'RemainderType.v_variant', 'useRecFormulas': 'True', 'beta': '3E-1'}",,{},47,1.25E-1,8.191875E3,1.1468825E5,8.06618059005474561315E3,1.14813944409945254387E5
example_series.csv#1,1.22880125E5,{},LevinLAlgorithmArb,8,"{'remainder': 'RemainderType.v_variant', 'useRecFormulas': 'True', 'beta': '3E-1'}",,{},48,1.25E-1,8.191875E3,1.1468825E5,8.06556850066654049094E3,1.14814556499333459508E5
example_series.csv#1,1.22880125E5,{},LevinLAlgorithmArb,8,"{'remainder': 'RemainderType.v_variant', 'useRecFormulas': 'True', 'beta': '3E-1'}",,{},49,1.25E-1,8.191875E3,1.1468825E5,8.06497775132680708962E3,1.1481514724867319291E5
example_series.csv#1,1.22880125E5,{},LevinLAlgorithmArb,8,"{'remainder': 'RemainderType.v_variant', 'useRecFormulas': 'True', 'beta': '4E-1'}",,{},1,2.048E3,6.144E3,1.16736125E5,8.17234185739532040465E3,1.14707783142604679595E5
example_series.csv#1,1.22880125E5,{},LevinLAlgorithmArb,8,"{'remainder': 'RemainderType.v_variant', 'useRecFormulas': 'True', 'beta': '4E-1'}",,{},2,1.024E3,7.168E3,1.15712125E5,8.16852517195868576668E3,1.14711599828041314232E5
example_series.csv#1,1.22880125E5,{},LevinLAlgorithmArb,8,"{'remainder': 'RemainderType.v_variant', 'useRecFormulas': 'True', 'beta': '4E-1'}",,{},3,5.12E2,7.68E3,1.15200125E5,8.16398502438290549385E3,1.14716139975617094505E5
example_series.csv#1,1.22880125E5,{},LevinLAlgorithmArb,8,"{'remainder': 'RemainderType.v_variant', 'useRecFormulas': 'True', 'beta': '4E-1'}",,{},4,2.56E2,7.936E3,1.14944125E5,8.15902129051130156128E3,1.14721103709488698437E5
example_series.csv#1,1.22880125E5,{},LevinLAlgorithmArb,8,"{'remainder': 'RemainderType.v_variant', 'useRecFormulas': 'True', 'beta': '4E-1'}",,{},5,1.28E2,8.064E3,1.14816125E5,8.15386770747894319888E3,1.147262572925210568E5
example_series.csv#1,1.22880125E5,{},LevinLAlgorithmArb,8,"{'remainder': 'RemainderType.v_variant', 'useRecFormulas': 'True', 'beta': '4E-1'}",,{},6,6.4E1,8.128E3,1.14752125E5,8.14869655298411602359E3,1.14731428447015883976E5
example_series.csv#1,1.22880125E5,{},LevinLAlgorithmArb,8,"{'remainder': 'RemainderType.v_variant', 'useRecFormulas': 'True', 'beta': '4E-1'}",,{},7,3.2E1,8.16E3,1.14720125E5,8.14362795988559039747E3,1.14736497040114409601E5
example_series.csv#1,1.22880125E5,{},LevinLAlgorithmArb,8,"{'remainder': 'RemainderType.v_variant', 'useRecFormulas': 'True', 'beta': '4E-1'}",,{},8,1.6E1,8.176E3,1.14704125E5,8.13874009041735938896E3,1.14741384909582640609E5
example_series.csv#1,1.22880125E5,{},LevinLAlgorithmArb,8,"{'remainder': 'RemainderType.v_variant', 'useRecFormulas': 'True', 'beta': '4E-1'}",,{},9,8E0,8.184E3,1.14696125E5,8.13407929396659714924E3,1.14746045706033402849E5
example_series.csv#1,1.22880125E5,{},LevinLAlgorithmArb,8,"{'remainder': 'RemainderType.v_variant', 'useRecFormulas': 'True', 'beta': '4E-1'}",,{},10,4E0,8.188E3,1.14692125E5,8.12966908598294243054E3,1.14750455914017057569E5
example_series.csv#1,1.22880125E5,{},LevinLAlgorithmArb,8,"{'remainder': 'RemainderType.v_variant', 'useRecFormulas': 'True', 'beta': '4E-1'}",,{},11,2E0,8.19E3,1.14690125E5,8.1255173574200648672E3,1.14754607642579935132E5
example_series.csv#1,1.22880125E5,{},LevinLAlgorithmArb,8,"{'remainder': 'RemainderType.v_variant', 'useRecFormulas': 'True', 'beta': '4E-1'}",,{},12,1E0,8.191E3,1.14689125E5,8.12162178515987348823E3,1.1475850321484012651E5
example_series.csv#1,1.22880125E5,{},LevinLAlgorithmArb,8,"{'remainder': 'RemainderType.v_variant', 'useRecFormulas': 'True', 'beta': '4E-1'}",,{},13,5E-1,8.1915E3,1.14688625E5,8.11797370384299418941E3,1.1476215129615700581E5
example_series.csv#1,1.22880125E5,{},LevinLAlgorithmArb,8,"{'remainder': 'RemainderType.v_variant', 'useRecFormulas': 'True', 'beta': '4E-1'}",,{},14,2.5E-1,8.19175E3,1.14688375E5,8.11456078076331114318E3,1.14765564219236688856E5
example_series.csv#1,1.22880125E5,{},LevinLAlgorithmArb,8,"{'remainder': 'RemainderType.v_variant', 'useRecFormulas': 'True', 'beta': '4E-1'}",,{},15,1.25E-1,8.191875E3,1.1468825E5,8.1113688114000632594E3,1.1476875618859993674E5
example_series.csv#1,1.22880125E5,{},LevinLAlgorithmArb,8,"{'remainder': 'RemainderType.v_variant', 'useRecFormulas': 'True', 'beta': '4E-1'}",,{},16,1.25E-1,8.191875E3,1.1468825E5,8.1083828923224413081E3,1.14771742107677558691E5
example_series.csv#1,1.22880125E5,{},LevinLAlgorithmArb,8,"{'remainder': 'RemainderType.v_variant', 'useRecFormulas': 'True', 'beta': '4E-1'}",,{},17,1.25E-1,8.191875E3,1.1468825E5,8.10558816432916493874E3,1.14774536835670835061E5
example_series.csv#1,1.22880125E5,{},LevinLAlgorithmArb,8,"{'remainder': 'RemainderType.v_variant', 'useRecFormulas': 'True', 'beta': '4E-1'}",,{},18,1.25E-1,8.191875E3,1.1468825E5,8.10297026458183055103E3,1.14777154735418169448E5
example_series.csv#1,1.22880125E5,{},LevinLAlgorithmArb,8,"{'remainder': 'RemainderType.v_variant', 'useRecFormulas': 'True', 'beta': '4E-1'}",,{},19,1.25E-1,8.191875E3,1.1468825E5,8.10051558489276961949E3,1.14779609415107230379E5
example_series.csv#1,1.22880125E5,{},LevinLAlgorithmArb,8,"{'remainder': 'RemainderType.v_variant', 'useRecFormulas': 'True', 'beta': '4E-1'}",,{},20,1.25E-1,8.191875E3,1.1468825E5,8.09821140298428557302E3,1.14781913597015714425E5
example_series.csv#1,1.22880125E5,{},LevinLAlgorithmArb,8,"{'remainder': 'RemainderType.v_variant', 'useRecFormulas': 'True', 'beta': '4E-1'}",,{},21,1.25E-1,8.191875E3,1.1468825E5,8.09604593208065482032E3,1.14784079067919345178E5
example_series.csv#1,1.22880125E5,{},LevinLAlgorithmArb,8,"{'remainder': 'RemainderType.v_variant', 'useRecFormulas': 'True', 'beta': '4E-1'}",,{},22,1.25E-1,8.191875E3,1.1468825E5,8.09400831931487137954E3,1.1478611668068512862E5
example_series.csv#1,1.22880125E5,{},LevinLAlgorithmArb,8,"{'remainder': 'RemainderType.v_variant', 'useRecFormulas': 'True', 'beta': '4E-1'}",,{},23,1.25E-1,8.191875E3,1.1468825E5,8.09208861324184878494E3,1.14788036386758151214E5
example_series.csv#1,1.22880125E5,{},LevinLAlgorithmArb,8,"{'remainder': 'RemainderType.v_variant', 'useRecFormulas': 'True', 'beta': '4E-1'}",,{},24,1.25E-1,8.191875E3,1.1468825E5,8.09027771383017326628E3,1.14789847286169826733E5
example_series.csv#1,1.22880125E5,{},LevinLAlgorithmArb,8,"{'remainder': 'RemainderType.v_variant', 'useRecFormulas': 'True', 'beta': '4E-1'}",,{},25,1.25E-1,8.191875E3,1.1468825E5,8.08856731363533322023E3,1.14791557686364666778E5
example_series.csv#1,1.22880125E5,{},LevinLAlgorithmArb,8,"{'remainder': 'RemainderType.v_variant', 'useRecFormulas': 'True', 'beta': '4E-1'}",,{},26,1.25E-1,8.191875E3,1.1468825E5,8.08694983572354037237E3,1.14793175164276459626E5
example_series.csv#1,1.22880125E5,{},LevinLAlgorithmArb,8,"{'remainder': 'RemainderType.v_variant', 'useRecFormulas': 'True', 'beta': '4E-1'}",,{},27,1.25E-1,8.191875E3,1.1468825E5,8.08541837182326503816E3,1.14794706628176734962E5
example_series.csv#1,1.22880125E5,{},LevinLAlgorithmArb,8,"{'remainder': 'RemainderType.v_variant', 'useRecFormulas': 'True', 'beta': '4E-1'}",,{},28,1.25E-1,8.191875E3,1.1468825E5,8.08396662279396216455E3,1.14796158377206037835E5
example_series.csv#1,1.22880125E5,{},LevinLAlgorithmArb,8,"{'remainder': 'RemainderType.v_variant', 'useRecFormulas': 'True', 'beta': '4E-1'}",,{},29,1.25E-1,8.191875E3,1.1468825E5,8.08258884258869154998E3,1.1479753615741130845E5
example_series.csv#1,1.22880125E5,{},LevinLAlgorithmArb,8,"{'remainder': 'RemainderType.v_variant', 'useRecFormulas': 'True', 'beta': '4E-1'}",,{},30,1.25E-1,8.191875E3,1.1468825E5,8.08127978629389245376E3,1.14798845213706107545E5
example_series.csv#1,1.22880125E5,{},LevinLAlgorithmArb,8,"{'remainder': 'RemainderType.v_variant', 'useRecFormulas': 'True', 'beta': '4E-1'}",,{},31,1.25E-1,8.191875E3,1.1468825E5,8.0800346624502182419E3,1.14800090337549781758E5
example_series.csv#1,1.22880125E5,{},LevinLAlgorithmArb,8,"{'remainder': 'RemainderType.v_variant', 'useRecFormulas': 'True', 'beta': '4E-1'}",,{},32,1.25E-1,8.191875E3,1.1468825E5,8.07884908962193731185E3,1.14801275910378062687E5
example_series.csv#1,1.22880125E5,{},LevinLAlgorithmArb,8,"{'remainder': 'RemainderType.v_variant', 'useRecFormulas': 'True', 'beta': '4E-1'}",,{},33,1.25E-1,8.191875E3,1.1468825E5,8.07771905704092100802E3,1.1480240594295907899E5
example_series.csv#1,1.22880125E5,{},LevinLAlgorithmArb,8,"{'remainder': 'RemainderType.v_variant', 'useRecFormulas': 'True', 'beta': '4E-1'}",,{},34,1.25E-1,8.191875E3,1.1468825E5,8.07664088907225338612E3,1.14803484110927746614E5
example_series.csv#1,1.22880125E5,{},LevinLAlgorithmArb,8,"{'remainder': 'RemainderType.v_variant', 'useRecFormulas': 'True', 'beta': '4E-1'}",,{},35,1.25E-1,8.191875E3,1.1468825E5,8.07561121321017457805E3,1.14804513786789825422E5
example_series.csv#1,1.22880125E5,{},LevinLAlgorithmArb,8,"{'remainder': 'RemainderType.v_variant', 'useRecFormulas': 'True', 'beta': '4E-1'}",,{},36,1.25E-1,8.191875E3,1.1468825E5,8.07462693130073430428E3,1.14805498068699265695E5
example_series.csv#1,1.22880125E5,{},LevinLAlgorithmArb,8,"{'remainder': 'RemainderType.v_variant', 'useRecFormulas': 'True', 'beta': '4E-1'}",,{},37,1.25E-1,8.191875E3,1.1468825E5,8.07368519369136138819E3,1.14806439806308638611E5
example_series.csv#1,1.22880125E5,{},LevinLAlgorithmArb,8,"{'remainder': 'RemainderType.v_variant', 'useRecFormulas': 'True', 'beta': '4E-1'}",,{},38,1.25E-1,8.191875E3,1.1468825E5,8.07278337602101183193E3,1.14807341623978988168E5
example_series.csv#1,1.22880125E5,{},LevinLAlgorithmArb,8,"{'remainder': 'RemainderType.v_variant', 'useRecFormulas': 'True', 'beta': '4E-1'}",,{},39,1.25E-1,8.191875E3,1.1468825E5,8.07191905838332986414E3,1.14808205941616670135E5
example_series.csv#1,1.22880125E5,{},LevinLAlgorithmArb,8,"{'remainder': 'RemainderType.v_variant', 'useRecFormulas': 'True', 'beta': '4E-1'}",,{},40,1.25E-1,8.191875E3,1.1468825E5,8.07109000661653521441E3,1.14809034993383464784E5
example_series.csv#1,1.22880125E5,{},LevinLAlgorithmArb,8,"{'remainder': 'RemainderType.v_variant', 'useRecFormulas': 'True', 'beta': '4E-1'}",,{},41,1.25E-1,8.191875E3,1.1468825E5,8.07029415549574171118E3,1.14809830844504258287E5
example_series.csv#1,1.22880125E5,{},LevinLAlgorithmArb,8,"{'remainder': 'RemainderType.v_variant', 'useRecFormulas': 'True', 'beta': '4E-1'}",,{},42,1.25E-1,8.191875E3,1.1468825E5,8.06952959362500408632E3,1.14810595406374995913E5
example_series.csv#1,1.22880125E5,{},LevinLAlgorithmArb,8,"{'remainder': 'RemainderType.v_variant', 'useRecFormulas': 'True', 'beta': '4E-1'}",,{},43,1.25E-1,8.191875E3,1.1468825E5,8.06879454984692276003E3,1.1481133045015307724E5
example_series.csv#1,1.22880125E5,{},LevinLAlgorithmArb,8,"{'remainder': 'RemainderType.v_variant', 'useRecFormulas': 'True', 'beta': '4E-1'}",,{},44,1.25E-1,8.191875E3,1.1468825E5,8.06808738100675168139E3,1.14812037618993248317E5
example_series.csv#1,1.22880125E5,{},LevinLAlgorithmArb,8,"{'remainder': 'RemainderType.v_variant', 'useRecFormulas': 'True', 'beta': '4E-1'}",,{},45,1.25E-1,8.191875E3,1.1468825E5,8.06740656092548887984E3,1.14812718439074511119E5
example_series.csv#1,1.22880125E5,{},LevinLAlgorithmArb,8,"{'remainder': 'RemainderType.v_variant', 'useRecFormulas': 'True', 'beta': '4E-1'}",,{},46,1.25E-1,8.191875E3,1.1468825E5,8.06675067045234490467E3,1.14813374329547655094E5
example_series.csv#1,1.22880125E5,{},LevinLAlgorithmArb,8,"{'remainder': 'RemainderType.v_variant', 'useRecFormulas': 'True', 'beta': '4E-1'}",,{},47,1.25E-1,8.191875E3,1.1468825E5,8.06611838848131964371E3,1.14814006611518680355E5
example_series.csv#1,1.22880125E5,{},LevinLAlgorithmArb,8,"{'remainder': 'RemainderType.v_variant', 'useRecFormulas': 'True', 'beta': '4E-1'}",,{},48,1.25E-1,8.191875E3,1.1468825E5,8.06550848382945728967E3,1.1481461651617054271E5
example_series.csv#1,1.22880125E5,{},LevinLAlgorithmArb,8,"{'remainder': 'RemainderType.v_variant', 'useRecFormulas': 'True', 'beta': '4E-1'}",,{},49,1.25E-1,8.191875E3,1.1468825E5,8.0649198078858008821E3,1.14815205192114199117E5
example_series.csv#1,1.22880125E5,{},LevinLAlgorithmArb,8,"{'remainder': 'RemainderType.v_variant', 'useRecFormulas': 'True', 'beta': '5E-1'}",,{},1,2.048E3,6.144E3,1.16736125E5,8.17200221828989939401E3,1.14708122781710100606E5
example_series.csv#1,1.22880125E5,{},LevinLAlgorithmArb,8,"{'remainder': 'RemainderType.v_variant', 'useRecFormulas': 'True', 'beta': '5E-1'}",,{},2,1.024E3,7.168E3,1.15712125E5,8.16809828325268407558E3,1.14712026716747315924E5
example_series.csv#1,1.22880125E5,{},LevinLAlgorithmArb,8,"{'remainder': 'RemainderType.v_variant', 'useRecFormulas': 'True', 'beta': '5E-1'}",,{},3,5.12E2,7.68E3,1.15200125E5,8.16350333422005473749E3,1.14716621665779945261E5
example_series.csv#1,1.22880125E5,{},LevinLAlgorithmArb,8,"{'remainder': 'RemainderType.v_variant', 'useRecFormulas': 'True', 'beta': '5E-1'}",,{},4,2.56E2,7.936E3,1.14944125E5,8.15851118035107306933E3,1.14721613819648926929E5
example_series.csv#1,1.22880125E5,{},LevinLAlgorithmArb,8,"{'remainder': 'RemainderType.v_variant', 'useRecFormulas': 'True', 'beta': '5E-1'}",,{},5,1.28E2,8.064E3,1.14816125E5,8.15334902422759616594E3,1.14726775975772403834E5
example_series.csv#1,1.22880125E5,{},LevinLAlgorithmArb,8,"{'remainder': 'RemainderType.v_variant', 'useRecFormulas': 'True', 'beta': '5E-1'}",,{},6,6.4E1,8.128E3,1.14752125E5,8.14818349419685710313E3,1.14731941505803142896E5
example_series.csv#1,1.22880125E5,{},LevinLAlgorithmArb,8,"{'remainder': 'RemainderType.v_variant', 'useRecFormulas': 'True', 'beta': '5E-1'}",,{},7,3.2E1,8.16E3,1.14720125E5,8.14313005836436400536E3,1.14736994941635635993E5
example_series.csv#1,1.22880125E5,{},LevinLAlgorithmArb,8,"{'remainder': 'RemainderType.v_variant', 'useRecFormulas': 'True', 'beta': '5E-1'}",,{},8,1.6E1,8.176E3,1.14704125E5,8.13826325223945399867E3,1.14741861747760546001E5
example_series.csv#1,1.22880125E5,{},LevinLAlgorithmArb,8,"{'remainder': 'RemainderType.v_variant', 'useRecFormulas': 'True', 'beta': '5E-1'}",,{},9,8E0,8.184E3,1.14696125E5,8.13362676457613773881E3,1.14746498235423862261E5
example_series.csv#1,1.22880125E5,{},LevinLAlgorithmArb,8,"{'remainder': 'RemainderType.v_variant', 'useRecFormulas': 'True', 'beta': '5E-1'}",,{},10,4E0,8.188E3,1.14692125E5,8.12924225478809704839E3,1.14750882745211902951E5
example_series.csv#1,1.22880125E5,{},LevinLAlgorithmArb,8,"{'remainder': 'RemainderType.v_variant', 'useRecFormulas': 'True', 'beta': '5E-1'}",,{},11,2E0,8.19E3,1.14690125E5,8.12511637689940036385E3,1.14755008623100599636E5
example_series.csv#1,1.22880125E5,{},LevinLAlgorithmArb,8,"{'remainder': 'RemainderType.v_variant', 'useRecFormulas': 'True', 'beta': '5E-1'}",,{},12,1E0,8.191E3,1.14689125E5,8.12124602178820917156E3,1.14758878978211790828E5
example_series.csv#1,1.22880125E5,{},LevinLAlgorithmArb,8,"{'remainder': 'RemainderType.v_variant', 'useRecFormulas': 'True', 'beta': '5E-1'}",,{},13,5E-1,8.1915E3,1.14688625E5,8.1176220538133358815E3,1.14762502946186664118E5
example_series.csv#1,1.22880125E5,{},LevinLAlgorithmArb,8,"{'remainder': 'RemainderType.v_variant', 'useRecFormulas': 'True', 'beta': '5E-1'}",,{},14,2.5E-1,8.19175E3,1.14688375E5,8.11423188435424805134E3,1.14765893115645751947E5
example_series.csv#1,1.22880125E5,{},LevinLAlgorithmArb,8,"{'remainder': 'RemainderType.v_variant', 'useRecFormulas': 'True', 'beta': '5E-1'}",,{},15,1.25E-1,8.191875E3,1.1468825E5,8.11106119462340335649E3,1.14769063805376596643E5
example_series.csv#1,1.22880125E5,{},LevinLAlgorithmArb,8,"{'remainder': 'RemainderType.v_variant', 'useRecFormulas': 'True', 'beta': '5E-1'}",,{},16,1.25E-1,8.191875E3,1.1468825E5,8.10809505790410572928E3,1.14772029942095894269E5
example_series.csv#1,1.22880125E5,{},LevinLAlgorithmArb,8,"{'remainder': 'RemainderType.v_variant', 'useRecFormulas': 'True', 'beta': '5E-1'}",,{},17,1.25E-1,8.191875E3,1.1468825E5,8.10531864812907528894E3,1.14774806351870924709E5
example_series.csv#1,1.22880125E5,{},LevinLAlgorithmArb,8,"{'remainder': 'RemainderType.v_variant', 'useRecFormulas': 'True', 'beta': '5E-1'}",,{},18,1.25E-1,8.191875E3,1.1468825E5,8.10271766883865443042E3,1.14777407331161345569E5
example_series.csv#1,1.22880125E5,{},LevinLAlgorithmArb,8,"{'remainder': 'RemainderType.v_variant', 'useRecFormulas': 'True', 'beta': '5E-1'}",,{},19,1.25E-1,8.191875E3,1.1468825E5,8.10027859617459035285E3,1.14779846403825409646E5
example_series.csv#1,1.22880125E5,{},LevinLAlgorithmArb,8,"{'remainder': 'RemainderType.v_variant', 'useRecFormulas': 'True', 'beta': '5E-1'}",,{},20,1.25E-1,8.191875E3,1.1468825E5,8.09798880022135210654E3,1.14782136199778647893E5
example_series.csv#1,1.22880125E5,{},LevinLAlgorithmArb,8,"{'remainder': 'RemainderType.v_variant', 'useRecFormulas': 'True', 'beta': '5E-1'}",,{},21,1.25E-1,8.191875E3,1.1468825E5,8.09583658830742383941E3,1.14784288411692576159E5
example_series.csv#1,1.22880125E5,{},LevinLAlgorithmArb,8,"{'remainder': 'RemainderType.v_variant', 'useRecFormulas': 'True', 'beta': '5E-1'}",,{},22,1.25E-1,8.191875E3,1.1468825E5,8.09381119954544917674E3,1.14786313800454550822E5
example_series.csv#1,1.22880125E5,{},LevinLAlgorithmArb,8,"{'remainder': 'RemainderType.v_variant', 'useRecFormulas': 'True', 'beta': '5E-1'}",,{},23,1.25E-1,8.191875E3,1.1468825E5,8.09190277008344850531E3,1.14788222229916551493E5
example_series.csv#1,1.22880125E5,{},LevinLAlgorithmArb,8,"{'remainder': 'RemainderType.v_variant', 'useRecFormulas': 'True', 'beta': '5E-1'}",,{},24,1.25E-1,8.191875E3,1.1468825E5,8.09010228188490489681E3,1.14790022718115095103E5
example_series.csv#1,1.22880125E5,{},LevinLAlgorithmArb,8,"{'remainder': 'RemainderType.v_variant', 'useRecFormulas': 'True', 'beta': '5E-1'}",,{},25,1.25E-1,8.191875E3,1.1468825E5,8.0884015033678058954E3,1.14791723496632194104E5
example_series.csv#1,1.22880125E5,{},LevinLAlgorithmArb,8,"{'remainder': 'RemainderType.v_variant', 'useRecFormulas': 'True', 'beta': '5E-1'}",,{},26,1.25E-1,8.191875E3,1.1468825E5,8.08679292722228308545E3,1.14793332072777716914E5
example_series.csv#1,1.22880125E5,{},LevinLAlgorithmArb,8,"{'remainder': 'RemainderType.v_variant', 'useRecFormulas': 'True', 'beta': '5E-1'}",,{},27,1.25E-1,8.191875E3,1.1468825E5,8.08526970871801262649E3,1.14794855291281987372E5
example_series.csv#1,1.22880125E5,{},LevinLAlgorithmArb,8,"{'remainder': 'RemainderType.v_variant', 'useRecFormulas': 'True', 'beta': '5E-1'}",,{},28,1.25E-1,8.191875E3,1.1468825E5,8.08382560648126072014E3,1.14796299393518739278E5
example_series.csv#1,1.22880125E5,{},LevinLAlgorithmArb,8,"{'remainder': 'RemainderType.v_variant', 'useRecFormulas': 'True', 'beta': '5E-1'}",,{},29,1.25E-1,8.191875E3,1.1468825E5,8.08245492684663065052E3,1.14797670073153369349E5
example_series.csv#1,1.22880125E5,{},LevinLAlgorithmArb,8,"{'remainder': 'RemainderType.v_variant', 'useRecFormulas': 'True', 'beta': '5E-1'}",,{},30,1.25E-1,8.191875E3,1.1468825E5,8.08115247232060003546E3,1.14798972527679399964E5
example_series.csv#1,1.22880125E5,{},LevinLAlgorithmArb,8,"{'remainder': 'RemainderType.v_variant', 'useRecFormulas': 'True', 'beta': '5E-1'}",,{},31,1.25E-1,8.191875E3,1.1468825E5,8.07991349433162539669E3,1.14800211505668374603E5
example_series.csv#1,1.22880125E5,{},LevinLAlgorithmArb,8,"{'remainder': 'RemainderType.v_variant', 'useRecFormulas': 'True', 'beta': '5E-1'}",,{},32,1.25E-1,8.191875E3,1.1468825E5,8.0787336502165381194E3,1.1480139134978346188E5
example_series.csv#1,1.22880125E5,{},LevinLAlgorithmArb,8,"{'remainder': 'RemainderType.v_variant', 'useRecFormulas': 'True', 'beta': '5E-1'}",,{},33,1.25E-1,8.191875E3,1.1468825E5,8.07760896425897124822E3,1.1480251603574102875E5
example_series.csv#1,1.22880125E5,{},LevinLAlgorithmArb,8,"{'remainder': 'RemainderType.v_variant', 'useRecFormulas': 'True', 'beta': '5E-1'}",,{},34,1.25E-1,8.191875E3,1.1468825E5,8.07653579252147905304E3,1.14803589207478520946E5
example_series.csv#1,1.22880125E5,{},LevinLAlgorithmArb,8,"{'remainder': 'RemainderType.v_variant', 'useRecFormulas': 'True', 'beta': '5E-1'}",,{},35,1.25E-1,8.191875E3,1.1468825E5,8.075510791177852113E3,1.14804614208822147887E5
example_series.csv#1,1.22880125E5,{},LevinLAlgorithmArb,8,"{'remainder': 'RemainderType.v_variant', 'useRecFormulas': 'True', 'beta': '5E-1'}",,{},36,1.25E-1,8.191875E3,1.1468825E5,8.07453088804178945447E3,1.14805594111958210544E5
example_series.csv#1,1.22880125E5,{},LevinLAlgorithmArb,8,"{'remainder': 'RemainderType.v_variant', 'useRecFormulas': 'True', 'beta': '5E-1'}",,{},37,1.25E-1,8.191875E3,1.1468825E5,8.07359325699313180252E3,1.14806531743006868197E5
example_series.csv#1,1.22880125E5,{},LevinLAlgorithmArb,8,"{'remainder': 'RemainderType.v_variant', 'useRecFormulas': 'True', 'beta': '5E-1'}",,{},38,1.25E-1,8.191875E3,1.1468825E5,8.07269529501701271259E3,1.14807429704982987287E5
example_series.csv#1,1.22880125E5,{},LevinLAlgorithmArb,8,"{'remainder': 'RemainderType.v_variant', 'useRecFormulas': 'True', 'beta': '5E-1'}",,{},39,1.25E-1,8.191875E3,1.1468825E5,8.07183460159041331108E3,1.14808290398409586687E5
example_series.csv#1,1.22880125E5,{},LevinLAlgorithmArb,8,"{'remainder': 'RemainderType.v_variant', 'useRecFormulas': 'True', 'beta': '5E-1'}",,{},40,1.25E-1,8.191875E3,1.1468825E5,8.07100896017202380924E3,1.1480911603982797619E5
example_series.csv#1,1.22880125E5,{},LevinLAlgorithmArb,8,"{'remainder': 'RemainderType.v_variant', 'useRecFormulas': 'True', 'beta': '5E-1'}",,{},41,1.25E-1,8.191875E3,1.1468825E5,8.07021632157330790119E3,1.14809908678426692098E5
example_series.csv#1,1.22880125E5,{},LevinLAlgorithmArb,8,"{'remainder': 'RemainderType.v_variant', 'useRecFormulas': 'True', 'beta': '5E-1'}",,{},42,1.25E-1,8.191875E3,1.1468825E5,8.06945478901017572426E3,1.14810670210989824274E5
example_series.csv#1,1.22880125E5,{},LevinLAlgorithmArb,8,"{'remainder': 'RemainderType.v_variant', 'useRecFormulas': 'True', 'beta': '5E-1'}",,{},43,1.25E-1,8.191875E3,1.1468825E5,8.06872260465507442725E3,1.14811402395344925571E5
example_series.csv#1,1.22880125E5,{},LevinLAlgorithmArb,8,"{'remainder': 'RemainderType.v_variant', 'useRecFormulas': 'True', 'beta': '5E-1'}",,{},44,1.25E-1,8.191875E3,1.1468825E5,8.06801813752826743414E3,1.14812106862471732565E5
example_series.csv#1,1.22880125E5,{},LevinLAlgorithmArb,8,"{'remainder': 'RemainderType.v_variant', 'useRecFormulas': 'True', 'beta': '5E-1'}",,{},45,1.25E-1,8.191875E3,1.1468825E5,8.06733987258444630685E3,1.14812785127415553692E5
example_series.csv#1,1.22880125E5,{},LevinLAlgorithmArb,8,"{'remainder': 'RemainderType.v_variant', 'useRecFormulas': 'True', 'beta': '5E-1'}",,{},46,1.25E-1,8.191875E3,1.1468825E5,8.06668640086657390719E3,1.14813438599133426091E5
example_series.csv#1,1.22880125E5,{},LevinLAlgorithmArb,8,"{'remainder': 'RemainderType.v_variant', 'useRecFormulas': 'True', 'beta': '5E-1'}",,{},47,1.25E-1,8.191875E3,1.1468825E5,8.0660564106130389452E3,1.14814068589386961054E5
example_series.csv#1,1.22880125E5,{},LevinLAlgorithmArb,8,"{'remainder': 'RemainderType.v_variant', 'useRecFormulas': 'True', 'beta': '5E-1'}",,{},48,1.25E-1,8.191875E3,1.1468825E5,8.06544867921689737569E3,1.14814676320783102624E5
example_series.csv#1,1.22880125E5,{},LevinLAlgorithmArb,8,"{'remainder': 'RemainderType.v_variant', 'useRecFormulas': 'True', 'beta': '5E-1'}",,{},49,1.25E-1,8.191875E3,1.1468825E5,8.06486206594729546001E3,1.14815262934052704538E5
example_series.csv#1,1.22880125E5,{},LevinLAlgorithmArb,8,"{'remainder': 'RemainderType.v_variant', 'useRecFormulas': 'True', 'beta': '6E-1'}",,{},1,2.048E3,6.144E3,1.16736125E5,8.17165239244888507291E3,1.14708472607551114927E5
example_series.csv#1,1.22880125E5,{},LevinLAlgorithmArb,8,"{'remainder': 'RemainderType.v_variant', 'useRecFormulas': 'True', 'beta': '6E-1'}",,{},2,1.024E3,7.168E3,1.15712125E5,8.16766452742392859773E3,1.14712460472576071401E5
example_series.csv#1,1.22880125E5,{},LevinLAlgorithmArb,8,"{'remainder': 'RemainderType.v_variant', 'useRecFormulas': 'True', 'beta': '6E-1'}",,{},3,5.12E2,7.68E3,1.15200125E5,8.16301772916134004817E3,1.14717107270838659951E5
example_series.csv#1,1.22880125E5,{},LevinLAlgorithmArb,8,"{'remainder': 'RemainderType.v_variant', 'useRecFormulas': 'True', 'beta': '6E-1'}",,{},4,2.56E2,7.936E3,1.14944125E5,8.15799942020917881022E3,1.14722125579790821189E5
example_series.csv#1,1.22880125E5,{},LevinLAlgorithmArb,8,"{'remainder': 'RemainderType.v_variant', 'useRecFormulas': 'True', 'beta': '6E-1'}",,{},5,1.28E2,8.064E3,1.14816125E5,8.15283034956660711486E3,1.14727294650433392884E5
example_series.csv#1,1.22880125E5,{},LevinLAlgorithmArb,8,"{'remainder': 'RemainderType.v_variant', 'useRecFormulas': 'True', 'beta': '6E-1'}",,{},6,6.4E1,8.128E3,1.14752125E5,8.14767159010424687443E3,1.14732453409895753125E5
example_series.csv#1,1.22880125E5,{},LevinLAlgorithmArb,8,"{'remainder': 'RemainderType.v_variant', 'useRecFormulas': 'True', 'beta': '6E-1'}",,{},7,3.2E1,8.16E3,1.14720125E5,8.1426340484362246383E3,1.1473749095156377536E5
example_series.csv#1,1.22880125E5,{},LevinLAlgorithmArb,8,"{'remainder': 'RemainderType.v_variant', 'useRecFormulas': 'True', 'beta': '6E-1'}",,{},8,1.6E1,8.176E3,1.14704125E5,8.13778873521382103009E3,1.14742336264786178968E5
example_series.csv#1,1.22880125E5,{},LevinLAlgorithmArb,8,"{'remainder': 'RemainderType.v_variant', 'useRecFormulas': 'True', 'beta': '6E-1'}",,{},9,8E0,8.184E3,1.14696125E5,8.13317676714408695529E3,1.14746948232855913043E5
example_series.csv#1,1.22880125E5,{},LevinLAlgorithmArb,8,"{'remainder': 'RemainderType.v_variant', 'useRecFormulas': 'True', 'beta': '6E-1'}",,{},10,4E0,8.188E3,1.14692125E5,8.12881801780080527164E3,1.14751306982199194727E5
example_series.csv#1,1.22880125E5,{},LevinLAlgorithmArb,8,"{'remainder': 'RemainderType.v_variant', 'useRecFormulas': 'True', 'beta': '6E-1'}",,{},11,2E0,8.19E3,1.14690125E5,8.12471795645149614292E3,1.14755407043548503856E5
example_series.csv#1,1.22880125E5,{},LevinLAlgorithmArb,8,"{'remainder': 'RemainderType.v_variant', 'useRecFormulas': 'True', 'beta': '6E-1'}",,{},12,1E0,8.191E3,1.14689125E5,8.12087272504445331111E3,1.14759252274955546687E5
example_series.csv#1,1.22880125E5,{},LevinLAlgorithmArb,8,"{'remainder': 'RemainderType.v_variant', 'useRecFormulas': 'True', 'beta': '6E-1'}",,{},13,5E-1,8.1915E3,1.14688625E5,8.11727274313146870857E3,1.14762852256868531291E5
example_series.csv#1,1.22880125E5,{},LevinLAlgorithmArb,8,"{'remainder': 'RemainderType.v_variant', 'useRecFormulas': 'True', 'beta': '6E-1'}",,{},14,2.5E-1,8.19175E3,1.14688375E5,8.11390518319955512607E3,1.14766219816800444872E5
example_series.csv#1,1.22880125E5,{},LevinLAlgorithmArb,8,"{'remainder': 'RemainderType.v_variant', 'useRecFormulas': 'True', 'beta': '6E-1'}",,{},15,1.25E-1,8.191875E3,1.1468825E5,8.11075562326384720085E3,1.14769369376736152799E5
example_series.csv#1,1.22880125E5,{},LevinLAlgorithmArb,8,"{'remainder': 'RemainderType.v_variant', 'useRecFormulas': 'True', 'beta': '6E-1'}",,{},16,1.25E-1,8.191875E3,1.1468825E5,8.10780912029839045049E3,1.14772315879701609548E5
example_series.csv#1,1.22880125E5,{},LevinLAlgorithmArb,8,"{'remainder': 'RemainderType.v_variant', 'useRecFormulas': 'True', 'beta': '6E-1'}",,{},17,1.25E-1,8.191875E3,1.1468825E5,8.10505088558344460059E3,1.14775074114416555398E5
example_series.csv#1,1.22880125E5,{},LevinLAlgorithmArb,8,"{'remainder': 'RemainderType.v_variant', 'useRecFormulas': 'True', 'beta': '6E-1'}",,{},18,1.25E-1,8.191875E3,1.1468825E5,8.10246669141592292354E3,1.14777658308584077075E5
example_series.csv#1,1.22880125E5,{},LevinLAlgorithmArb,8,"{'remainder': 'RemainderType.v_variant', 'useRecFormulas': 'True', 'beta': '6E-1'}",,{},19,1.25E-1,8.191875E3,1.1468825E5,8.10004309944511120755E3,1.14780081900554888791E5
example_series.csv#1,1.22880125E5,{},LevinLAlgorithmArb,8,"{'remainder': 'RemainderType.v_variant', 'useRecFormulas': 'True', 'beta': '6E-1'}",,{},20,1.25E-1,8.191875E3,1.1468825E5,8.0977675725269902707E3,1.14782357427473009729E5
example_series.csv#1,1.22880125E5,{},LevinLAlgorithmArb,8,"{'remainder': 'RemainderType.v_variant', 'useRecFormulas': 'True', 'beta': '6E-1'}",,{},21,1.25E-1,8.191875E3,1.1468825E5,8.09562851202392785515E3,1.14784496487976072145E5
example_series.csv#1,1.22880125E5,{},LevinLAlgorithmArb,8,"{'remainder': 'RemainderType.v_variant', 'useRecFormulas': 'True', 'beta': '6E-1'}",,{},22,1.25E-1,8.191875E3,1.1468825E5,8.09361524867038725938E3,1.14786509751329612739E5
example_series.csv#1,1.22880125E5,{},LevinLAlgorithmArb,8,"{'remainder': 'RemainderType.v_variant', 'useRecFormulas': 'True', 'beta': '6E-1'}",,{},23,1.25E-1,8.191875E3,1.1468825E5,8.09171800568858264132E3,1.14788406994311417358E5
example_series.csv#1,1.22880125E5,{},LevinLAlgorithmArb,8,"{'remainder': 'RemainderType.v_variant', 'useRecFormulas': 'True', 'beta': '6E-1'}",,{},24,1.25E-1,8.191875E3,1.1468825E5,8.08992784643900297197E3,1.14790197153560997028E5
example_series.csv#1,1.22880125E5,{},LevinLAlgorithmArb,8,"{'remainder': 'RemainderType.v_variant', 'useRecFormulas': 'True', 'beta': '6E-1'}",,{},25,1.25E-1,8.191875E3,1.1468825E5,8.08823661457765214477E3,1.14791888385422347854E5
example_series.csv#1,1.22880125E5,{},LevinLAlgorithmArb,8,"{'remainder': 'RemainderType.v_variant', 'useRecFormulas': 'True', 'beta': '6E-1'}",,{},26,1.25E-1,8.191875E3,1.1468825E5,8.08663687180007106619E3,1.14793488128199928933E5
example_series.csv#1,1.22880125E5,{},LevinLAlgorithmArb,8,"{'remainder': 'RemainderType.v_variant', 'useRecFormulas': 'True', 'beta': '6E-1'}",,{},27,1.25E-1,8.191875E3,1.1468825E5,8.08512183632403336264E3,1.14795003163675966637E5
example_series.csv#1,1.22880125E5,{},LevinLAlgorithmArb,8,"{'remainder': 'RemainderType.v_variant', 'useRecFormulas': 'True', 'beta': '6E-1'}",,{},28,1.25E-1,8.191875E3,1.1468825E5,8.08368532398571286506E3,1.14796439676014287134E5
example_series.csv#1,1.22880125E5,{},LevinLAlgorithmArb,8,"{'remainder': 'RemainderType.v_variant', 'useRecFormulas': 'True', 'beta': '6E-1'}",,{},29,1.25E-1,8.191875E3,1.1468825E5,8.08232169298576220542E3,1.14797803307014237793E5
example_series.csv#1,1.22880125E5,{},LevinLAlgorithmArb,8,"{'remainder': 'RemainderType.v_variant', 'useRecFormulas': 'True', 'beta': '6E-1'}",,{},30,1.25E-1,8.191875E3,1.1468825E5,8.08102579277824961775E3,1.14799099207221750381E5
example_series.csv#1,1.22880125E5,{},LevinLAlgorithmArb,8,"{'remainder': 'RemainderType.v_variant', 'useRecFormulas': 'True', 'beta': '6E-1'}",,{},31,1.25E-1,8.191875E3,1.1468825E5,8.07979291724945715322E3,1.14800332082750542845E5
example_series.csv#1,1.22880125E5,{},LevinLAlgorithmArb,8,"{'remainder': 'RemainderType.v_variant', 'useRecFormulas': 'True', 'beta': '6E-1'}",,{},32,1.25E-1,8.191875E3,1.1468825E5,8.07861876211938073352E3,1.14801506237880619266E5
example_series.csv#1,1.22880125E5,{},LevinLAlgorithmArb,8,"{'remainder': 'RemainderType.v_variant', 'useRecFormulas': 'True', 'beta': '6E-1'}",,{},33,1.25E-1,8.191875E3,1.1468825E5,8.07749938637198107771E3,1.14802625613628018922E5
example_series.csv#1,1.22880125E5,{},LevinLAlgorithmArb,8,"{'remainder': 'RemainderType.v_variant', 'useRecFormulas': 'True', 'beta': '6E-1'}",,{},34,1.25E-1,8.191875E3,1.1468825E5,8.07643117745085812111E3,1.14803693822549141879E5
example_series.csv#1,1.22880125E5,{},LevinLAlgorithmArb,8,"{'remainder': 'RemainderType.v_variant', 'useRecFormulas': 'True', 'beta': '6E-1'}",,{},35,1.25E-1,8.191875E3,1.1468825E5,8.0754108199248870811E3,1.14804714180075112917E5
example_series.csv#1,1.22880125E5,{},LevinLAlgorithmArb,8,"{'remainder': 'RemainderType.v_variant', 'useRecFormulas': 'True', 'beta': '6E-1'}",,{},36,1.25E-1,8.191875E3,1.1468825E5,8.07443526731991397465E3,1.14805689732680086025E5
example_series.csv#1,1.22880125E5,{},LevinLAlgorithmArb,8,"{'remainder': 'RemainderType.v_variant', 'useRecFormulas': 'True', 'beta': '6E-1'}",,{},37,1.25E-1,8.191875E3,1.1468825E5,8.07350171681880222293E3,1.14806623283181197777E5
example_series.csv#1,1.22880125E5,{},LevinLAlgorithmArb,8,"{'remainder': 'RemainderType.v_variant', 'useRecFormulas': 'True', 'beta': '6E-1'}",,{},38,1.25E-1,8.191875E3,1.1468825E5,8.07260758654692991456E3,1.14807517413453070084E5
example_series.csv#1,1.22880125E5,{},LevinLAlgorithmArb,8,"{'remainder': 'RemainderType.v_variant', 'useRecFormulas': 'True', 'beta': '6E-1'}",,{},39,1.25E-1,8.191875E3,1.1468825E5,8.07175049517969686316E3,1.14808374504820303136E5
example_series.csv#1,1.22880125E5,{},LevinLAlgorithmArb,8,"{'remainder': 'RemainderType.v_variant', 'useRecFormulas': 'True', 'beta': '6E-1'}",,{},40,1.25E-1,8.191875E3,1.1468825E5,8.07092824363013977057E3,1.14809196756369860228E5
example_series.csv#1,1.22880125E5,{},LevinLAlgorithmArb,8,"{'remainder': 'RemainderType.v_variant', 'useRecFormulas': 'True', 'beta': '6E-1'}",,{},41,1.25E-1,8.191875E3,1.1468825E5,8.07013879859673742189E3,1.14809986201403262576E5
example_series.csv#1,1.22880125E5,{},LevinLAlgorithmArb,8,"{'remainder': 'RemainderType.v_variant', 'useRecFormulas': 'True', 'beta': '6E-1'}",,{},42,1.25E-1,8.191875E3,1.1468825E5,8.06938027777290910305E3,1.14810744722227090897E5
example_series.csv#1,1.22880125E5,{},LevinLAlgorithmArb,8,"{'remainder': 'RemainderType.v_variant', 'useRecFormulas': 'True', 'beta': '6E-1'}",,{},43,1.25E-1,8.191875E3,1.1468825E5,8.06865093653997998671E3,1.14811474063460020012E5
example_series.csv#1,1.22880125E5,{},LevinLAlgorithmArb,8,"{'remainder': 'RemainderType.v_variant', 'useRecFormulas': 'True', 'beta': '6E-1'}",,{},44,1.25E-1,8.191875E3,1.1468825E5,8.06794915598419460056E3,1.14812175844015805398E5
example_series.csv#1,1.22880125E5,{},LevinLAlgorithmArb,8,"{'remainder': 'RemainderType.v_variant', 'useRecFormulas': 'True', 'beta': '6E-1'}",,{},45,1.25E-1,8.191875E3,1.1468825E5,8.06727343209557029116E3,1.14812851567904429708E5
example_series.csv#1,1.22880125E5,{},LevinLAlgorithmArb,8,"{'remainder': 'RemainderType.v_variant', 'useRecFormulas': 'True', 'beta': '6E-1'}",,{},46,1.25E-1,8.191875E3,1.1468825E5,8.06662236602197713714E3,1.14813502633978022863E5
example_series.csv#1,1.22880125E5,{},LevinLAlgorithmArb,8,"{'remainder': 'RemainderType.v_variant', 'useRecFormulas': 'True', 'beta': '6E-1'}",,{},47,1.25E-1,8.191875E3,1.1468825E5,8.06599465526585911898E3,1.1481413034473414088E5
example_series.csv#1,1.22880125E5,{},LevinLAlgorithmArb,8,"{'remainder': 'RemainderType.v_variant', 'useRecFormulas': 'True', 'beta': '6E-1'}",,{},48,1.25E-1,8.191875E3,1.1468825E5,8.06538908572356392928E3,1.1481473591427643607E5
example_series.csv#1,1.22880125E5,{},LevinLAlgorithmArb,8,"{'remainder': 'RemainderType.v_variant', 'useRecFormulas': 'True', 'beta': '6E-1'}",,{},49,1.25E-1,8.191875E3,1.1468825E5,8.06480452447843706881E3,1.14815320475521562931E5
example_series.csv#1,1.22880125E5,{},LevinLAlgorithmArb,8,"{'remainder': 'RemainderType.v_variant', 'useRecFormulas': 'True', 'beta': '6.9999999999999999999E-1'}",,{},1,2.048E3,6.144E3,1.16736125E5,8.17129267002916816725E3,1.14708832329970831831E5
example_series.csv#1,1.22880125E5,{},LevinLAlgorithmArb,8,"{'remainder': 'RemainderType.v_variant', 'useRecFormulas': 'True', 'beta': '6.9999999999999999999E-1'}",,{},2,1.024E3,7.168E3,1.15712125E5,8.16722423107608893699E3,1.14712900768923911063E5
example_series.csv#1,1.22880125E5,{},LevinLAlgorithmArb,8,"{'remainder': 'RemainderType.v_variant', 'useRecFormulas': 'True', 'beta': '6.9999999999999999999E-1'}",,{},3,5.12E2,7.68E3,1.15200125E5,8.16252846551438062025E3,1.14717596534485619379E5
example_series.csv#1,1.22880125E5,{},LevinLAlgorithmArb,8,"{'remainder': 'RemainderType.v_variant', 'useRecFormulas': 'True', 'beta': '6.9999999999999999999E-1'}",,{},4,2.56E2,7.936E3,1.14944125E5,8.15748620175813882135E3,1.14722638798241861178E5
example_series.csv#1,1.22880125E5,{},LevinLAlgorithmArb,8,"{'remainder': 'RemainderType.v_variant', 'useRecFormulas': 'True', 'beta': '6.9999999999999999999E-1'}",,{},5,1.28E2,8.064E3,1.14816125E5,8.15231181951911086605E3,1.14727813180480889132E5
example_series.csv#1,1.22880125E5,{},LevinLAlgorithmArb,8,"{'remainder': 'RemainderType.v_variant', 'useRecFormulas': 'True', 'beta': '6.9999999999999999999E-1'}",,{},6,6.4E1,8.128E3,1.14752125E5,8.1471609310705969657E3,1.14732964068929403034E5
example_series.csv#1,1.22880125E5,{},LevinLAlgorithmArb,8,"{'remainder': 'RemainderType.v_variant', 'useRecFormulas': 'True', 'beta': '6.9999999999999999999E-1'}",,{},7,3.2E1,8.16E3,1.14720125E5,8.14213998529338445397E3,1.14737985014706615546E5
example_series.csv#1,1.22880125E5,{},LevinLAlgorithmArb,8,"{'remainder': 'RemainderType.v_variant', 'useRecFormulas': 'True', 'beta': '6.9999999999999999999E-1'}",,{},8,1.6E1,8.176E3,1.14704125E5,8.13731656895730286663E3,1.14742808431042697133E5
example_series.csv#1,1.22880125E5,{},LevinLAlgorithmArb,8,"{'remainder': 'RemainderType.v_variant', 'useRecFormulas': 'True', 'beta': '6.9999999999999999999E-1'}",,{},9,8E0,8.184E3,1.14696125E5,8.13272931358569211088E3,1.14747395686414307888E5
example_series.csv#1,1.22880125E5,{},LevinLAlgorithmArb,8,"{'remainder': 'RemainderType.v_variant', 'useRecFormulas': 'True', 'beta': '6.9999999999999999999E-1'}",,{},10,4E0,8.188E3,1.14692125E5,8.1283963752263663674E3,1.14751728624773633632E5
example_series.csv#1,1.22880125E5,{},LevinLAlgorithmArb,8,"{'remainder': 'RemainderType.v_variant', 'useRecFormulas': 'True', 'beta': '6.9999999999999999999E-1'}",,{},11,2E0,8.19E3,1.14690125E5,8.12432208890085661981E3,1.1475580291109914338E5
example_series.csv#1,1.22880125E5,{},LevinLAlgorithmArb,8,"{'remainder': 'RemainderType.v_variant', 'useRecFormulas': 'True', 'beta': '6.9999999999999999999E-1'}",,{},12,1E0,8.191E3,1.14689125E5,8.12050188338538592308E3,1.14759623116614614076E5
example_series.csv#1,1.22880125E5,{},LevinLAlgorithmArb,8,"{'remainder': 'RemainderType.v_variant', 'useRecFormulas': 'True', 'beta': '6.9999999999999999999E-1'}",,{},13,5E-1,8.1915E3,1.14688625E5,8.11692575792242973831E3,1.1476319924207757026E5
example_series.csv#1,1.22880125E5,{},LevinLAlgorithmArb,8,"{'remainder': 'RemainderType.v_variant', 'useRecFormulas': 'True', 'beta': '6.9999999999999999999E-1'}",,{},14,2.5E-1,8.19175E3,1.14688375E5,8.11358066243191497904E3,1.14766544337568085019E5
example_series.csv#1,1.22880125E5,{},LevinLAlgorithmArb,8,"{'remainder': 'RemainderType.v_variant', 'useRecFormulas': 'True', 'beta': '6.9999999999999999999E-1'}",,{},15,1.25E-1,8.191875E3,1.1468825E5,8.11045208231789859085E3,1.14769672917682101409E5
example_series.csv#1,1.22880125E5,{},LevinLAlgorithmArb,8,"{'remainder': 'RemainderType.v_variant', 'useRecFormulas': 'True', 'beta': '6.9999999999999999999E-1'}",,{},16,1.25E-1,8.191875E3,1.1468825E5,8.10752506489326105681E3,1.14772599935106738942E5
example_series.csv#1,1.22880125E5,{},LevinLAlgorithmArb,8,"{'remainder': 'RemainderType.v_variant', 'useRecFormulas': 'True', 'beta': '6.9999999999999999999E-1'}",,{},17,1.25E-1,8.191875E3,1.1468825E5,8.10478486277963609338E3,1.14775340137220363906E5
example_series.csv#1,1.22880125E5,{},LevinLAlgorithmArb,8,"{'remainder': 'RemainderType.v_variant', 'useRecFormulas': 'True', 'beta': '6.9999999999999999999E-1'}",,{},18,1.25E-1,8.191875E3,1.1468825E5,8.10221731926372008647E3,1.14777907680736279913E5
example_series.csv#1,1.22880125E5,{},LevinLAlgorithmArb,8,"{'remainder': 'RemainderType.v_variant', 'useRecFormulas': 'True', 'beta': '6.9999999999999999999E-1'}",,{},19,1.25E-1,8.191875E3,1.1468825E5,8.0998090825869583447E3,1.14780315917413041654E5
example_series.csv#1,1.22880125E5,{},LevinLAlgorithmArb,8,"{'remainder': 'RemainderType.v_variant', 'useRecFormulas': 'True', 'beta': '6.9999999999999999999E-1'}",,{},20,1.25E-1,8.191875E3,1.1468825E5,8.09754770872711196255E3,1.14782577291272888036E5
example_series.csv#1,1.22880125E5,{},LevinLAlgorithmArb,8,"{'remainder': 'RemainderType.v_variant', 'useRecFormulas': 'True', 'beta': '6.9999999999999999999E-1'}",,{},21,1.25E-1,8.191875E3,1.1468825E5,8.09542169297400172503E3,1.14784703307025998273E5
example_series.csv#1,1.22880125E5,{},LevinLAlgorithmArb,8,"{'remainder': 'RemainderType.v_variant', 'useRecFormulas': 'True', 'beta': '6.9999999999999999999E-1'}",,{},22,1.25E-1,8.191875E3,1.1468825E5,8.09342045730515596657E3,1.14786704542694844032E5
example_series.csv#1,1.22880125E5,{},LevinLAlgorithmArb,8,"{'remainder': 'RemainderType.v_variant', 'useRecFormulas': 'True', 'beta': '6.9999999999999999999E-1'}",,{},23,1.25E-1,8.191875E3,1.1468825E5,8.09153431148706344924E3,1.1478859068851293655E5
example_series.csv#1,1.22880125E5,{},LevinLAlgorithmArb,8,"{'remainder': 'RemainderType.v_variant', 'useRecFormulas': 'True', 'beta': '6.9999999999999999999E-1'}",,{},24,1.25E-1,8.191875E3,1.1468825E5,8.08975439967470361807E3,1.1479037060032529638E5
example_series.csv#1,1.22880125E5,{},LevinLAlgorithmArb,8,"{'remainder': 'RemainderType.v_variant', 'useRecFormulas': 'True', 'beta': '6.9999999999999999999E-1'}",,{},25,1.25E-1,8.191875E3,1.1468825E5,8.08807264013700634283E3,1.14792052359862993657E5
example_series.csv#1,1.22880125E5,{},LevinLAlgorithmArb,8,"{'remainder': 'RemainderType.v_variant', 'useRecFormulas': 'True', 'beta': '6.9999999999999999999E-1'}",,{},26,1.25E-1,8.191875E3,1.1468825E5,8.08648166295824906477E3,1.14793643337041750934E5
example_series.csv#1,1.22880125E5,{},LevinLAlgorithmArb,8,"{'remainder': 'RemainderType.v_variant', 'useRecFormulas': 'True', 'beta': '6.9999999999999999999E-1'}",,{},27,1.25E-1,8.191875E3,1.1468825E5,8.08497474871444104466E3,1.14795150251285558955E5
example_series.csv#1,1.22880125E5,{},LevinLAlgorithmArb,8,"{'remainder': 'RemainderType.v_variant', 'useRecFormulas': 'True', 'beta': '6.9999999999999999999E-1'}",,{},28,1.25E-1,8.191875E3,1.1468825E5,8.08354576989873898298E3,1.14796579230101261015E5
example_series.csv#1,1.22880125E5,{},LevinLAlgorithmArb,8,"{'remainder': 'RemainderType.v_variant', 'useRecFormulas': 'True', 'beta': '6.9999999999999999999E-1'}",,{},29,1.25E-1,8.191875E3,1.1468825E5,8.0821891360666270431E3,1.14797935863933372957E5
example_series.csv#1,1.22880125E5,{},LevinLAlgorithmArb,8,"{'remainder': 'RemainderType.v_variant', 'useRecFormulas': 'True', 'beta': '6.9999999999999999999E-1'}",,{},30,1.25E-1,8.191875E3,1.1468825E5,8.08089974315161680273E3,1.14799225256848383196E5
example_series.csv#1,1.22880125E5,{},LevinLAlgorithmArb,8,"{'remainder': 'RemainderType.v_variant', 'useRecFormulas': 'True', 'beta': '6.9999999999999999999E-1'}",,{},31,1.25E-1,8.191875E3,1.1468825E5,8.07967292707199698517E3,1.14800452072928003013E5
example_series.csv#1,1.22880125E5,{},LevinLAlgorithmArb,8,"{'remainder': 'RemainderType.v_variant', 'useRecFormulas': 'True', 'beta': '6.9999999999999999999E-1'}",,{},32,1.25E-1,8.191875E3,1.1468825E5,8.07850442154545177561E3,1.14801620578454548224E5
example_series.csv#1,1.22880125E5,{},LevinLAlgorithmArb,8,"{'remainder': 'RemainderType.v_variant', 'useRecFormulas': 'True', 'beta': '6.9999999999999999999E-1'}",,{},33,1.25E-1,8.191875E3,1.1468825E5,8.07739031990847259051E3,1.14802734680091527409E5
example_series.csv#1,1.22880125E5,{},LevinLAlgorithmArb,8,"{'remainder': 'RemainderType.v_variant', 'useRecFormulas': 'True', 'beta': '6.9999999999999999999E-1'}",,{},34,1.25E-1,8.191875E3,1.1468825E5,8.07632704067261366448E3,1.14803797959327386335E5
example_series.csv#1,1.22880125E5,{},LevinLAlgorithmArb,8,"{'remainder': 'RemainderType.v_variant', 'useRecFormulas': 'True', 'beta': '6.9999999999999999999E-1'}",,{},35,1.25E-1,8.191875E3,1.1468825E5,8.07531129652039832728E3,1.14804813703479601671E5
example_series.csv#1,1.22880125E5,{},LevinLAlgorithmArb,8,"{'remainder': 'RemainderType.v_variant', 'useRecFormulas': 'True', 'beta': '6.9999999999999999999E-1'}",,{},36,1.25E-1,8.191875E3,1.1468825E5,8.07434006643705393196E3,1.14805784933562946068E5
example_series.csv#1,1.22880125E5,{},LevinLAlgorithmArb,8,"{'remainder': 'RemainderType.v_variant', 'useRecFormulas': 'True', 'beta': '6.9999999999999999999E-1'}",,{},37,1.25E-1,8.191875E3,1.1468825E5,8.07341057068153911954E3,1.14806714429318460879E5
example_series.csv#1,1.22880125E5,{},LevinLAlgorithmArb,8,"{'remainder': 'RemainderType.v_variant', 'useRecFormulas': 'True', 'beta': '6.9999999999999999999E-1'}",,{},38,1.25E-1,8.191875E3,1.1468825E5,8.07252024831575118873E3,1.14807604751684248811E5
example_series.csv#1,1.22880125E5,{},LevinLAlgorithmArb,8,"{'remainder': 'RemainderType.v_variant', 'useRecFormulas': 'True', 'beta': '6.9999999999999999999E-1'}",,{},39,1.25E-1,8.191875E3,1.1468825E5,8.07166673703056615649E3,1.14808458262969433842E5
example_series.csv#1,1.22880125E5,{},LevinLAlgorithmArb,8,"{'remainder': 'RemainderType.v_variant', 'useRecFormulas': 'True', 'beta': '6.9999999999999999999E-1'}",,{},40,1.25E-1,8.191875E3,1.1468825E5,8.07084785502900889517E3,1.14809277144970991103E5
example_series.csv#1,1.22880125E5,{},LevinLAlgorithmArb,8,"{'remainder': 'RemainderType.v_variant', 'useRecFormulas': 'True', 'beta': '6.9999999999999999999E-1'}",,{},41,1.25E-1,8.191875E3,1.1468825E5,8.07006158474881513856E3,1.1481006341525118486E5
example_series.csv#1,1.22880125E5,{},LevinLAlgorithmArb,8,"{'remainder': 'RemainderType.v_variant', 'useRecFormulas': 'True', 'beta': '6.9999999999999999999E-1'}",,{},42,1.25E-1,8.191875E3,1.1468825E5,8.06930605822797431836E3,1.1481081894177202568E5
example_series.csv#1,1.22880125E5,{},LevinLAlgorithmArb,8,"{'remainder': 'RemainderType.v_variant', 'useRecFormulas': 'True', 'beta': '6.9999999999999999999E-1'}",,{},43,1.25E-1,8.191875E3,1.1468825E5,8.06857954393697690881E3,1.1481154545606302309E5
example_series.csv#1,1.22880125E5,{},LevinLAlgorithmArb,8,"{'remainder': 'RemainderType.v_variant', 'useRecFormulas': 'True', 'beta': '6.9999999999999999999E-1'}",,{},44,1.25E-1,8.191875E3,1.1468825E5,8.06788043492014135985E3,1.14812244565079858639E5
example_series.csv#1,1.22880125E5,{},LevinLAlgorithmArb,8,"{'remainder': 'RemainderType.v_variant', 'useRecFormulas': 'True', 'beta': '6.9999999999999999999E-1'}",,{},45,1.25E-1,8.191875E3,1.1468825E5,8.067207238105444322E3,1.14812917761894555678E5
example_series.csv#1,1.22880125E5,{},LevinLAlgorithmArb,8,"{'remainder': 'RemainderType.v_variant', 'useRecFormulas': 'True', 'beta': '6.9999999999999999999E-1'}",,{},46,1.25E-1,8.191875E3,1.1468825E5,8.06655856465771267987E3,1.1481356643534228732E5
example_series.csv#1,1.22880125E5,{},LevinLAlgorithmArb,8,"{'remainder': 'RemainderType.v_variant', 'useRecFormulas': 'True', 'beta': '6.9999999999999999999E-1'}",,{},47,1.25E-1,8.191875E3,1.1468825E5,8.0659331212639121422E3,1.14814191878736087856E5
example_series.csv#1,1.22880125E5,{},LevinLAlgorithmArb,8,"{'remainder': 'RemainderType.v_variant', 'useRecFormulas': 'True', 'beta': '6.9999999999999999999E-1'}",,{},48,1.25E-1,8.191875E3,1.1468825E5,8.06532970225167805028E3,1.14814795297748321948E5
example_series.csv#1,1.22880125E5,{},LevinLAlgorithmArb,8,"{'remainder': 'RemainderType.v_variant', 'useRecFormulas': 'True', 'beta': '6.9999999999999999999E-1'}",,{},49,1.25E-1,8.191875E3,1.1468825E5,8.06474718245329242871E3,1.14815377817546707571E5
example_series.csv#1,1.22880125E5,{},LevinLAlgorithmArb,8,"{'remainder': 'RemainderType.v_variant', 'useRecFormulas': 'True', 'beta': '8E-1'}",,{},1,2.048E3,6.144E3,1.16736125E5,8.17092336436315315659E3,1.14709201635636846842E5
example_series.csv#1,1.22880125E5,{},LevinLAlgorithmArb,8,"{'remainder': 'RemainderType.v_variant', 'useRecFormulas': 'True', 'beta': '8E-1'}",,{},2,1.024E3,7.168E3,1.15712125E5,8.16677771427218878369E3,1.14713347285727811216E5
example_series.csv#1,1.22880125E5,{},LevinLAlgorithmArb,8,"{'remainder': 'RemainderType.v_variant', 'useRecFormulas': 'True', 'beta': '8E-1'}",,{},3,5.12E2,7.68E3,1.15200125E5,8.16203579272335818023E3,1.14718089207276641818E5
example_series.csv#1,1.22880125E5,{},LevinLAlgorithmArb,8,"{'remainder': 'RemainderType.v_variant', 'useRecFormulas': 'True', 'beta': '8E-1'}",,{},4,2.56E2,7.936E3,1.14944125E5,8.15697171069162545223E3,1.14723153289308374546E5
example_series.csv#1,1.22880125E5,{},LevinLAlgorithmArb,8,"{'remainder': 'RemainderType.v_variant', 'useRecFormulas': 'True', 'beta': '8E-1'}",,{},5,1.28E2,8.064E3,1.14816125E5,8.15179356507393218655E3,1.14728331434926067812E5
example_series.csv#1,1.22880125E5,{},LevinLAlgorithmArb,8,"{'remainder': 'RemainderType.v_variant', 'useRecFormulas': 'True', 'beta': '8E-1'}",,{},6,6.4E1,8.128E3,1.14752125E5,8.14665160347570396701E3,1.14733473396524296032E5
example_series.csv#1,1.22880125E5,{},LevinLAlgorithmArb,8,"{'remainder': 'RemainderType.v_variant', 'useRecFormulas': 'True', 'beta': '8E-1'}",,{},7,3.2E1,8.16E3,1.14720125E5,8.14164792116315849346E3,1.14738477078836841505E5
example_series.csv#1,1.22880125E5,{},LevinLAlgorithmArb,8,"{'remainder': 'RemainderType.v_variant', 'useRecFormulas': 'True', 'beta': '8E-1'}",,{},8,1.6E1,8.176E3,1.14704125E5,8.13684678099382394722E3,1.14743278219006176052E5
example_series.csv#1,1.22880125E5,{},LevinLAlgorithmArb,8,"{'remainder': 'RemainderType.v_variant', 'useRecFormulas': 'True', 'beta': '8E-1'}",,{},9,8E0,8.184E3,1.14696125E5,8.13228441440546442592E3,1.14747840585594535574E5
example_series.csv#1,1.22880125E5,{},LevinLAlgorithmArb,8,"{'remainder': 'RemainderType.v_variant', 'useRecFormulas': 'True', 'beta': '8E-1'}",,{},10,4E0,8.188E3,1.14692125E5,8.12797732636173278103E3,1.14752147673638267217E5
example_series.csv#1,1.22880125E5,{},LevinLAlgorithmArb,8,"{'remainder': 'RemainderType.v_variant', 'useRecFormulas': 'True', 'beta': '8E-1'}",,{},11,2E0,8.19E3,1.14690125E5,8.12392876651825145628E3,1.14756196233481748543E5
example_series.csv#1,1.22880125E5,{},LevinLAlgorithmArb,8,"{'remainder': 'RemainderType.v_variant', 'useRecFormulas': 'True', 'beta': '8E-1'}",,{},12,1E0,8.191E3,1.14689125E5,8.12013348495646024124E3,1.14759991515043539758E5
example_series.csv#1,1.22880125E5,{},LevinLAlgorithmArb,8,"{'remainder': 'RemainderType.v_variant', 'useRecFormulas': 'True', 'beta': '8E-1'}",,{},13,5E-1,8.1915E3,1.14688625E5,8.11658108416118095315E3,1.14763543915838819045E5
example_series.csv#1,1.22880125E5,{},LevinLAlgorithmArb,8,"{'remainder': 'RemainderType.v_variant', 'useRecFormulas': 'True', 'beta': '8E-1'}",,{},14,2.5E-1,8.19175E3,1.14688375E5,8.1132583071383257057E3,1.14766866692861674294E5
example_series.csv#1,1.22880125E5,{},LevinLAlgorithmArb,8,"{'remainder': 'RemainderType.v_variant', 'useRecFormulas': 'True', 'beta': '8E-1'}",,{},15,1.25E-1,8.191875E3,1.1468825E5,8.11015055680181288771E3,1.14769974443198187112E5
example_series.csv#1,1.22880125E5,{},LevinLAlgorithmArb,8,"{'remainder': 'RemainderType.v_variant', 'useRecFormulas': 'True', 'beta': '8E-1'}",,{},16,1.25E-1,8.191875E3,1.1468825E5,8.10724287713564778812E3,1.1477288212286435221E5
example_series.csv#1,1.22880125E5,{},LevinLAlgorithmArb,8,"{'remainder': 'RemainderType.v_variant', 'useRecFormulas': 'True', 'beta': '8E-1'}",,{},17,1.25E-1,8.191875E3,1.1468825E5,8.10452056588581397805E3,1.1477560443411418602E5
example_series.csv#1,1.22880125E5,{},LevinLAlgorithmArb,8,"{'remainder': 'RemainderType.v_variant', 'useRecFormulas': 'True', 'beta': '8E-1'}",,{},18,1.25E-1,8.191875E3,1.1468825E5,8.10196953942344205432E3,1.14778155460576557945E5
example_series.csv#1,1.22880125E5,{},LevinLAlgorithmArb,8,"{'remainder': 'RemainderType.v_variant', 'useRecFormulas': 'True', 'beta': '8E-1'}",,{},19,1.25E-1,8.191875E3,1.1468825E5,8.09957653357734829363E3,1.14780548466422651705E5
example_series.csv#1,1.22880125E5,{},LevinLAlgorithmArb,8,"{'remainder': 'RemainderType.v_variant', 'useRecFormulas': 'True', 'beta': '8E-1'}",,{},20,1.25E-1,8.191875E3,1.1468825E5,8.09732919774100626408E3,1.14782795802258993735E5
example_series.csv#1,1.22880125E5,{},LevinLAlgorithmArb,8,"{'remainder': 'RemainderType.v_variant', 'useRecFormulas': 'True', 'beta': '8E-1'}",,{},21,1.25E-1,8.191875E3,1.1468825E5,8.09521612099097220119E3,1.14784908879009027797E5
example_series.csv#1,1.22880125E5,{},LevinLAlgorithmArb,8,"{'remainder': 'RemainderType.v_variant', 'useRecFormulas': 'True', 'beta': '8E-1'}",,{},22,1.25E-1,8.191875E3,1.1468825E5,8.09322681614935502761E3,1.14786898183850644972E5
example_series.csv#1,1.22880125E5,{},LevinLAlgorithmArb,8,"{'remainder': 'RemainderType.v_variant', 'useRecFormulas': 'True', 'beta': '8E-1'}",,{},23,1.25E-1,8.191875E3,1.1468825E5,8.09135167898676717293E3,1.14788773321013232826E5
example_series.csv#1,1.22880125E5,{},LevinLAlgorithmArb,8,"{'remainder': 'RemainderType.v_variant', 'useRecFormulas': 'True', 'beta': '8E-1'}",,{},24,1.25E-1,8.191875E3,1.1468825E5,8.0895819338460311651E3,1.14790543066153968835E5
example_series.csv#1,1.22880125E5,{},LevinLAlgorithmArb,8,"{'remainder': 'RemainderType.v_variant', 'useRecFormulas': 'True', 'beta': '8E-1'}",,{},25,1.25E-1,8.191875E3,1.1468825E5,8.0879095729836096289E3,1.14792215427016390369E5
example_series.csv#1,1.22880125E5,{},LevinLAlgorithmArb,8,"{'remainder': 'RemainderType.v_variant', 'useRecFormulas': 'True', 'beta': '8E-1'}",,{},26,1.25E-1,8.191875E3,1.1468825E5,8.08632729425786193508E3,1.14793797705742138064E5
example_series.csv#1,1.22880125E5,{},LevinLAlgorithmArb,8,"{'remainder': 'RemainderType.v_variant', 'useRecFormulas': 'True', 'beta': '8E-1'}",,{},27,1.25E-1,8.191875E3,1.1468825E5,8.08482844001651660101E3,1.14795296559983483398E5
example_series.csv#1,1.22880125E5,{},LevinLAlgorithmArb,8,"{'remainder': 'RemainderType.v_variant', 'useRecFormulas': 'True', 'beta': '8E-1'}",,{},28,1.25E-1,8.191875E3,1.1468825E5,8.08340693886081342353E3,1.14796718061139186576E5
example_series.csv#1,1.22880125E5,{},LevinLAlgorithmArb,8,"{'remainder': 'RemainderType.v_variant', 'useRecFormulas': 'True', 'beta': '8E-1'}",,{},29,1.25E-1,8.191875E3,1.1468825E5,8.08205725119413918924E3,1.1479806774880586081E5
example_series.csv#1,1.22880125E5,{},LevinLAlgorithmArb,8,"{'remainder': 'RemainderType.v_variant', 'useRecFormulas': 'True', 'beta': '8E-1'}",,{},30,1.25E-1,8.191875E3,1.1468825E5,8.08077431896559390045E3,1.14799350681034406099E5
example_series.csv#1,1.22880125E5,{},LevinLAlgorithmArb,8,"{'remainder': 'RemainderType.v_variant', 'useRecFormulas': 'True', 'beta': '8E-1'}",,{},31,1.25E-1,8.191875E3,1.1468825E5,8.07955351970379254791E3,1.14800571480296207452E5
example_series.csv#1,1.22880125E5,{},LevinLAlgorithmArb,8,"{'remainder': 'RemainderType.v_variant', 'useRecFormulas': 'True', 'beta': '8E-1'}",,{},32,1.25E-1,8.191875E3,1.1468825E5,8.07839062474252655712E3,1.14801734375257473443E5
example_series.csv#1,1.22880125E5,{},LevinLAlgorithmArb,8,"{'remainder': 'RemainderType.v_variant', 'useRecFormulas': 'True', 'beta': '8E-1'}",,{},33,1.25E-1,8.191875E3,1.1468825E5,8.07728176142662818939E3,1.14802843238573371809E5
example_series.csv#1,1.22880125E5,{},LevinLAlgorithmArb,8,"{'remainder': 'RemainderType.v_variant', 'useRecFormulas': 'True', 'beta': '8E-1'}",,{},34,1.25E-1,8.191875E3,1.1468825E5,8.07622337902581717097E3,1.14803901620974182828E5
example_series.csv#1,1.22880125E5,{},LevinLAlgorithmArb,8,"{'remainder': 'RemainderType.v_variant', 'useRecFormulas': 'True', 'beta': '8E-1'}",,{},35,1.25E-1,8.191875E3,1.1468825E5,8.07521221805782779529E3,1.14804912781942172204E5
example_series.csv#1,1.22880125E5,{},LevinLAlgorithmArb,8,"{'remainder': 'RemainderType.v_variant', 'useRecFormulas': 'True', 'beta': '8E-1'}",,{},36,1.25E-1,8.191875E3,1.1468825E5,8.0742452827172113946E3,1.14805879717282788604E5
example_series.csv#1,1.22880125E5,{},LevinLAlgorithmArb,8,"{'remainder': 'RemainderType.v_variant', 'useRecFormulas': 'True', 'beta': '8E-1'}",,{},37,1.25E-1,8.191875E3,1.1468825E5,8.07331981611452970618E3,1.14806805183885470293E5
example_series.csv#1,1.22880125E5,{},LevinLAlgorithmArb,8,"{'remainder': 'RemainderType.v_variant', 'useRecFormulas': 'True', 'beta': '8E-1'}",,{},38,1.25E-1,8.191875E3,1.1468825E5,8.07243327804665741909E3,1.14807691721953342579E5
example_series.csv#1,1.22880125E5,{},LevinLAlgorithmArb,8,"{'remainder': 'RemainderType.v_variant', 'useRecFormulas': 'True', 'beta': '8E-1'}",,{},39,1.25E-1,8.191875E3,1.1468825E5,8.07158332503895801154E3,1.14808541674961041988E5
example_series.csv#1,1.22880125E5,{},LevinLAlgorithmArb,8,"{'remainder': 'RemainderType.v_variant', 'useRecFormulas': 'True', 'beta': '8E-1'}",,{},40,1.25E-1,8.191875E3,1.1468825E5,8.07076779242183205084E3,1.14809357207578167948E5
example_series.csv#1,1.22880125E5,{},LevinLAlgorithmArb,8,"{'remainder': 'RemainderType.v_variant', 'useRecFormulas': 'True', 'beta': '8E-1'}",,{},41,1.25E-1,8.191875E3,1.1468825E5,8.06998467822607290958E3,1.1481014032177392709E5
example_series.csv#1,1.22880125E5,{},LevinLAlgorithmArb,8,"{'remainder': 'RemainderType.v_variant', 'useRecFormulas': 'True', 'beta': '8E-1'}",,{},42,1.25E-1,8.191875E3,1.1468825E5,8.06923212870269250193E3,1.14810892871297307498E5
example_series.csv#1,1.22880125E5,{},LevinLAlgorithmArb,8,"{'remainder': 'RemainderType.v_variant', 'useRecFormulas': 'True', 'beta': '8E-1'}",,{},43,1.25E-1,8.191875E3,1.1468825E5,8.0685084252928756702E3,1.14811616574707124328E5
example_series.csv#1,1.22880125E5,{},LevinLAlgorithmArb,8,"{'remainder': 'RemainderType.v_variant', 'useRecFormulas': 'True', 'beta': '8E-1'}",,{},44,1.25E-1,8.191875E3,1.1468825E5,8.06781197289221615875E3,1.1481231302710778384E5
example_series.csv#1,1.22880125E5,{},LevinLAlgorithmArb,8,"{'remainder': 'RemainderType.v_variant', 'useRecFormulas': 'True', 'beta': '8E-1'}",,{},45,1.25E-1,8.191875E3,1.1468825E5,8.06714128927027347534E3,1.14812983710729726523E5
example_series.csv#1,1.22880125E5,{},LevinLAlgorithmArb,8,"{'remainder': 'RemainderType.v_variant', 'useRecFormulas': 'True', 'beta': '8E-1'}",,{},46,1.25E-1,8.191875E3,1.1468825E5,8.06649499552176560265E3,1.14813630004478234396E5
example_series.csv#1,1.22880125E5,{},LevinLAlgorithmArb,8,"{'remainder': 'RemainderType.v_variant', 'useRecFormulas': 'True', 'beta': '8E-1'}",,{},47,1.25E-1,8.191875E3,1.1468825E5,8.06587180743943758218E3,1.14814253192560562417E5
example_series.csv#1,1.22880125E5,{},LevinLAlgorithmArb,8,"{'remainder': 'RemainderType.v_variant', 'useRecFormulas': 'True', 'beta': '8E-1'}",,{},48,1.25E-1,8.191875E3,1.1468825E5,8.06527052771091637767E3,1.14814854472289083621E5
example_series.csv#1,1.22880125E5,{},LevinLAlgorithmArb,8,"{'remainder': 'RemainderType.v_variant', 'useRecFormulas': 'True', 'beta': '8E-1'}",,{},49,1.25E-1,8.191875E3,1.1468825E5,8.06469003885279209811E3,1.148154349611472079E5
example_series.csv#1,1.22880125E5,{},LevinLAlgorithmArb,8,"{'remainder': 'RemainderType.v_variant', 'useRecFormulas': 'True', 'beta': '9E-1'}",,{},1,2.048E3,6.144E3,1.16736125E5,8.1705448045237621531E3,1.14709580195476237845E5
example_series.csv#1,1.22880125E5,{},LevinLAlgorithmArb,8,"{'remainder': 'RemainderType.v_variant', 'useRecFormulas': 'True', 'beta': '9E-1'}",,{},2,1.024E3,7.168E3,1.15712125E5,8.16632529021057235413E3,1.14713799709789427645E5
example_series.csv#1,1.22880125E5,{},LevinLAlgorithmArb,8,"{'remainder': 'RemainderType.v_variant', 'useRecFormulas': 'True', 'beta': '9E-1'}",,{},3,5.12E2,7.68E3,1.15200125E5,8.16153995345786274862E3,1.1471858504654213725E5
example_series.csv#1,1.22880125E5,{},LevinLAlgorithmArb,8,"{'remainder': 'RemainderType.v_variant', 'useRecFormulas': 'True', 'beta': '9E-1'}",,{},4,2.56E2,7.936E3,1.14944125E5,8.15645612681327678347E3,1.14723668873186723216E5
example_series.csv#1,1.22880125E5,{},LevinLAlgorithmArb,8,"{'remainder': 'RemainderType.v_variant', 'useRecFormulas': 'True', 'beta': '9E-1'}",,{},5,1.28E2,8.064E3,1.14816125E5,8.15127571228744045916E3,1.1472884928771255954E5
example_series.csv#1,1.22880125E5,{},LevinLAlgorithmArb,8,"{'remainder': 'RemainderType.v_variant', 'useRecFormulas': 'True', 'beta': '9E-1'}",,{},6,6.4E1,8.128E3,1.14752125E5,8.14614368982067275135E3,1.14733981310179327247E5
example_series.csv#1,1.22880125E5,{},LevinLAlgorithmArb,8,"{'remainder': 'RemainderType.v_variant', 'useRecFormulas': 'True', 'beta': '9E-1'}",,{},7,3.2E1,8.16E3,1.14720125E5,8.14115790540306580586E3,1.14738967094596934193E5
example_series.csv#1,1.22880125E5,{},LevinLAlgorithmArb,8,"{'remainder': 'RemainderType.v_variant', 'useRecFormulas': 'True', 'beta': '9E-1'}",,{},8,1.6E1,8.176E3,1.14704125E5,8.13637939683128005327E3,1.14743745603168719946E5
example_series.csv#1,1.22880125E5,{},LevinLAlgorithmArb,8,"{'remainder': 'RemainderType.v_variant', 'useRecFormulas': 'True', 'beta': '9E-1'}",,{},9,8E0,8.184E3,1.14696125E5,8.13184207875507164695E3,1.14748282921244928353E5
example_series.csv#1,1.22880125E5,{},LevinLAlgorithmArb,8,"{'remainder': 'RemainderType.v_variant', 'useRecFormulas': 'True', 'beta': '9E-1'}",,{},10,4E0,8.188E3,1.14692125E5,8.12756086963702247116E3,1.14752564130362977528E5
example_series.csv#1,1.22880125E5,{},LevinLAlgorithmArb,8,"{'remainder': 'RemainderType.v_variant', 'useRecFormulas': 'True', 'beta': '9E-1'}",,{},11,2E0,8.19E3,1.14690125E5,8.12353798104944404445E3,1.14756587018950555954E5
example_series.csv#1,1.22880125E5,{},LevinLAlgorithmArb,8,"{'remainder': 'RemainderType.v_variant', 'useRecFormulas': 'True', 'beta': '9E-1'}",,{},12,1E0,8.191E3,1.14689125E5,8.11976751761112487257E3,1.14760357482388875126E5
example_series.csv#1,1.22880125E5,{},LevinLAlgorithmArb,8,"{'remainder': 'RemainderType.v_variant', 'useRecFormulas': 'True', 'beta': '9E-1'}",,{},13,5E-1,8.1915E3,1.14688625E5,8.11623870768526495886E3,1.14763886292314735041E5
example_series.csv#1,1.22880125E5,{},LevinLAlgorithmArb,8,"{'remainder': 'RemainderType.v_variant', 'useRecFormulas': 'True', 'beta': '9E-1'}",,{},14,2.5E-1,8.19175E3,1.14688375E5,8.11293810236815124745E3,1.14767186897631848752E5
example_series.csv#1,1.22880125E5,{},LevinLAlgorithmArb,8,"{'remainder': 'RemainderType.v_variant', 'useRecFormulas': 'True', 'beta': '9E-1'}",,{},15,1.25E-1,8.191875E3,1.1468825E5,8.10985103175652593801E3,1.1477027396824347406E5
example_series.csv#1,1.22880125E5,{},LevinLAlgorithmArb,8,"{'remainder': 'RemainderType.v_variant', 'useRecFormulas': 'True', 'beta': '9E-1'}",,{},16,1.25E-1,8.191875E3,1.1468825E5,8.10696254253429252475E3,1.14773162457465707475E5
example_series.csv#1,1.22880125E5,{},LevinLAlgorithmArb,8,"{'remainder': 'RemainderType.v_variant', 'useRecFormulas': 'True', 'beta': '9E-1'}",,{},17,1.25E-1,8.191875E3,1.1468825E5,8.10425798115242365285E3,1.14775867018847576347E5
example_series.csv#1,1.22880125E5,{},LevinLAlgorithmArb,8,"{'remainder': 'RemainderType.v_variant', 'useRecFormulas': 'True', 'beta': '9E-1'}",,{},18,1.25E-1,8.191875E3,1.1468825E5,8.1017233390283961871E3,1.14778401660971603813E5
example_series.csv#1,1.22880125E5,{},LevinLAlgorithmArb,8,"{'remainder': 'RemainderType.v_variant', 'useRecFormulas': 'True', 'beta': '9E-1'}",,{},19,1.25E-1,8.191875E3,1.1468825E5,8.09934544048813266267E3,1.14780779559511867336E5
example_series.csv#1,1.22880125E5,{},LevinLAlgorithmArb,8,"{'remainder': 'RemainderType.v_variant', 'useRecFormulas': 'True', 'beta': '9E-1'}",,{},20,1.25E-1,8.191875E3,1.1468825E5,8.09711202858104734514E3,1.14783012971418952654E5
example_series.csv#1,1.22880125E5,{},LevinLAlgorithmArb,8,"{'remainder': 'RemainderType.v_variant', 'useRecFormulas': 'True', 'beta': '9E-1'}",,{},21,1.25E-1,8.191875E3,1.1468825E5,8.09501178599717262673E3,1.14785113214002827373E5
example_series.csv#1,1.22880125E5,{},LevinLAlgorithmArb,8,"{'remainder': 'RemainderType.v_variant', 'useRecFormulas': 'True', 'beta': '9E-1'}",,{},22,1.25E-1,8.191875E3,1.1468825E5,8.09303431598612868583E3,1.14787090684013871313E5
example_series.csv#1,1.22880125E5,{},LevinLAlgorithmArb,8,"{'remainder': 'RemainderType.v_variant', 'useRecFormulas': 'True', 'beta': '9E-1'}",,{},23,1.25E-1,8.191875E3,1.1468825E5,8.0911700997730096829E3,1.14788954900226990317E5
example_series.csv#1,1.22880125E5,{},LevinLAlgorithmArb,8,"{'remainder': 'RemainderType.v_variant', 'useRecFormulas': 'True', 'beta': '9E-1'}",,{},24,1.25E-1,8.191875E3,1.1468825E5,8.08941044127817197431E3,1.14790714558721828025E5
example_series.csv#1,1.22880125E5,{},LevinLAlgorithmArb,8,"{'remainder': 'RemainderType.v_variant', 'useRecFormulas': 'True', 'beta': '9E-1'}",,{},25,1.25E-1,8.191875E3,1.1468825E5,8.08774740612020471866E3,1.14792377593879795281E5
example_series.csv#1,1.22880125E5,{},LevinLAlgorithmArb,8,"{'remainder': 'RemainderType.v_variant', 'useRecFormulas': 'True', 'beta': '9E-1'}",,{},26,1.25E-1,8.191875E3,1.1468825E5,8.08617375931908342348E3,1.14793951240680916575E5
example_series.csv#1,1.22880125E5,{},LevinLAlgorithmArb,8,"{'remainder': 'RemainderType.v_variant', 'useRecFormulas': 'True', 'beta': '9E-1'}",,{},27,1.25E-1,8.191875E3,1.1468825E5,8.08468290441117746247E3,1.14795442095588822537E5
example_series.csv#1,1.22880125E5,{},LevinLAlgorithmArb,8,"{'remainder': 'RemainderType.v_variant', 'useRecFormulas': 'True', 'beta': '9E-1'}",,{},28,1.25E-1,8.191875E3,1.1468825E5,8.08326882556097697302E3,1.14796856174439023027E5
example_series.csv#1,1.22880125E5,{},LevinLAlgorithmArb,8,"{'remainder': 'RemainderType.v_variant', 'useRecFormulas': 'True', 'beta': '9E-1'}",,{},29,1.25E-1,8.191875E3,1.1468825E5,8.08192603351714138812E3,1.1479819896648285861E5
example_series.csv#1,1.22880125E5,{},LevinLAlgorithmArb,8,"{'remainder': 'RemainderType.v_variant', 'useRecFormulas': 'True', 'beta': '9E-1'}",,{},30,1.25E-1,8.191875E3,1.1468825E5,8.08064951578478690502E3,1.14799475484215213095E5
example_series.csv#1,1.22880125E5,{},LevinLAlgorithmArb,8,"{'remainder': 'RemainderType.v_variant', 'useRecFormulas': 'True', 'beta': '9E-1'}",,{},31,1.25E-1,8.191875E3,1.1468825E5,8.07943469108529164246E3,1.14800690308914708356E5
example_series.csv#1,1.22880125E5,{},LevinLAlgorithmArb,8,"{'remainder': 'RemainderType.v_variant', 'useRecFormulas': 'True', 'beta': '9E-1'}",,{},32,1.25E-1,8.191875E3,1.1468825E5,8.07827736799084112701E3,1.14801847632009158873E5
example_series.csv#1,1.22880125E5,{},LevinLAlgorithmArb,8,"{'remainder': 'RemainderType.v_variant', 'useRecFormulas': 'True', 'beta': '9E-1'}",,{},33,1.25E-1,8.191875E3,1.1468825E5,8.07717370751399565662E3,1.14802951292486004343E5
example_series.csv#1,1.22880125E5,{},LevinLAlgorithmArb,8,"{'remainder': 'RemainderType.v_variant', 'useRecFormulas': 'True', 'beta': '9E-1'}",,{},34,1.25E-1,8.191875E3,1.1468825E5,8.076120189376123597E3,1.14804004810623876402E5
example_series.csv#1,1.22880125E5,{},LevinLAlgorithmArb,8,"{'remainder': 'RemainderType.v_variant', 'useRecFormulas': 'True', 'beta': '9E-1'}",,{},35,1.25E-1,8.191875E3,1.1468825E5,8.07511358165470265016E3,1.14805011418345297348E5
example_series.csv#1,1.22880125E5,{},LevinLAlgorithmArb,8,"{'remainder': 'RemainderType.v_variant', 'useRecFormulas': 'True', 'beta': '9E-1'}",,{},36,1.25E-1,8.191875E3,1.1468825E5,8.07415091350623089025E3,1.14805974086493769108E5
example_series.csv#1,1.22880125E5,{},LevinLAlgorithmArb,8,"{'remainder': 'RemainderType.v_variant', 'useRecFormulas': 'True', 'beta': '9E-1'}",,{},37,1.25E-1,8.191875E3,1.1468825E5,8.07322945067079021608E3,1.14806895549329209782E5
example_series.csv#1,1.22880125E5,{},LevinLAlgorithmArb,8,"{'remainder': 'RemainderType.v_variant', 'useRecFormulas': 'True', 'beta': '9E-1'}",,{},38,1.25E-1,8.191875E3,1.1468825E5,8.07234667348085041582E3,1.14807778326519149584E5
example_series.csv#1,1.22880125E5,{},LevinLAlgorithmArb,8,"{'remainder': 'RemainderType.v_variant', 'useRecFormulas': 'True', 'beta': '9E-1'}",,{},39,1.25E-1,8.191875E3,1.1468825E5,8.07150025711720566906E3,1.14808624742882794329E5
example_series.csv#1,1.22880125E5,{},LevinLAlgorithmArb,8,"{'remainder': 'RemainderType.v_variant', 'useRecFormulas': 'True', 'beta': '9E-1'}",,{},40,1.25E-1,8.191875E3,1.1468825E5,8.07068805387674598364E3,1.14809436946123254016E5
example_series.csv#1,1.22880125E5,{},LevinLAlgorithmArb,8,"{'remainder': 'RemainderType.v_variant', 'useRecFormulas': 'True', 'beta': '9E-1'}",,{},41,1.25E-1,8.191875E3,1.1468825E5,8.06990807723866429293E3,1.14810216922761335707E5
example_series.csv#1,1.22880125E5,{},LevinLAlgorithmArb,8,"{'remainder': 'RemainderType.v_variant', 'useRecFormulas': 'True', 'beta': '9E-1'}",,{},42,1.25E-1,8.191875E3,1.1468825E5,8.0691584875368229327E3,1.14810966512463177067E5
example_series.csv#1,1.22880125E5,{},LevinLAlgorithmArb,8,"{'remainder': 'RemainderType.v_variant', 'useRecFormulas': 'True', 'beta': '9E-1'}",,{},43,1.25E-1,8.191875E3,1.1468825E5,8.06843757906585793787E3,1.14811687420934142061E5
example_series.csv#1,1.22880125E5,{},LevinLAlgorithmArb,8,"{'remainder': 'RemainderType.v_variant', 'useRecFormulas': 'True', 'beta': '9E-1'}",,{},44,1.25E-1,8.191875E3,1.1468825E5,8.06774376846693578538E3,1.14812381231533064214E5
example_series.csv#1,1.22880125E5,{},LevinLAlgorithmArb,8,"{'remainder': 'RemainderType.v_variant', 'useRecFormulas': 'True', 'beta': '9E-1'}",,{},45,1.25E-1,8.191875E3,1.1468825E5,8.06707558425580132427E3,1.14813049415744198674E5
example_series.csv#1,1.22880125E5,{},LevinLAlgorithmArb,8,"{'remainder': 'RemainderType.v_variant', 'useRecFormulas': 'True', 'beta': '9E-1'}",,{},46,1.25E-1,8.191875E3,1.1468825E5,8.06643165737087276778E3,1.14813693342629127231E5
example_series.csv#1,1.22880125E5,{},LevinLAlgorithmArb,8,"{'remainder': 'RemainderType.v_variant', 'useRecFormulas': 'True', 'beta': '9E-1'}",,{},47,1.25E-1,8.191875E3,1.1468825E5,8.06581071263271448215E3,1.14814314287367285516E5
example_series.csv#1,1.22880125E5,{},LevinLAlgorithmArb,8,"{'remainder': 'RemainderType.v_variant', 'useRecFormulas': 'True', 'beta': '9E-1'}",,{},48,1.25E-1,8.191875E3,1.1468825E5,8.06521156101834931168E3,1.14814913438981650688E5
example_series.csv#1,1.22880125E5,{},LevinLAlgorithmArb,8,"{'remainder': 'RemainderType.v_variant', 'useRecFormulas': 'True', 'beta': '9E-1'}",,{},49,1.25E-1,8.191875E3,1.1468825E5,8.06463309266467437713E3,1.14815491907335325621E5
example_series.csv#1,1.22880125E5,{},LevinLAlgorithmArb,8,"{'remainder': 'RemainderType.u_variant', 'useRecFormulas': 'True', 'beta': '0E0'}",,{},1,2.048E3,6.144E3,1.16736125E5,8.17015732943704071028E3,1.14709967670562959288E5
example_series.csv#1,1.22880125E5,{},LevinLAlgorithmArb,8,"{'remainder': 'RemainderType.u_variant', 'useRecFormulas': 'True', 'beta': '0E0'}",,{},2,1.024E3,7.168E3,1.15712125E5,8.16586726502729381074E3,1.14714257734972706189E5
example_series.csv#1,1.22880125E5,{},LevinLAlgorithmArb,8,"{'remainder': 'RemainderType.u_variant', 'useRecFormulas': 'True', 'beta': '0E0'}",,{},3,5.12E2,7.68E3,1.15200125E5,8.16104118370258566381E3,1.14719083816297414335E5
example_series.csv#1,1.22880125E5,{},LevinLAlgorithmArb,8,"{'remainder': 'RemainderType.u_variant', 'useRecFormulas': 'True', 'beta': '0E0'}",,{},4,2.56E2,7.936E3,1.14944125E5,8.15593962412645658144E3,1.14724185375873543418E5
example_series.csv#1,1.22880125E5,{},LevinLAlgorithmArb,8,"{'remainder': 'RemainderType.u_variant', 'useRecFormulas': 'True', 'beta': '0E0'}",,{},5,1.28E2,8.064E3,1.14816125E5,8.15075838238650448203E3,1.14729366617613495518E5
example_series.csv#1,1.22880125E5,{},LevinLAlgorithmArb,8,"{'remainder': 'RemainderType.u_variant', 'useRecFormulas': 'True', 'beta': '0E0'}",,{},6,6.4E1,8.128E3,1.14752125E5,8.14563726883324336747E3,1.14734487731166756632E5
example_series.csv#1,1.22880125E5,{},LevinLAlgorithmArb,8,"{'remainder': 'RemainderType.u_variant', 'useRecFormulas': 'True', 'beta': '0E0'}",,{},7,3.2E1,8.16E3,1.14720125E5,8.14066998459431151813E3,1.1473945501540568848E5
example_series.csv#1,1.22880125E5,{},LevinLAlgorithmArb,8,"{'remainder': 'RemainderType.u_variant', 'useRecFormulas': 'True', 'beta': '0E0'}",,{},8,1.6E1,8.176E3,1.14704125E5,8.13591444003648197824E3,1.1474421055996351802E5
example_series.csv#1,1.22880125E5,{},LevinLAlgorithmArb,8,"{'remainder': 'RemainderType.u_variant', 'useRecFormulas': 'True', 'beta': '0E0'}",,{},9,8E0,8.184E3,1.14696125E5,8.13140231448944429559E3,1.14748722685510555704E5
example_series.csv#1,1.22880125E5,{},LevinLAlgorithmArb,8,"{'remainder': 'RemainderType.u_variant', 'useRecFormulas': 'True', 'beta': '0E0'}",,{},10,4E0,8.188E3,1.14692125E5,8.1271470026555885906E3,1.14752977997344411408E5
example_series.csv#1,1.22880125E5,{},LevinLAlgorithmArb,8,"{'remainder': 'RemainderType.u_variant', 'useRecFormulas': 'True', 'beta': '0E0'}",,{},11,2E0,8.19E3,1.14690125E5,8.12314972374283636849E3,1.1475697527625716363E5
example_series.csv#1,1.22880125E5,{},LevinLAlgorithmArb,8,"{'remainder': 'RemainderType.u_variant', 'useRecFormulas': 'True', 'beta': '0E0'}",,{},12,1E0,8.191E3,1.14689125E5,8.11940396892936762507E3,1.14760721031070632375E5
example_series.csv#1,1.22880125E5,{},LevinLAlgorithmArb,8,"{'remainder': 'RemainderType.u_variant', 'useRecFormulas': 'True', 'beta': '0E0'}",,{},13,5E-1,8.1915E3,1.14688625E5,8.11589861420691794485E3,1.14764226385793082055E5
example_series.csv#1,1.22880125E5,{},LevinLAlgorithmArb,8,"{'remainder': 'RemainderType.u_variant', 'useRecFormulas': 'True', 'beta': '0E0'}",,{},14,2.5E-1,8.19175E3,1.14688375E5,8.11262003314080120452E3,1.14767504966859198794E5
example_series.csv#1,1.22880125E5,{},LevinLAlgorithmArb,8,"{'remainder': 'RemainderType.u_variant', 'useRecFormulas': 'True', 'beta': '0E0'}",,{},15,1.25E-1,8.191875E3,1.1468825E5,8.1095534922523342402E3,1.14770571507747665759E5
example_series.csv#1,1.22880125E5,{},LevinLAlgorithmArb,8,"{'remainder': 'RemainderType.u_variant', 'useRecFormulas': 'True', 'beta': '0E0'}",,{},16,1.25E-1,8.191875E3,1.1468825E5,8.10668404666243135631E3,1.14773440953337568643E5
example_series.csv#1,1.22880125E5,{},LevinLAlgorithmArb,8,"{'remainder': 'RemainderType.u_variant', 'useRecFormulas': 'True', 'beta': '0E0'}",,{},17,1.25E-1,8.191875E3,1.1468825E5,8.10399709491356503796E3,1.14776127905086434962E5
example_series.csv#1,1.22880125E5,{},LevinLAlgorithmArb,8,"{'remainder': 'RemainderType.u_variant', 'useRecFormulas': 'True', 'beta': '0E0'}",,{},18,1.25E-1,8.191875E3,1.1468825E5,8.10147870530433220598E3,1.14778646294695667794E5
example_series.csv#1,1.22880125E5,{},LevinLAlgorithmArb,8,"{'remainder': 'RemainderType.u_variant', 'useRecFormulas': 'True', 'beta': '0E0'}",,{},19,1.25E-1,8.191875E3,1.1468825E5,8.09911579148580083042E3,1.14781009208514199169E5
example_series.csv#1,1.22880125E5,{},LevinLAlgorithmArb,8,"{'remainder': 'RemainderType.u_variant', 'useRecFormulas': 'True', 'beta': '0E0'}",,{},20,1.25E-1,8.191875E3,1.1468825E5,8.09689619035237756647E3,1.14783228809647622433E5
example_series.csv#1,1.22880125E5,{},LevinLAlgorithmArb,8,"{'remainder': 'RemainderType.u_variant', 'useRecFormulas': 'True', 'beta': '0E0'}",,{},21,1.25E-1,8.191875E3,1.1468825E5,8.09480867800344412135E3,1.14785316321996555878E5
example_series.csv#1,1.22880125E5,{},LevinLAlgorithmArb,8,"{'remainder': 'RemainderType.u_variant', 'useRecFormulas': 'True', 'beta': '0E0'}",,{},22,1.25E-1,8.191875E3,1.1468825E5,8.092842947681574613E3,1.14787282052318425387E5
example_series.csv#1,1.22880125E5,{},LevinLAlgorithmArb,8,"{'remainder': 'RemainderType.u_variant', 'useRecFormulas': 'True', 'beta': '0E0'}",,{},23,1.25E-1,8.191875E3,1.1468825E5,8.09098956550792053257E3,1.14789135434492079467E5
example_series.csv#1,1.22880125E5,{},LevinLAlgorithmArb,8,"{'remainder': 'RemainderType.u_variant', 'useRecFormulas': 'True', 'beta': '0E0'}",,{},24,1.25E-1,8.191875E3,1.1468825E5,8.08923991436684953351E3,1.14790885085633150465E5
example_series.csv#1,1.22880125E5,{},LevinLAlgorithmArb,8,"{'remainder': 'RemainderType.u_variant', 'useRecFormulas': 'True', 'beta': '0E0'}",,{},25,1.25E-1,8.191875E3,1.1468825E5,8.08758613261393365559E3,1.14792538867386066343E5
example_series.csv#1,1.22880125E5,{},LevinLAlgorithmArb,8,"{'remainder': 'RemainderType.u_variant', 'useRecFormulas': 'True', 'beta': '0E0'}",,{},26,1.25E-1,8.191875E3,1.1468825E5,8.08602105182064879967E3,1.147941039481793512E5
example_series.csv#1,1.22880125E5,{},LevinLAlgorithmArb,8,"{'remainder': 'RemainderType.u_variant', 'useRecFormulas': 'True', 'beta': '0E0'}",,{},27,1.25E-1,8.191875E3,1.1468825E5,8.08453813613245118377E3,1.14795586863867548816E5
example_series.csv#1,1.22880125E5,{},LevinLAlgorithmArb,8,"{'remainder': 'RemainderType.u_variant', 'useRecFormulas': 'True', 'beta': '0E0'}",,{},28,1.25E-1,8.191875E3,1.1468825E5,8.08313142473635366469E3,1.14796993575263646334E5
example_series.csv#1,1.22880125E5,{},LevinLAlgorithmArb,8,"{'remainder': 'RemainderType.u_variant', 'useRecFormulas': 'True', 'beta': '0E0'}",,{},29,1.25E-1,8.191875E3,1.1468825E5,8.08179547822796485809E3,1.1479832952177203514E5
example_series.csv#1,1.22880125E5,{},LevinLAlgorithmArb,8,"{'remainder': 'RemainderType.u_variant', 'useRecFormulas': 'True', 'beta': '0E0'}",,{},30,1.25E-1,8.191875E3,1.1468825E5,8.08052532921311649011E3,1.1479959967078688351E5
example_series.csv#1,1.22880125E5,{},LevinLAlgorithmArb,8,"{'remainder': 'RemainderType.u_variant', 'useRecFormulas': 'True', 'beta': '0E0'}",,{},31,1.25E-1,8.191875E3,1.1468825E5,8.07931643719248192231E3,1.14800808562807518077E5
example_series.csv#1,1.22880125E5,{},LevinLAlgorithmArb,8,"{'remainder': 'RemainderType.u_variant', 'useRecFormulas': 'True', 'beta': '0E0'}",,{},32,1.25E-1,8.191875E3,1.1468825E5,8.07816464760276776005E3,1.14801960352397232238E5
example_series.csv#1,1.22880125E5,{},LevinLAlgorithmArb,8,"{'remainder': 'RemainderType.u_variant', 'useRecFormulas': 'True', 'beta': '0E0'}",,{},33,1.25E-1,8.191875E3,1.1468825E5,8.077066154787196359E3,1.14803058845212803641E5
example_series.csv#1,1.22880125E5,{},LevinLAlgorithmArb,8,"{'remainder': 'RemainderType.u_variant', 'useRecFormulas': 'True', 'beta': '0E0'}",,{},34,1.25E-1,8.191875E3,1.1468825E5,8.07601746861550925735E3,1.14804107531384490742E5
example_series.csv#1,1.22880125E5,{},LevinLAlgorithmArb,8,"{'remainder': 'RemainderType.u_variant', 'useRecFormulas': 'True', 'beta': '0E0'}",,{},35,1.25E-1,8.191875E3,1.1468825E5,8.07501538445239995359E3,1.14805109615547600045E5
example_series.csv#1,1.22880125E5,{},LevinLAlgorithmArb,8,"{'remainder': 'RemainderType.u_variant', 'useRecFormulas': 'True', 'beta': '0E0'}",,{},36,1.25E-1,8.191875E3,1.1468825E5,8.07405695617158815477E3,1.14806068043828411845E5
example_series.csv#1,1.22880125E5,{},LevinLAlgorithmArb,8,"{'remainder': 'RemainderType.u_variant', 'useRecFormulas': 'True', 'beta': '0E0'}",,{},37,1.25E-1,8.191875E3,1.1468825E5,8.0731394719229762274E3,1.14806985528077023772E5
example_series.csv#1,1.22880125E5,{},LevinLAlgorithmArb,8,"{'remainder': 'RemainderType.u_variant', 'useRecFormulas': 'True', 'beta': '0E0'}",,{},38,1.25E-1,8.191875E3,1.1468825E5,8.07226043237738254382E3,1.14807864567622617455E5
example_series.csv#1,1.22880125E5,{},LevinLAlgorithmArb,8,"{'remainder': 'RemainderType.u_variant', 'useRecFormulas': 'True', 'beta': '0E0'}",,{},39,1.25E-1,8.191875E3,1.1468825E5,8.07141753119388566259E3,1.14808707468806114337E5
example_series.csv#1,1.22880125E5,{},LevinLAlgorithmArb,8,"{'remainder': 'RemainderType.u_variant', 'useRecFormulas': 'True', 'beta': '0E0'}",,{},40,1.25E-1,8.191875E3,1.1468825E5,8.07060863747668558784E3,1.14809516362523314412E5
example_series.csv#1,1.22880125E5,{},LevinLAlgorithmArb,8,"{'remainder': 'RemainderType.u_variant', 'useRecFormulas': 'True', 'beta': '0E0'}",,{},41,1.25E-1,8.191875E3,1.1468825E5,8.06983178001024055656E3,1.14810293219989759442E5
example_series.csv#1,1.22880125E5,{},LevinLAlgorithmArb,8,"{'remainder': 'RemainderType.u_variant', 'useRecFormulas': 'True', 'beta': '0E0'}",,{},42,1.25E-1,8.191875E3,1.1468825E5,8.06908513308245131129E3,1.14811039866917548688E5
example_series.csv#1,1.22880125E5,{},LevinLAlgorithmArb,8,"{'remainder': 'RemainderType.u_variant', 'useRecFormulas': 'True', 'beta': '0E0'}",,{},43,1.25E-1,8.191875E3,1.1468825E5,8.0683670037253757927E3,1.14811757996274624206E5
example_series.csv#1,1.22880125E5,{},LevinLAlgorithmArb,8,"{'remainder': 'RemainderType.u_variant', 'useRecFormulas': 'True', 'beta': '0E0'}",,{},44,1.25E-1,8.191875E3,1.1468825E5,8.06767582022113437104E3,1.14812449179778865627E5
example_series.csv#1,1.22880125E5,{},LevinLAlgorithmArb,8,"{'remainder': 'RemainderType.u_variant', 'useRecFormulas': 'True', 'beta': '0E0'}",,{},45,1.25E-1,8.191875E3,1.1468825E5,8.06701012173722768E3,1.14813114878262772319E5
example_series.csv#1,1.22880125E5,{},LevinLAlgorithmArb,8,"{'remainder': 'RemainderType.u_variant', 'useRecFormulas': 'True', 'beta': '0E0'}",,{},46,1.25E-1,8.191875E3,1.1468825E5,8.06636854897044838977E3,1.14813756451029551609E5
example_series.csv#1,1.22880125E5,{},LevinLAlgorithmArb,8,"{'remainder': 'RemainderType.u_variant', 'useRecFormulas': 'True', 'beta': '0E0'}",,{},47,1.25E-1,8.191875E3,1.1468825E5,8.06574983569199391369E3,1.14814375164308006085E5
example_series.csv#1,1.22880125E5,{},LevinLAlgorithmArb,8,"{'remainder': 'RemainderType.u_variant', 'useRecFormulas': 'True', 'beta': '0E0'}",,{},48,1.25E-1,8.191875E3,1.1468825E5,8.06515280109837983296E3,1.14814972198901620167E5
example_series.csv#1,1.22880125E5,{},LevinLAlgorithmArb,8,"{'remainder': 'RemainderType.u_variant', 'useRecFormulas': 'True', 'beta': '0E0'}",,{},49,1.25E-1,8.191875E3,1.1468825E5,8.06457634288342974618E3,1.14815548657116570252E5
example_series.csv#1,1.22880125E5,{},LevinLAlgorithmArb,8,"{'remainder': 'RemainderType.u_variant', 'useRecFormulas': 'True', 'beta': '1E-1'}",,{},1,2.048E3,6.144E3,1.16736125E5,8.17329730604519717748E3,1.14706827693954802822E5
example_series.csv#1,1.22880125E5,{},LevinLAlgorithmArb,8,"{'remainder': 'RemainderType.u_variant', 'useRecFormulas': 'True', 'beta': '1E-1'}",,{},2,1.024E3,7.168E3,1.15712125E5,8.16976128330330315568E3,1.14710363716696696843E5
example_series.csv#1,1.22880125E5,{},LevinLAlgorithmArb,8,"{'remainder': 'RemainderType.u_variant', 'useRecFormulas': 'True', 'beta': '1E-1'}",,{},3,5.12E2,7.68E3,1.15200125E5,8.16540393769031577603E3,1.14714721062309684223E5
example_series.csv#1,1.22880125E5,{},LevinLAlgorithmArb,8,"{'remainder': 'RemainderType.u_variant', 'useRecFormulas': 'True', 'beta': '1E-1'}",,{},4,2.56E2,7.936E3,1.14944125E5,8.16053971284696258214E3,1.14719585287153037417E5
example_series.csv#1,1.22880125E5,{},LevinLAlgorithmArb,8,"{'remainder': 'RemainderType.u_variant', 'useRecFormulas': 'True', 'beta': '1E-1'}",,{},5,1.28E2,8.064E3,1.14816125E5,8.15542237092514988766E3,1.14724702629074850111E5
example_series.csv#1,1.22880125E5,{},LevinLAlgorithmArb,8,"{'remainder': 'RemainderType.u_variant', 'useRecFormulas': 'True', 'beta': '1E-1'}",,{},6,6.4E1,8.128E3,1.14752125E5,8.15024169187241065154E3,1.14729883308127589347E5
example_series.csv#1,1.22880125E5,{},LevinLAlgorithmArb,8,"{'remainder': 'RemainderType.u_variant', 'useRecFormulas': 'True', 'beta': '1E-1'}",,{},7,3.2E1,8.16E3,1.14720125E5,8.14513241557247213123E3,1.14734992584427527868E5
example_series.csv#1,1.22880125E5,{},LevinLAlgorithmArb,8,"{'remainder': 'RemainderType.u_variant', 'useRecFormulas': 'True', 'beta': '1E-1'}",,{},8,1.6E1,8.176E3,1.14704125E5,8.14018420263358492977E3,1.1473994079736641507E5
example_series.csv#1,1.22880125E5,{},LevinLAlgorithmArb,8,"{'remainder': 'RemainderType.u_variant', 'useRecFormulas': 'True', 'beta': '1E-1'}",,{},9,8E0,8.184E3,1.14696125E5,8.13545193230815356802E3,1.1474467306769184643E5
example_series.csv#1,1.22880125E5,{},LevinLAlgorithmArb,8,"{'remainder': 'RemainderType.u_variant', 'useRecFormulas': 'True', 'beta': '1E-1'}",,{},10,4E0,8.188E3,1.14692125E5,8.13096512822112542634E3,1.14749159871778874573E5
example_series.csv#1,1.22880125E5,{},LevinLAlgorithmArb,8,"{'remainder': 'RemainderType.u_variant', 'useRecFormulas': 'True', 'beta': '1E-1'}",,{},11,2E0,8.19E3,1.14690125E5,8.126735722232683477E3,1.14753389277767316523E5
example_series.csv#1,1.22880125E5,{},LevinLAlgorithmArb,8,"{'remainder': 'RemainderType.u_variant', 'useRecFormulas': 'True', 'beta': '1E-1'}",,{},12,1E0,8.191E3,1.14689125E5,8.12276398537606374306E3,1.14757361014623936255E5
example_series.csv#1,1.22880125E5,{},LevinLAlgorithmArb,8,"{'remainder': 'RemainderType.u_variant', 'useRecFormulas': 'True', 'beta': '1E-1'}",,{},13,5E-1,8.1915E3,1.14688625E5,8.11904282623550770223E3,1.14761082173764492297E5
example_series.csv#1,1.22880125E5,{},LevinLAlgorithmArb,8,"{'remainder': 'RemainderType.u_variant', 'useRecFormulas': 'True', 'beta': '1E-1'}",,{},14,2.5E-1,8.19175E3,1.14688375E5,8.1155607893246597746E3,1.14764564210675340225E5
example_series.csv#1,1.22880125E5,{},LevinLAlgorithmArb,8,"{'remainder': 'RemainderType.u_variant', 'useRecFormulas': 'True', 'beta': '1E-1'}",,{},15,1.25E-1,8.191875E3,1.1468825E5,8.11230408445305431983E3,1.1476782091554694568E5
example_series.csv#1,1.22880125E5,{},LevinLAlgorithmArb,8,"{'remainder': 'RemainderType.u_variant', 'useRecFormulas': 'True', 'beta': '1E-1'}",,{},16,1.25E-1,8.191875E3,1.1468825E5,8.10925792339333628025E3,1.14770867076606663719E5
example_series.csv#1,1.22880125E5,{},LevinLAlgorithmArb,8,"{'remainder': 'RemainderType.u_variant', 'useRecFormulas': 'True', 'beta': '1E-1'}",,{},17,1.25E-1,8.191875E3,1.1468825E5,8.10640737516031953918E3,1.1477371762483968046E5
example_series.csv#1,1.22880125E5,{},LevinLAlgorithmArb,8,"{'remainder': 'RemainderType.u_variant', 'useRecFormulas': 'True', 'beta': '1E-1'}",,{},18,1.25E-1,8.191875E3,1.1468825E5,8.10373789358826366394E3,1.14776387106411736334E5
example_series.csv#1,1.22880125E5,{},LevinLAlgorithmArb,8,"{'remainder': 'RemainderType.u_variant', 'useRecFormulas': 'True', 'beta': '1E-1'}",,{},19,1.25E-1,8.191875E3,1.1468825E5,8.10123562556990842264E3,1.14778889374430091577E5
example_series.csv#1,1.22880125E5,{},LevinLAlgorithmArb,8,"{'remainder': 'RemainderType.u_variant', 'useRecFormulas': 'True', 'beta': '1E-1'}",,{},20,1.25E-1,8.191875E3,1.1468825E5,8.09888757483144267615E3,1.14781237425168557323E5
example_series.csv#1,1.22880125E5,{},LevinLAlgorithmArb,8,"{'remainder': 'RemainderType.u_variant', 'useRecFormulas': 'True', 'beta': '1E-1'}",,{},21,1.25E-1,8.191875E3,1.1468825E5,8.09668167225256714145E3,1.14783443327747432857E5
example_series.csv#1,1.22880125E5,{},LevinLAlgorithmArb,8,"{'remainder': 'RemainderType.u_variant', 'useRecFormulas': 'True', 'beta': '1E-1'}",,{},22,1.25E-1,8.191875E3,1.1468825E5,8.09460678710862414197E3,1.14785518212891375858E5
example_series.csv#1,1.22880125E5,{},LevinLAlgorithmArb,8,"{'remainder': 'RemainderType.u_variant', 'useRecFormulas': 'True', 'beta': '1E-1'}",,{},23,1.25E-1,8.191875E3,1.1468825E5,8.09265270218414717981E3,1.1478747229781585282E5
example_series.csv#1,1.22880125E5,{},LevinLAlgorithmArb,8,"{'remainder': 'RemainderType.u_variant', 'useRecFormulas': 'True', 'beta': '1E-1'}",,{},24,1.25E-1,8.191875E3,1.1468825E5,8.09081006792981578701E3,1.14789314932070184211E5
example_series.csv#1,1.22880125E5,{},LevinLAlgorithmArb,8,"{'remainder': 'RemainderType.u_variant', 'useRecFormulas': 'True', 'beta': '1E-1'}",,{},25,1.25E-1,8.191875E3,1.1468825E5,8.08907034557770103147E3,1.14791054654422298967E5
example_series.csv#1,1.22880125E5,{},LevinLAlgorithmArb,8,"{'remainder': 'RemainderType.u_variant', 'useRecFormulas': 'True', 'beta': '1E-1'}",,{},26,1.25E-1,8.191875E3,1.1468825E5,8.0874257455957386235E3,1.14792699254404261376E5
example_series.csv#1,1.22880125E5,{},LevinLAlgorithmArb,8,"{'remainder': 'RemainderType.u_variant', 'useRecFormulas': 'True', 'beta': '1E-1'}",,{},27,1.25E-1,8.191875E3,1.1468825E5,8.08586916549929139158E3,1.14794255834500708608E5
example_series.csv#1,1.22880125E5,{},LevinLAlgorithmArb,8,"{'remainder': 'RemainderType.u_variant', 'useRecFormulas': 'True', 'beta': '1E-1'}",,{},28,1.25E-1,8.191875E3,1.1468825E5,8.08439412946695333439E3,1.14795730870533046664E5
example_series.csv#1,1.22880125E5,{},LevinLAlgorithmArb,8,"{'remainder': 'RemainderType.u_variant', 'useRecFormulas': 'True', 'beta': '1E-1'}",,{},29,1.25E-1,8.191875E3,1.1468825E5,8.08299473117167192473E3,1.14797130268828328075E5
example_series.csv#1,1.22880125E5,{},LevinLAlgorithmArb,8,"{'remainder': 'RemainderType.u_variant', 'useRecFormulas': 'True', 'beta': '1E-1'}",,{},30,1.25E-1,8.191875E3,1.1468825E5,8.08166558056199326706E3,1.14798459419438006733E5
example_series.csv#1,1.22880125E5,{},LevinLAlgorithmArb,8,"{'remainder': 'RemainderType.u_variant', 'useRecFormulas': 'True', 'beta': '1E-1'}",,{},31,1.25E-1,8.191875E3,1.1468825E5,8.08040175489342299944E3,1.14799723245106577E5
example_series.csv#1,1.22880125E5,{},LevinLAlgorithmArb,8,"{'remainder': 'RemainderType.u_variant', 'useRecFormulas': 'True', 'beta': '1E-1'}",,{},32,1.25E-1,8.191875E3,1.1468825E5,8.07919875403653431489E3,1.14800926245963465685E5
example_series.csv#1,1.22880125E5,{},LevinLAlgorithmArb,8,"{'remainder': 'RemainderType.u_variant', 'useRecFormulas': 'True', 'beta': '1E-1'}",,{},33,1.25E-1,8.191875E3,1.1468825E5,8.07805245992249385525E3,1.14802072540077506144E5
example_series.csv#1,1.22880125E5,{},LevinLAlgorithmArb,8,"{'remainder': 'RemainderType.u_variant', 'useRecFormulas': 'True', 'beta': '1E-1'}",,{},34,1.25E-1,8.191875E3,1.1468825E5,8.0769590998916365564E3,1.14803165900108363442E5
example_series.csv#1,1.22880125E5,{},LevinLAlgorithmArb,8,"{'remainder': 'RemainderType.u_variant', 'useRecFormulas': 'True', 'beta': '1E-1'}",,{},35,1.25E-1,8.191875E3,1.1468825E5,8.0759152136620125203E3,1.14804209786337987479E5
example_series.csv#1,1.22880125E5,{},LevinLAlgorithmArb,8,"{'remainder': 'RemainderType.u_variant', 'useRecFormulas': 'True', 'beta': '1E-1'}",,{},36,1.25E-1,8.191875E3,1.1468825E5,8.07491762361591386518E3,1.14805207376384086134E5
example_series.csv#1,1.22880125E5,{},LevinLAlgorithmArb,8,"{'remainder': 'RemainderType.u_variant', 'useRecFormulas': 'True', 'beta': '1E-1'}",,{},37,1.25E-1,8.191875E3,1.1468825E5,8.07396340810218114894E3,1.14806161591897818849E5
example_series.csv#1,1.22880125E5,{},LevinLAlgorithmArb,8,"{'remainder': 'RemainderType.u_variant', 'useRecFormulas': 'True', 'beta': '1E-1'}",,{},38,1.25E-1,8.191875E3,1.1468825E5,8.07304987746319501878E3,1.1480707512253680498E5
example_series.csv#1,1.22880125E5,{},LevinLAlgorithmArb,8,"{'remainder': 'RemainderType.u_variant', 'useRecFormulas': 'True', 'beta': '1E-1'}",,{},39,1.25E-1,8.191875E3,1.1468825E5,8.07217455251298816448E3,1.14807950447487011834E5
example_series.csv#1,1.22880125E5,{},LevinLAlgorithmArb,8,"{'remainder': 'RemainderType.u_variant', 'useRecFormulas': 'True', 'beta': '1E-1'}",,{},40,1.25E-1,8.191875E3,1.1468825E5,8.0713351452136663118E3,1.14808789854786333687E5
example_series.csv#1,1.22880125E5,{},LevinLAlgorithmArb,8,"{'remainder': 'RemainderType.u_variant', 'useRecFormulas': 'True', 'beta': '1E-1'}",,{},41,1.25E-1,8.191875E3,1.1468825E5,8.07052954131924762046E3,1.14809595458680752379E5
example_series.csv#1,1.22880125E5,{},LevinLAlgorithmArb,8,"{'remainder': 'RemainderType.u_variant', 'useRecFormulas': 'True', 'beta': '1E-1'}",,{},42,1.25E-1,8.191875E3,1.1468825E5,8.06975578477782797978E3,1.14810369215222172019E5
example_series.csv#1,1.22880125E5,{},LevinLAlgorithmArb,8,"{'remainder': 'RemainderType.u_variant', 'useRecFormulas': 'True', 'beta': '1E-1'}",,{},43,1.25E-1,8.191875E3,1.1468825E5,8.06901206370387918714E3,1.14811112936296120811E5
example_series.csv#1,1.22880125E5,{},LevinLAlgorithmArb,8,"{'remainder': 'RemainderType.u_variant', 'useRecFormulas': 'True', 'beta': '1E-1'}",,{},44,1.25E-1,8.191875E3,1.1468825E5,8.06829669775205198156E3,1.14811828302247948017E5
example_series.csv#1,1.22880125E5,{},LevinLAlgorithmArb,8,"{'remainder': 'RemainderType.u_variant', 'useRecFormulas': 'True', 'beta': '1E-1'}",,{},45,1.25E-1,8.191875E3,1.1468825E5,8.06760812674187331136E3,1.14812516873258126687E5
example_series.csv#1,1.22880125E5,{},LevinLAlgorithmArb,8,"{'remainder': 'RemainderType.u_variant', 'useRecFormulas': 'True', 'beta': '1E-1'}",,{},46,1.25E-1,8.191875E3,1.1468825E5,8.06694490039912715473E3,1.14813180099600872845E5
example_series.csv#1,1.22880125E5,{},LevinLAlgorithmArb,8,"{'remainder': 'RemainderType.u_variant', 'useRecFormulas': 'True', 'beta': '1E-1'}",,{},47,1.25E-1,8.191875E3,1.1468825E5,8.06630566909451032578E3,1.14813819330905489673E5
example_series.csv#1,1.22880125E5,{},LevinLAlgorithmArb,8,"{'remainder': 'RemainderType.u_variant', 'useRecFormulas': 'True', 'beta': '1E-1'}",,{},48,1.25E-1,8.191875E3,1.1468825E5,8.06568917547343218646E3,1.14814435824526567813E5
example_series.csv#1,1.22880125E5,{},LevinLAlgorithmArb,8,"{'remainder': 'RemainderType.u_variant', 'useRecFormulas': 'True', 'beta': '1E-1'}",,{},49,1.25E-1,8.191875E3,1.1468825E5,8.06509424688268291092E3,1.14815030753117317089E5
example_series.csv#1,1.22880125E5,{},LevinLAlgorithmArb,8,"{'remainder': 'RemainderType.u_variant', 'useRecFormulas': 'True', 'beta': '2E-1'}",,{},1,2.048E3,6.144E3,1.16736125E5,8.17298958760928747918E3,1.1470713541239071252E5
example_series.csv#1,1.22880125E5,{},LevinLAlgorithmArb,8,"{'remainder': 'RemainderType.u_variant', 'useRecFormulas': 'True', 'beta': '2E-1'}",,{},2,1.024E3,7.168E3,1.15712125E5,8.16935701209139756745E3,1.14710767987908602432E5
example_series.csv#1,1.22880125E5,{},LevinLAlgorithmArb,8,"{'remainder': 'RemainderType.u_variant', 'useRecFormulas': 'True', 'beta': '2E-1'}",,{},3,5.12E2,7.68E3,1.15200125E5,8.16493559995942394208E3,1.14715189400040576058E5
example_series.csv#1,1.22880125E5,{},LevinLAlgorithmArb,8,"{'remainder': 'RemainderType.u_variant', 'useRecFormulas': 'True', 'beta': '2E-1'}",,{},4,2.56E2,7.936E3,1.14944125E5,8.16003576377432154659E3,1.14720089236225678452E5
example_series.csv#1,1.22880125E5,{},LevinLAlgorithmArb,8,"{'remainder': 'RemainderType.u_variant', 'useRecFormulas': 'True', 'beta': '2E-1'}",,{},5,1.28E2,8.064E3,1.14816125E5,8.15490452988614008072E3,1.14725220470113859918E5
example_series.csv#1,1.22880125E5,{},LevinLAlgorithmArb,8,"{'remainder': 'RemainderType.u_variant', 'useRecFormulas': 'True', 'beta': '2E-1'}",,{},6,6.4E1,8.128E3,1.14752125E5,8.14972575262559532907E3,1.14730399247374404669E5
example_series.csv#1,1.22880125E5,{},LevinLAlgorithmArb,8,"{'remainder': 'RemainderType.u_variant', 'useRecFormulas': 'True', 'beta': '2E-1'}",,{},7,3.2E1,8.16E3,1.14720125E5,8.14462920153262480732E3,1.14735495798467375192E5
example_series.csv#1,1.22880125E5,{},LevinLAlgorithmArb,8,"{'remainder': 'RemainderType.u_variant', 'useRecFormulas': 'True', 'beta': '2E-1'}",,{},8,1.6E1,8.176E3,1.14704125E5,8.13970060082311679966E3,1.14740424399176883199E5
example_series.csv#1,1.22880125E5,{},LevinLAlgorithmArb,8,"{'remainder': 'RemainderType.u_variant', 'useRecFormulas': 'True', 'beta': '2E-1'}",,{},9,8E0,8.184E3,1.14696125E5,8.134991893547988549E3,1.14745133106452011451E5
example_series.csv#1,1.22880125E5,{},LevinLAlgorithmArb,8,"{'remainder': 'RemainderType.u_variant', 'useRecFormulas': 'True', 'beta': '2E-1'}",,{},10,4E0,8.188E3,1.14692125E5,8.13053052537289527296E3,1.14749594474627104727E5
example_series.csv#1,1.22880125E5,{},LevinLAlgorithmArb,8,"{'remainder': 'RemainderType.u_variant', 'useRecFormulas': 'True', 'beta': '2E-1'}",,{},11,2E0,8.19E3,1.14690125E5,8.12632702443275388967E3,1.1475379797556724611E5
example_series.csv#1,1.22880125E5,{},LevinLAlgorithmArb,8,"{'remainder': 'RemainderType.u_variant', 'useRecFormulas': 'True', 'beta': '2E-1'}",,{},12,1E0,8.191E3,1.14689125E5,8.1223807562815723135E3,1.14757744243718427686E5
example_series.csv#1,1.22880125E5,{},LevinLAlgorithmArb,8,"{'remainder': 'RemainderType.u_variant', 'useRecFormulas': 'True', 'beta': '2E-1'}",,{},13,5E-1,8.1915E3,1.14688625E5,8.11868407661526224705E3,1.14761440923384737752E5
example_series.csv#1,1.22880125E5,{},LevinLAlgorithmArb,8,"{'remainder': 'RemainderType.u_variant', 'useRecFormulas': 'True', 'beta': '2E-1'}",,{},14,2.5E-1,8.19175E3,1.14688375E5,8.11522521853438045683E3,1.14764899781465619542E5
example_series.csv#1,1.22880125E5,{},LevinLAlgorithmArb,8,"{'remainder': 'RemainderType.u_variant', 'useRecFormulas': 'True', 'beta': '2E-1'}",,{},15,1.25E-1,8.191875E3,1.1468825E5,8.1119902412860393677E3,1.14768134758713960632E5
example_series.csv#1,1.22880125E5,{},LevinLAlgorithmArb,8,"{'remainder': 'RemainderType.u_variant', 'useRecFormulas': 'True', 'beta': '2E-1'}",,{},16,1.25E-1,8.191875E3,1.1468825E5,8.10896431032164459504E3,1.14771160689678355403E5
example_series.csv#1,1.22880125E5,{},LevinLAlgorithmArb,8,"{'remainder': 'RemainderType.u_variant', 'useRecFormulas': 'True', 'beta': '2E-1'}",,{},17,1.25E-1,8.191875E3,1.1468825E5,8.10613251373760539658E3,1.14773992486262394602E5
example_series.csv#1,1.22880125E5,{},LevinLAlgorithmArb,8,"{'remainder': 'RemainderType.u_variant', 'useRecFormulas': 'True', 'beta': '2E-1'}",,{},18,1.25E-1,8.191875E3,1.1468825E5,8.10348036368164394896E3,1.14776644636318356051E5
example_series.csv#1,1.22880125E5,{},LevinLAlgorithmArb,8,"{'remainder': 'RemainderType.u_variant', 'useRecFormulas': 'True', 'beta': '2E-1'}",,{},19,1.25E-1,8.191875E3,1.1468825E5,8.10099408723709603286E3,1.14779130912762903967E5
example_series.csv#1,1.22880125E5,{},LevinLAlgorithmArb,8,"{'remainder': 'RemainderType.u_variant', 'useRecFormulas': 'True', 'beta': '2E-1'}",,{},20,1.25E-1,8.191875E3,1.1468825E5,8.09866077888067333007E3,1.1478146422111932667E5
example_series.csv#1,1.22880125E5,{},LevinLAlgorithmArb,8,"{'remainder': 'RemainderType.u_variant', 'useRecFormulas': 'True', 'beta': '2E-1'}",,{},21,1.25E-1,8.191875E3,1.1468825E5,8.09646846357125165813E3,1.1478365653642874834E5
example_series.csv#1,1.22880125E5,{},LevinLAlgorithmArb,8,"{'remainder': 'RemainderType.u_variant', 'useRecFormulas': 'True', 'beta': '2E-1'}",,{},22,1.25E-1,8.191875E3,1.1468825E5,8.0944061034990232645E3,1.14785718896500976735E5
example_series.csv#1,1.22880125E5,{},LevinLAlgorithmArb,8,"{'remainder': 'RemainderType.u_variant', 'useRecFormulas': 'True', 'beta': '2E-1'}",,{},23,1.25E-1,8.191875E3,1.1468825E5,8.09246357052405562265E3,1.14787661429475944376E5
example_series.csv#1,1.22880125E5,{},LevinLAlgorithmArb,8,"{'remainder': 'RemainderType.u_variant', 'useRecFormulas': 'True', 'beta': '2E-1'}",,{},24,1.25E-1,8.191875E3,1.1468825E5,8.09063159885256995929E3,1.1478949340114743004E5
example_series.csv#1,1.22880125E5,{},LevinLAlgorithmArb,8,"{'remainder': 'RemainderType.u_variant', 'useRecFormulas': 'True', 'beta': '2E-1'}",,{},25,1.25E-1,8.191875E3,1.1468825E5,8.08890172744565561444E3,1.14791223272554344385E5
example_series.csv#1,1.22880125E5,{},LevinLAlgorithmArb,8,"{'remainder': 'RemainderType.u_variant', 'useRecFormulas': 'True', 'beta': '2E-1'}",,{},26,1.25E-1,8.191875E3,1.1468825E5,8.08726623825976593074E3,1.14792858761740234069E5
example_series.csv#1,1.22880125E5,{},LevinLAlgorithmArb,8,"{'remainder': 'RemainderType.u_variant', 'useRecFormulas': 'True', 'beta': '2E-1'}",,{},27,1.25E-1,8.191875E3,1.1468825E5,8.08571809414918307667E3,1.14794406905850816923E5
example_series.csv#1,1.22880125E5,{},LevinLAlgorithmArb,8,"{'remainder': 'RemainderType.u_variant', 'useRecFormulas': 'True', 'beta': '2E-1'}",,{},28,1.25E-1,8.191875E3,1.1468825E5,8.08425087875336967738E3,1.14795874121246630322E5
example_series.csv#1,1.22880125E5,{},LevinLAlgorithmArb,8,"{'remainder': 'RemainderType.u_variant', 'useRecFormulas': 'True', 'beta': '2E-1'}",,{},29,1.25E-1,8.191875E3,1.1468825E5,8.08285873969879004921E3,1.14797266260301209949E5
example_series.csv#1,1.22880125E5,{},LevinLAlgorithmArb,8,"{'remainder': 'RemainderType.u_variant', 'useRecFormulas': 'True', 'beta': '2E-1'}",,{},30,1.25E-1,8.191875E3,1.1468825E5,8.08153633579723090674E3,1.14798588664202769093E5
example_series.csv#1,1.22880125E5,{},LevinLAlgorithmArb,8,"{'remainder': 'RemainderType.u_variant', 'useRecFormulas': 'True', 'beta': '2E-1'}",,{},31,1.25E-1,8.191875E3,1.1468825E5,8.08027878850707540481E3,1.14799846211492924595E5
example_series.csv#1,1.22880125E5,{},LevinLAlgorithmArb,8,"{'remainder': 'RemainderType.u_variant', 'useRecFormulas': 'True', 'beta': '2E-1'}",,{},32,1.25E-1,8.191875E3,1.1468825E5,8.0790816376634501269E3,1.14801043362336549872E5
example_series.csv#1,1.22880125E5,{},LevinLAlgorithmArb,8,"{'remainder': 'RemainderType.u_variant', 'useRecFormulas': 'True', 'beta': '2E-1'}",,{},33,1.25E-1,8.191875E3,1.1468825E5,8.07794080132570421365E3,1.14802184198674295786E5
example_series.csv#1,1.22880125E5,{},LevinLAlgorithmArb,8,"{'remainder': 'RemainderType.u_variant', 'useRecFormulas': 'True', 'beta': '2E-1'}",,{},34,1.25E-1,8.191875E3,1.1468825E5,8.07685253950122178273E3,1.14803272460498778217E5
example_series.csv#1,1.22880125E5,{},LevinLAlgorithmArb,8,"{'remainder': 'RemainderType.u_variant', 'useRecFormulas': 'True', 'beta': '2E-1'}",,{},35,1.25E-1,8.191875E3,1.1468825E5,8.07581342145947728231E3,1.14804311578540522717E5
example_series.csv#1,1.22880125E5,{},LevinLAlgorithmArb,8,"{'remainder': 'RemainderType.u_variant', 'useRecFormulas': 'True', 'beta': '2E-1'}",,{},36,1.25E-1,8.191875E3,1.1468825E5,8.07482029633362534298E3,1.14805304703666374657E5
example_series.csv#1,1.22880125E5,{},LevinLAlgorithmArb,8,"{'remainder': 'RemainderType.u_variant', 'useRecFormulas': 'True', 'beta': '2E-1'}",,{},37,1.25E-1,8.191875E3,1.1468825E5,8.07387026670812331552E3,1.14806254733291876684E5
example_series.csv#1,1.22880125E5,{},LevinLAlgorithmArb,8,"{'remainder': 'RemainderType.u_variant', 'useRecFormulas': 'True', 'beta': '2E-1'}",,{},38,1.25E-1,8.191875E3,1.1468825E5,8.07296066490281993141E3,1.14807164335097180067E5
example_series.csv#1,1.22880125E5,{},LevinLAlgorithmArb,8,"{'remainder': 'RemainderType.u_variant', 'useRecFormulas': 'True', 'beta': '2E-1'}",,{},39,1.25E-1,8.191875E3,1.1468825E5,8.07208903168191687022E3,1.14808035968318083129E5
example_series.csv#1,1.22880125E5,{},LevinLAlgorithmArb,8,"{'remainder': 'RemainderType.u_variant', 'useRecFormulas': 'True', 'beta': '2E-1'}",,{},40,1.25E-1,8.191875E3,1.1468825E5,8.07125309713715781598E3,1.14808871902862842182E5
example_series.csv#1,1.22880125E5,{},LevinLAlgorithmArb,8,"{'remainder': 'RemainderType.u_variant', 'useRecFormulas': 'True', 'beta': '2E-1'}",,{},41,1.25E-1,8.191875E3,1.1468825E5,8.07045076351655584598E3,1.14809674236483444154E5
example_series.csv#1,1.22880125E5,{},LevinLAlgorithmArb,8,"{'remainder': 'RemainderType.u_variant', 'useRecFormulas': 'True', 'beta': '2E-1'}",,{},42,1.25E-1,8.191875E3,1.1468825E5,8.06968008979170642949E3,1.1481044491020829357E5
example_series.csv#1,1.22880125E5,{},LevinLAlgorithmArb,8,"{'remainder': 'RemainderType.u_variant', 'useRecFormulas': 'True', 'beta': '2E-1'}",,{},43,1.25E-1,8.191875E3,1.1468825E5,8.06893927777751452368E3,1.14811185722222485475E5
example_series.csv#1,1.22880125E5,{},LevinLAlgorithmArb,8,"{'remainder': 'RemainderType.u_variant', 'useRecFormulas': 'True', 'beta': '2E-1'}",,{},44,1.25E-1,8.191875E3,1.1468825E5,8.06822665963758118615E3,1.14811898340362418812E5
example_series.csv#1,1.22880125E5,{},LevinLAlgorithmArb,8,"{'remainder': 'RemainderType.u_variant', 'useRecFormulas': 'True', 'beta': '2E-1'}",,{},45,1.25E-1,8.191875E3,1.1468825E5,8.06754068662635209605E3,1.14812584313373647904E5
example_series.csv#1,1.22880125E5,{},LevinLAlgorithmArb,8,"{'remainder': 'RemainderType.u_variant', 'useRecFormulas': 'True', 'beta': '2E-1'}",,{},46,1.25E-1,8.191875E3,1.1468825E5,8.06687991893536853568E3,1.14813245081064631464E5
example_series.csv#1,1.22880125E5,{},LevinLAlgorithmArb,8,"{'remainder': 'RemainderType.u_variant', 'useRecFormulas': 'True', 'beta': '2E-1'}",,{},47,1.25E-1,8.191875E3,1.1468825E5,8.06624301652560709471E3,1.14813881983474392904E5
example_series.csv#1,1.22880125E5,{},LevinLAlgorithmArb,8,"{'remainder': 'RemainderType.u_variant', 'useRecFormulas': 'True', 'beta': '2E-1'}",,{},48,1.25E-1,8.191875E3,1.1468825E5,8.06562873084102470841E3,1.14814496269158975291E5
example_series.csv#1,1.22880125E5,{},LevinLAlgorithmArb,8,"{'remainder': 'RemainderType.u_variant', 'useRecFormulas': 'True', 'beta': '2E-1'}",,{},49,1.25E-1,8.191875E3,1.1468825E5,8.06503589731014549632E3,1.14815089102689854502E5
example_series.csv#1,1.22880125E5,{},LevinLAlgorithmArb,8,"{'remainder': 'RemainderType.u_variant', 'useRecFormulas': 'True', 'beta': '3E-1'}",,{},1,2.048E3,6.144E3,1.16736125E5,8.17267105196949754372E3,1.14707453948030502456E5
example_series.csv#1,1.22880125E5,{},LevinLAlgorithmArb,8,"{'remainder': 'RemainderType.u_variant', 'useRecFormulas': 'True', 'beta': '3E-1'}",,{},2,1.024E3,7.168E3,1.15712125E5,8.16894486089357061461E3,1.14711180139106429384E5
example_series.csv#1,1.22880125E5,{},LevinLAlgorithmArb,8,"{'remainder': 'RemainderType.u_variant', 'useRecFormulas': 'True', 'beta': '3E-1'}",,{},3,5.12E2,7.68E3,1.15200125E5,8.16446253639237736091E3,1.14715662463607622639E5
example_series.csv#1,1.22880125E5,{},LevinLAlgorithmArb,8,"{'remainder': 'RemainderType.u_variant', 'useRecFormulas': 'True', 'beta': '3E-1'}",,{},4,2.56E2,7.936E3,1.14944125E5,8.15952955295040052133E3,1.14720595447049599477E5
example_series.csv#1,1.22880125E5,{},LevinLAlgorithmArb,8,"{'remainder': 'RemainderType.u_variant', 'useRecFormulas': 'True', 'beta': '3E-1'}",,{},5,1.28E2,8.064E3,1.14816125E5,8.15438625816256948242E3,1.14725738741837430517E5
example_series.csv#1,1.22880125E5,{},LevinLAlgorithmArb,8,"{'remainder': 'RemainderType.u_variant', 'useRecFormulas': 'True', 'beta': '3E-1'}",,{},6,6.4E1,8.128E3,1.14752125E5,8.14921067201103304258E3,1.14730914327988966956E5
example_series.csv#1,1.22880125E5,{},LevinLAlgorithmArb,8,"{'remainder': 'RemainderType.u_variant', 'useRecFormulas': 'True', 'beta': '3E-1'}",,{},7,3.2E1,8.16E3,1.14720125E5,8.14412769474614764828E3,1.14735997305253852351E5
example_series.csv#1,1.22880125E5,{},LevinLAlgorithmArb,8,"{'remainder': 'RemainderType.u_variant', 'useRecFormulas': 'True', 'beta': '3E-1'}",,{},8,1.6E1,8.176E3,1.14704125E5,8.13921921795894678006E3,1.14740905782041053218E5
example_series.csv#1,1.22880125E5,{},LevinLAlgorithmArb,8,"{'remainder': 'RemainderType.u_variant', 'useRecFormulas': 'True', 'beta': '3E-1'}",,{},9,8E0,8.184E3,1.14696125E5,8.13453434192977463706E3,1.14745590658070225361E5
example_series.csv#1,1.22880125E5,{},LevinLAlgorithmArb,8,"{'remainder': 'RemainderType.u_variant', 'useRecFormulas': 'True', 'beta': '3E-1'}",,{},10,4E0,8.188E3,1.14692125E5,8.13009851022870344589E3,1.14750026489771296553E5
example_series.csv#1,1.22880125E5,{},LevinLAlgorithmArb,8,"{'remainder': 'RemainderType.u_variant', 'useRecFormulas': 'True', 'beta': '3E-1'}",,{},11,2E0,8.19E3,1.14690125E5,8.12592090460540430302E3,1.14754204095394595697E5
example_series.csv#1,1.22880125E5,{},LevinLAlgorithmArb,8,"{'remainder': 'RemainderType.u_variant', 'useRecFormulas': 'True', 'beta': '3E-1'}",,{},12,1E0,8.191E3,1.14689125E5,8.12200002637121157231E3,1.14758124973628788426E5
example_series.csv#1,1.22880125E5,{},LevinLAlgorithmArb,8,"{'remainder': 'RemainderType.u_variant', 'useRecFormulas': 'True', 'beta': '3E-1'}",,{},13,5E-1,8.1915E3,1.14688625E5,8.11832770693211250687E3,1.14761797293067887493E5
example_series.csv#1,1.22880125E5,{},LevinLAlgorithmArb,8,"{'remainder': 'RemainderType.u_variant', 'useRecFormulas': 'True', 'beta': '3E-1'}",,{},14,2.5E-1,8.19175E3,1.14688375E5,8.11489188723994163626E3,1.14765233112760058363E5
example_series.csv#1,1.22880125E5,{},LevinLAlgorithmArb,8,"{'remainder': 'RemainderType.u_variant', 'useRecFormulas': 'True', 'beta': '3E-1'}",,{},15,1.25E-1,8.191875E3,1.1468825E5,8.11167848861188670236E3,1.14768446511388113297E5
example_series.csv#1,1.22880125E5,{},LevinLAlgorithmArb,8,"{'remainder': 'RemainderType.u_variant', 'useRecFormulas': 'True', 'beta': '3E-1'}",,{},16,1.25E-1,8.191875E3,1.1468825E5,8.10867263822137777914E3,1.14771452361778622219E5
example_series.csv#1,1.22880125E5,{},LevinLAlgorithmArb,8,"{'remainder': 'RemainderType.u_variant', 'useRecFormulas': 'True', 'beta': '3E-1'}",,{},17,1.25E-1,8.191875E3,1.1468825E5,8.10585944817555946312E3,1.14774265551824440537E5
example_series.csv#1,1.22880125E5,{},LevinLAlgorithmArb,8,"{'remainder': 'RemainderType.u_variant', 'useRecFormulas': 'True', 'beta': '3E-1'}",,{},18,1.25E-1,8.191875E3,1.1468825E5,8.10322449178600893096E3,1.14776900508213991069E5
example_series.csv#1,1.22880125E5,{},LevinLAlgorithmArb,8,"{'remainder': 'RemainderType.u_variant', 'useRecFormulas': 'True', 'beta': '3E-1'}",,{},19,1.25E-1,8.191875E3,1.1468825E5,8.10075407781152433572E3,1.14779370922188475664E5
example_series.csv#1,1.22880125E5,{},LevinLAlgorithmArb,8,"{'remainder': 'RemainderType.u_variant', 'useRecFormulas': 'True', 'beta': '3E-1'}",,{},20,1.25E-1,8.191875E3,1.1468825E5,8.09843539208352183964E3,1.1478168960791647816E5
example_series.csv#1,1.22880125E5,{},LevinLAlgorithmArb,8,"{'remainder': 'RemainderType.u_variant', 'useRecFormulas': 'True', 'beta': '3E-1'}",,{},21,1.25E-1,8.191875E3,1.1468825E5,8.09625655368974870834E3,1.1478386844631025129E5
example_series.csv#1,1.22880125E5,{},LevinLAlgorithmArb,8,"{'remainder': 'RemainderType.u_variant', 'useRecFormulas': 'True', 'beta': '3E-1'}",,{},22,1.25E-1,8.191875E3,1.1468825E5,8.0942066174478909937E3,1.14785918382552109005E5
example_series.csv#1,1.22880125E5,{},LevinLAlgorithmArb,8,"{'remainder': 'RemainderType.u_variant', 'useRecFormulas': 'True', 'beta': '3E-1'}",,{},23,1.25E-1,8.191875E3,1.1468825E5,8.09227554381265762167E3,1.14787849456187342378E5
example_series.csv#1,1.22880125E5,{},LevinLAlgorithmArb,8,"{'remainder': 'RemainderType.u_variant', 'useRecFormulas': 'True', 'beta': '3E-1'}",,{},24,1.25E-1,8.191875E3,1.1468825E5,8.09045415016498737437E3,1.14789670849835012624E5
example_series.csv#1,1.22880125E5,{},LevinLAlgorithmArb,8,"{'remainder': 'RemainderType.u_variant', 'useRecFormulas': 'True', 'beta': '3E-1'}",,{},25,1.25E-1,8.191875E3,1.1468825E5,8.08873405257431451265E3,1.14791390947425685487E5
example_series.csv#1,1.22880125E5,{},LevinLAlgorithmArb,8,"{'remainder': 'RemainderType.u_variant', 'useRecFormulas': 'True', 'beta': '3E-1'}",,{},26,1.25E-1,8.191875E3,1.1468825E5,8.08710760386277327299E3,1.14793017396137226727E5
example_series.csv#1,1.22880125E5,{},LevinLAlgorithmArb,8,"{'remainder': 'RemainderType.u_variant', 'useRecFormulas': 'True', 'beta': '3E-1'}",,{},27,1.25E-1,8.191875E3,1.1468825E5,8.08556783162137878209E3,1.14794557168378621216E5
example_series.csv#1,1.22880125E5,{},LevinLAlgorithmArb,8,"{'remainder': 'RemainderType.u_variant', 'useRecFormulas': 'True', 'beta': '3E-1'}",,{},28,1.25E-1,8.191875E3,1.1468825E5,8.084108378381942651E3,1.14796016621618057349E5
example_series.csv#1,1.22880125E5,{},LevinLAlgorithmArb,8,"{'remainder': 'RemainderType.u_variant', 'useRecFormulas': 'True', 'beta': '3E-1'}",,{},29,1.25E-1,8.191875E3,1.1468825E5,8.08272344519622600553E3,1.14797401554803773993E5
example_series.csv#1,1.22880125E5,{},LevinLAlgorithmArb,8,"{'remainder': 'RemainderType.u_variant', 'useRecFormulas': 'True', 'beta': '3E-1'}",,{},30,1.25E-1,8.191875E3,1.1468825E5,8.08140773925387504764E3,1.14798717260746124952E5
example_series.csv#1,1.22880125E5,{},LevinLAlgorithmArb,8,"{'remainder': 'RemainderType.u_variant', 'useRecFormulas': 'True', 'beta': '3E-1'}",,{},31,1.25E-1,8.191875E3,1.1468825E5,8.08015642577358420539E3,1.14799968574226415793E5
example_series.csv#1,1.22880125E5,{},LevinLAlgorithmArb,8,"{'remainder': 'RemainderType.u_variant', 'useRecFormulas': 'True', 'beta': '3E-1'}",,{},32,1.25E-1,8.191875E3,1.1468825E5,8.07896508415371180328E3,1.14801159915846288196E5
example_series.csv#1,1.22880125E5,{},LevinLAlgorithmArb,8,"{'remainder': 'RemainderType.u_variant', 'useRecFormulas': 'True', 'beta': '3E-1'}",,{},33,1.25E-1,8.191875E3,1.1468825E5,8.07782966821926666423E3,1.14802295331780733334E5
example_series.csv#1,1.22880125E5,{},LevinLAlgorithmArb,8,"{'remainder': 'RemainderType.u_variant', 'useRecFormulas': 'True', 'beta': '3E-1'}",,{},34,1.25E-1,8.191875E3,1.1468825E5,8.07674647031807427008E3,1.14803378529681925729E5
example_series.csv#1,1.22880125E5,{},LevinLAlgorithmArb,8,"{'remainder': 'RemainderType.u_variant', 'useRecFormulas': 'True', 'beta': '3E-1'}",,{},35,1.25E-1,8.191875E3,1.1468825E5,8.07571208897729918899E3,1.14804412911022700809E5
example_series.csv#1,1.22880125E5,{},LevinLAlgorithmArb,8,"{'remainder': 'RemainderType.u_variant', 'useRecFormulas': 'True', 'beta': '3E-1'}",,{},36,1.25E-1,8.191875E3,1.1468825E5,8.07472339981707431624E3,1.14805401600182925683E5
example_series.csv#1,1.22880125E5,{},LevinLAlgorithmArb,8,"{'remainder': 'RemainderType.u_variant', 'useRecFormulas': 'True', 'beta': '3E-1'}",,{},37,1.25E-1,8.191875E3,1.1468825E5,8.07377752942053905396E3,1.14806347470579460944E5
example_series.csv#1,1.22880125E5,{},LevinLAlgorithmArb,8,"{'remainder': 'RemainderType.u_variant', 'useRecFormulas': 'True', 'beta': '3E-1'}",,{},38,1.25E-1,8.191875E3,1.1468825E5,8.07287183187230671424E3,1.14807253168127693284E5
example_series.csv#1,1.22880125E5,{},LevinLAlgorithmArb,8,"{'remainder': 'RemainderType.u_variant', 'useRecFormulas': 'True', 'beta': '3E-1'}",,{},39,1.25E-1,8.191875E3,1.1468825E5,8.07200386769576849277E3,1.14808121132304231506E5
example_series.csv#1,1.22880125E5,{},LevinLAlgorithmArb,8,"{'remainder': 'RemainderType.u_variant', 'useRecFormulas': 'True', 'beta': '3E-1'}",,{},40,1.25E-1,8.191875E3,1.1468825E5,8.07117138494076393165E3,1.14808953615059236068E5
example_series.csv#1,1.22880125E5,{},LevinLAlgorithmArb,8,"{'remainder': 'RemainderType.u_variant', 'useRecFormulas': 'True', 'beta': '3E-1'}",,{},41,1.25E-1,8.191875E3,1.1468825E5,8.07037230219512759357E3,1.14809752697804872406E5
example_series.csv#1,1.22880125E5,{},LevinLAlgorithmArb,8,"{'remainder': 'RemainderType.u_variant', 'useRecFormulas': 'True', 'beta': '3E-1'}",,{},42,1.25E-1,8.191875E3,1.1468825E5,8.06960469331528919767E3,1.14810520306684710801E5
example_series.csv#1,1.22880125E5,{},LevinLAlgorithmArb,8,"{'remainder': 'RemainderType.u_variant', 'useRecFormulas': 'True', 'beta': '3E-1'}",,{},43,1.25E-1,8.191875E3,1.1468825E5,8.06886677369176338892E3,1.1481125822630823661E5
example_series.csv#1,1.22880125E5,{},LevinLAlgorithmArb,8,"{'remainder': 'RemainderType.u_variant', 'useRecFormulas': 'True', 'beta': '3E-1'}",,{},44,1.25E-1,8.191875E3,1.1468825E5,8.06815688788463229702E3,1.14811968112115367703E5
example_series.csv#1,1.22880125E5,{},LevinLAlgorithmArb,8,"{'remainder': 'RemainderType.u_variant', 'useRecFormulas': 'True', 'beta': '3E-1'}",,{},45,1.25E-1,8.191875E3,1.1468825E5,8.06747349848182003612E3,1.14812651501518179963E5
example_series.csv#1,1.22880125E5,{},LevinLAlgorithmArb,8,"{'remainder': 'RemainderType.u_variant', 'useRecFormulas': 'True', 'beta': '3E-1'}",,{},46,1.25E-1,8.191875E3,1.1468825E5,8.06681517604903496365E3,1.14813309823950965036E5
example_series.csv#1,1.22880125E5,{},LevinLAlgorithmArb,8,"{'remainder': 'RemainderType.u_variant', 'useRecFormulas': 'True', 'beta': '3E-1'}",,{},47,1.25E-1,8.191875E3,1.1468825E5,8.06618059005474561318E3,1.14813944409945254386E5
example_series.csv#1,1.22880125E5,{},LevinLAlgorithmArb,8,"{'remainder': 'RemainderType.u_variant', 'useRecFormulas': 'True', 'beta': '3E-1'}",,{},48,1.25E-1,8.191875E3,1.1468825E5,8.06556850066654049088E3,1.14814556499333459508E5
example_series.csv#1,1.22880125E5,{},LevinLAlgorithmArb,8,"{'remainder': 'RemainderType.u_variant', 'useRecFormulas': 'True', 'beta': '3E-1'}",,{},49,1.25E-1,8.191875E3,1.1468825E5,8.06497775132680708962E3,1.1481514724867319291E5
example_series.csv#1,1.22880125E5,{},LevinLAlgorithmArb,8,"{'remainder': 'RemainderType.u_variant', 'useRecFormulas': 'True', 'beta': '4E-1'}",,{},1,2.048E3,6.144E3,1.16736125E5,8.17234185739532040465E3,1.14707783142604679595E5
example_series.csv#1,1.22880125E5,{},LevinLAlgorithmArb,8,"{'remainder': 'RemainderType.u_variant', 'useRecFormulas': 'True', 'beta': '4E-1'}",,{},2,1.024E3,7.168E3,1.15712125E5,8.16852517195868576668E3,1.14711599828041314232E5
example_series.csv#1,1.22880125E5,{},LevinLAlgorithmArb,8,"{'remainder': 'RemainderType.u_variant', 'useRecFormulas': 'True', 'beta': '4E-1'}",,{},3,5.12E2,7.68E3,1.15200125E5,8.16398502438290549382E3,1.14716139975617094505E5
example_series.csv#1,1.22880125E5,{},LevinLAlgorithmArb,8,"{'remainder': 'RemainderType.u_variant', 'useRecFormulas': 'True', 'beta': '4E-1'}",,{},4,2.56E2,7.936E3,1.14944125E5,8.15902129051130156128E3,1.14721103709488698437E5
example_series.csv#1,1.22880125E5,{},LevinLAlgorithmArb,8,"{'remainder': 'RemainderType.u_variant', 'useRecFormulas': 'True', 'beta': '4E-1'}",,{},5,1.28E2,8.064E3,1.14816125E5,8.15386770747894319899E3,1.147262572925210568E5
example_series.csv#1,1.22880125E5,{},LevinLAlgorithmArb,8,"{'remainder': 'RemainderType.u_variant', 'useRecFormulas': 'True', 'beta': '4E-1'}",,{},6,6.4E1,8.128E3,1.14752125E5,8.14869655298411602359E3,1.14731428447015883976E5
example_series.csv#1,1.22880125E5,{},LevinLAlgorithmArb,8,"{'remainder': 'RemainderType.u_variant', 'useRecFormulas': 'True', 'beta': '4E-1'}",,{},7,3.2E1,8.16E3,1.14720125E5,8.1436279598855903975E3,1.14736497040114409601E5
example_series.csv#1,1.22880125E5,{},LevinLAlgorithmArb,8,"{'remainder': 'RemainderType.u_variant', 'useRecFormulas': 'True', 'beta': '4E-1'}",,{},8,1.6E1,8.176E3,1.14704125E5,8.13874009041735938896E3,1.14741384909582640609E5
example_series.csv#1,1.22880125E5,{},LevinLAlgorithmArb,8,"{'remainder': 'RemainderType.u_variant', 'useRecFormulas': 'True', 'beta': '4E-1'}",,{},9,8E0,8.184E3,1.14696125E5,8.13407929396659714924E3,1.14746045706033402849E5
example_series.csv#1,1.22880125E5,{},LevinLAlgorithmArb,8,"{'remainder': 'RemainderType.u_variant', 'useRecFormulas': 'True', 'beta': '4E-1'}",,{},10,4E0,8.188E3,1.14692125E5,8.12966908598294243049E3,1.14750455914017057569E5
example_series.csv#1,1.22880125E5,{},LevinLAlgorithmArb,8,"{'remainder': 'RemainderType.u_variant', 'useRecFormulas': 'True', 'beta': '4E-1'}",,{},11,2E0,8.19E3,1.14690125E5,8.1255173574200648672E3,1.14754607642579935132E5
example_series.csv#1,1.22880125E5,{},LevinLAlgorithmArb,8,"{'remainder': 'RemainderType.u_variant', 'useRecFormulas': 'True', 'beta': '4E-1'}",,{},12,1E0,8.191E3,1.14689125E5,8.12162178515987348831E3,1.1475850321484012651E5
example_series.csv#1,1.22880125E5,{},LevinLAlgorithmArb,8,"{'remainder': 'RemainderType.u_variant', 'useRecFormulas': 'True', 'beta': '4E-1'}",,{},13,5E-1,8.1915E3,1.14688625E5,8.11797370384299418946E3,1.1476215129615700581E5
example_series.csv#1,1.22880125E5,{},LevinLAlgorithmArb,8,"{'remainder': 'RemainderType.u_variant', 'useRecFormulas': 'True', 'beta': '4E-1'}",,{},14,2.5E-1,8.19175E3,1.14688375E5,8.11456078076331114318E3,1.14765564219236688856E5
example_series.csv#1,1.22880125E5,{},LevinLAlgorithmArb,8,"{'remainder': 'RemainderType.u_variant', 'useRecFormulas': 'True', 'beta': '4E-1'}",,{},15,1.25E-1,8.191875E3,1.1468825E5,8.11136881140006325949E3,1.1476875618859993674E5
example_series.csv#1,1.22880125E5,{},LevinLAlgorithmArb,8,"{'remainder': 'RemainderType.u_variant', 'useRecFormulas': 'True', 'beta': '4E-1'}",,{},16,1.25E-1,8.191875E3,1.1468825E5,8.1083828923224413081E3,1.14771742107677558691E5
example_series.csv#1,1.22880125E5,{},LevinLAlgorithmArb,8,"{'remainder': 'RemainderType.u_variant', 'useRecFormulas': 'True', 'beta': '4E-1'}",,{},17,1.25E-1,8.191875E3,1.1468825E5,8.10558816432916493877E3,1.14774536835670835061E5
example_series.csv#1,1.22880125E5,{},LevinLAlgorithmArb,8,"{'remainder': 'RemainderType.u_variant', 'useRecFormulas': 'True', 'beta': '4E-1'}",,{},18,1.25E-1,8.191875E3,1.1468825E5,8.10297026458183055103E3,1.14777154735418169448E5
example_series.csv#1,1.22880125E5,{},LevinLAlgorithmArb,8,"{'remainder': 'RemainderType.u_variant', 'useRecFormulas': 'True', 'beta': '4E-1'}",,{},19,1.25E-1,8.191875E3,1.1468825E5,8.10051558489276961949E3,1.14779609415107230379E5
example_series.csv#1,1.22880125E5,{},LevinLAlgorithmArb,8,"{'remainder': 'RemainderType.u_variant', 'useRecFormulas': 'True', 'beta': '4E-1'}",,{},20,1.25E-1,8.191875E3,1.1468825E5,8.0982114029842855731E3,1.14781913597015714425E5
example_series.csv#1,1.22880125E5,{},LevinLAlgorithmArb,8,"{'remainder': 'RemainderType.u_variant', 'useRecFormulas': 'True', 'beta': '4E-1'}",,{},21,1.25E-1,8.191875E3,1.1468825E5,8.09604593208065482026E3,1.14784079067919345178E5
example_series.csv#1,1.22880125E5,{},LevinLAlgorithmArb,8,"{'remainder': 'RemainderType.u_variant', 'useRecFormulas': 'True', 'beta': '4E-1'}",,{},22,1.25E-1,8.191875E3,1.1468825E5,8.0940083193148713796E3,1.1478611668068512862E5
example_series.csv#1,1.22880125E5,{},LevinLAlgorithmArb,8,"{'remainder': 'RemainderType.u_variant', 'useRecFormulas': 'True', 'beta': '4E-1'}",,{},23,1.25E-1,8.191875E3,1.1468825E5,8.09208861324184878496E3,1.14788036386758151214E5
example_series.csv#1,1.22880125E5,{},LevinLAlgorithmArb,8,"{'remainder': 'RemainderType.u_variant', 'useRecFormulas': 'True', 'beta': '4E-1'}",,{},24,1.25E-1,8.191875E3,1.1468825E5,8.09027771383017326625E3,1.14789847286169826733E5
example_series.csv#1,1.22880125E5,{},LevinLAlgorithmArb,8,"{'remainder': 'RemainderType.u_variant', 'useRecFormulas': 'True', 'beta': '4E-1'}",,{},25,1.25E-1,8.191875E3,1.1468825E5,8.08856731363533322023E3,1.14791557686364666778E5
example_series.csv#1,1.22880125E5,{},LevinLAlgorithmArb,8,"{'remainder': 'RemainderType.u_variant', 'useRecFormulas': 'True', 'beta': '4E-1'}",,{},26,1.25E-1,8.191875E3,1.1468825E5,8.08694983572354037235E3,1.14793175164276459626E5
example_series.csv#1,1.22880125E5,{},LevinLAlgorithmArb,8,"{'remainder': 'RemainderType.u_variant', 'useRecFormulas': 'True', 'beta': '4E-1'}",,{},27,1.25E-1,8.191875E3,1.1468825E5,8.08541837182326503821E3,1.14794706628176734961E5
example_series.csv#1,1.22880125E5,{},LevinLAlgorithmArb,8,"{'remainder': 'RemainderType.u_variant', 'useRecFormulas': 'True', 'beta': '4E-1'}",,{},28,1.25E-1,8.191875E3,1.1468825E5,8.0839666227939621646E3,1.14796158377206037835E5
example_series.csv#1,1.22880125E5,{},LevinLAlgorithmArb,8,"{'remainder': 'RemainderType.u_variant', 'useRecFormulas': 'True', 'beta': '4E-1'}",,{},29,1.25E-1,8.191875E3,1.1468825E5,8.0825888425886915499E3,1.1479753615741130845E5
example_series.csv#1,1.22880125E5,{},LevinLAlgorithmArb,8,"{'remainder': 'RemainderType.u_variant', 'useRecFormulas': 'True', 'beta': '4E-1'}",,{},30,1.25E-1,8.191875E3,1.1468825E5,8.08127978629389245382E3,1.14798845213706107545E5
example_series.csv#1,1.22880125E5,{},LevinLAlgorithmArb,8,"{'remainder': 'RemainderType.u_variant', 'useRecFormulas': 'True', 'beta': '4E-1'}",,{},31,1.25E-1,8.191875E3,1.1468825E5,8.08003466245021824188E3,1.14800090337549781758E5
example_series.csv#1,1.22880125E5,{},LevinLAlgorithmArb,8,"{'remainder': 'RemainderType.u_variant', 'useRecFormulas': 'True', 'beta': '4E-1'}",,{},32,1.25E-1,8.191875E3,1.1468825E5,8.07884908962193731191E3,1.14801275910378062687E5
example_series.csv#1,1.22880125E5,{},LevinLAlgorithmArb,8,"{'remainder': 'RemainderType.u_variant', 'useRecFormulas': 'True', 'beta': '4E-1'}",,{},33,1.25E-1,8.191875E3,1.1468825E5,8.07771905704092100794E3,1.14802405942959078991E5
example_series.csv#1,1.22880125E5,{},LevinLAlgorithmArb,8,"{'remainder': 'RemainderType.u_variant', 'useRecFormulas': 'True', 'beta': '4E-1'}",,{},34,1.25E-1,8.191875E3,1.1468825E5,8.07664088907225338606E3,1.14803484110927746614E5
example_series.csv#1,1.22880125E5,{},LevinLAlgorithmArb,8,"{'remainder': 'RemainderType.u_variant', 'useRecFormulas': 'True', 'beta': '4E-1'}",,{},35,1.25E-1,8.191875E3,1.1468825E5,8.07561121321017457805E3,1.14804513786789825422E5
example_series.csv#1,1.22880125E5,{},LevinLAlgorithmArb,8,"{'remainder': 'RemainderType.u_variant', 'useRecFormulas': 'True', 'beta': '4E-1'}",,{},36,1.25E-1,8.191875E3,1.1468825E5,8.07462693130073430425E3,1.14805498068699265695E5
example_series.csv#1,1.22880125E5,{},LevinLAlgorithmArb,8,"{'remainder': 'RemainderType.u_variant', 'useRecFormulas': 'True', 'beta': '4E-1'}",,{},37,1.25E-1,8.191875E3,1.1468825E5,8.07368519369136138819E3,1.14806439806308638611E5
example_series.csv#1,1.22880125E5,{},LevinLAlgorithmArb,8,"{'remainder': 'RemainderType.u_variant', 'useRecFormulas': 'True', 'beta': '4E-1'}",,{},38,1.25E-1,8.191875E3,1.1468825E5,8.0727833760210118319E3,1.14807341623978988168E5
example_series.csv#1,1.22880125E5,{},LevinLAlgorithmArb,8,"{'remainder': 'RemainderType.u_variant', 'useRecFormulas': 'True', 'beta': '4E-1'}",,{},39,1.25E-1,8.191875E3,1.1468825E5,8.07191905838332986417E3,1.14808205941616670135E5
example_series.csv#1,1.22880125E5,{},LevinLAlgorithmArb,8,"{'remainder': 'RemainderType.u_variant', 'useRecFormulas': 'True', 'beta': '4E-1'}",,{},40,1.25E-1,8.191875E3,1.1468825E5,8.07109000661653521438E3,1.14809034993383464784E5
example_series.csv#1,1.22880125E5,{},LevinLAlgorithmArb,8,"{'remainder': 'RemainderType.u_variant', 'useRecFormulas': 'True', 'beta': '4E-1'}",,{},41,1.25E-1,8.191875E3,1.1468825E5,8.07029415549574171118E3,1.14809830844504258287E5
example_series.csv#1,1.22880125E5,{},LevinLAlgorithmArb,8,"{'remainder': 'RemainderType.u_variant', 'useRecFormulas': 'True', 'beta': '4E-1'}",,{},42,1.25E-1,8.191875E3,1.1468825E5,8.06952959362500408638E3,1.14810595406374995913E5
example_series.csv#1,1.22880125E5,{},LevinLAlgorithmArb,8,"{'remainder': 'RemainderType.u_variant', 'useRecFormulas': 'True', 'beta': '4E-1'}",,{},43,1.25E-1,8.191875E3,1.1468825E5,8.06879454984692276006E3,1.1481133045015307724E5
example_series.csv#1,1.22880125E5,{},LevinLAlgorithmArb,8,"{'remainder': 'RemainderType.u_variant', 'useRecFormulas': 'True', 'beta': '4E-1'}",,{},44,1.25E-1,8.191875E3,1.1468825E5,8.06808738100675168133E3,1.14812037618993248317E5
example_series.csv#1,1.22880125E5,{},LevinLAlgorithmArb,8,"{'remainder': 'RemainderType.u_variant', 'useRecFormulas': 'True', 'beta': '4E-1'}",,{},45,1.25E-1,8.191875E3,1.1468825E5,8.06740656092548887989E3,1.14812718439074511119E5
example_series.csv#1,1.22880125E5,{},LevinLAlgorithmArb,8,"{'remainder': 'RemainderType.u_variant', 'useRecFormulas': 'True', 'beta': '4E-1'}",,{},46,1.25E-1,8.191875E3,1.1468825E5,8.06675067045234490462E3,1.14813374329547655094E5
example_series.csv#1,1.22880125E5,{},LevinLAlgorithmArb,8,"{'remainder': 'RemainderType.u_variant', 'useRecFormulas': 'True', 'beta': '4E-1'}",,{},47,1.25E-1,8.191875E3,1.1468825E5,8.06611838848131964371E3,1.14814006611518680355E5
example_series.csv#1,1.22880125E5,{},LevinLAlgorithmArb,8,"{'remainder': 'RemainderType.u_variant', 'useRecFormulas': 'True', 'beta': '4E-1'}",,{},48,1.25E-1,8.191875E3,1.1468825E5,8.06550848382945728967E3,1.1481461651617054271E5
example_series.csv#1,1.22880125E5,{},LevinLAlgorithmArb,8,"{'remainder': 'RemainderType.u_variant', 'useRecFormulas': 'True', 'beta': '4E-1'}",,{},49,1.25E-1,8.191875E3,1.1468825E5,8.06491980788580088207E3,1.14815205192114199117E5
example_series.csv#1,1.22880125E5,{},LevinLAlgorithmArb,8,"{'remainder': 'RemainderType.u_variant', 'useRecFormulas': 'True', 'beta': '5E-1'}",,{},1,2.048E3,6.144E3,1.16736125E5,8.17200221828989939409E3,1.14708122781710100605E5
example_series.csv#1,1.22880125E5,{},LevinLAlgorithmArb,8,"{'remainder': 'RemainderType.u_variant', 'useRecFormulas': 'True', 'beta': '5E-1'}",,{},2,1.024E3,7.168E3,1.15712125E5,8.16809828325268407558E3,1.14712026716747315924E5
example_series.csv#1,1.22880125E5,{},LevinLAlgorithmArb,8,"{'remainder': 'RemainderType.u_variant', 'useRecFormulas': 'True', 'beta': '5E-1'}",,{},3,5.12E2,7.68E3,1.15200125E5,8.16350333422005473749E3,1.14716621665779945261E5
example_series.csv#1,1.22880125E5,{},LevinLAlgorithmArb,8,"{'remainder': 'RemainderType.u_variant', 'useRecFormulas': 'True', 'beta': '5E-1'}",,{},4,2.56E2,7.936E3,1.14944125E5,8.15851118035107306933E3,1.14721613819648926929E5
example_series.csv#1,1.22880125E5,{},LevinLAlgorithmArb,8,"{'remainder': 'RemainderType.u_variant', 'useRecFormulas': 'True', 'beta': '5E-1'}",,{},5,1.28E2,8.064E3,1.14816125E5,8.15334902422759616599E3,1.14726775975772403834E5
example_series.csv#1,1.22880125E5,{},LevinLAlgorithmArb,8,"{'remainder': 'RemainderType.u_variant', 'useRecFormulas': 'True', 'beta': '5E-1'}",,{},6,6.4E1,8.128E3,1.14752125E5,8.14818349419685710316E3,1.14731941505803142896E5
example_series.csv#1,1.22880125E5,{},LevinLAlgorithmArb,8,"{'remainder': 'RemainderType.u_variant', 'useRecFormulas': 'True', 'beta': '5E-1'}",,{},7,3.2E1,8.16E3,1.14720125E5,8.14313005836436400539E3,1.14736994941635635993E5
example_series.csv#1,1.22880125E5,{},LevinLAlgorithmArb,8,"{'remainder': 'RemainderType.u_variant', 'useRecFormulas': 'True', 'beta': '5E-1'}",,{},8,1.6E1,8.176E3,1.14704125E5,8.13826325223945399864E3,1.14741861747760546001E5
example_series.csv#1,1.22880125E5,{},LevinLAlgorithmArb,8,"{'remainder': 'RemainderType.u_variant', 'useRecFormulas': 'True', 'beta': '5E-1'}",,{},9,8E0,8.184E3,1.14696125E5,8.13362676457613773878E3,1.14746498235423862261E5
example_series.csv#1,1.22880125E5,{},LevinLAlgorithmArb,8,"{'remainder': 'RemainderType.u_variant', 'useRecFormulas': 'True', 'beta': '5E-1'}",,{},10,4E0,8.188E3,1.14692125E5,8.12924225478809704839E3,1.14750882745211902951E5
example_series.csv#1,1.22880125E5,{},LevinLAlgorithmArb,8,"{'remainder': 'RemainderType.u_variant', 'useRecFormulas': 'True', 'beta': '5E-1'}",,{},11,2E0,8.19E3,1.14690125E5,8.12511637689940036385E3,1.14755008623100599636E5
example_series.csv#1,1.22880125E5,{},LevinLAlgorithmArb,8,"{'remainder': 'RemainderType.u_variant', 'useRecFormulas': 'True', 'beta': '5E-1'}",,{},12,1E0,8.191E3,1.14689125E5,8.12124602178820917156E3,1.14758878978211790828E5
example_series.csv#1,1.22880125E5,{},LevinLAlgorithmArb,8,"{'remainder': 'RemainderType.u_variant', 'useRecFormulas': 'True', 'beta': '5E-1'}",,{},13,5E-1,8.1915E3,1.14688625E5,8.1176220538133358815E3,1.14762502946186664118E5
example_series.csv#1,1.22880125E5,{},LevinLAlgorithmArb,8,"{'remainder': 'RemainderType.u_variant', 'useRecFormulas': 'True', 'beta': '5E-1'}",,{},14,2.5E-1,8.19175E3,1.14688375E5,8.11423188435424805139E3,1.14765893115645751947E5
example_series.csv#1,1.22880125E5,{},LevinLAlgorithmArb,8,"{'remainder': 'RemainderType.u_variant', 'useRecFormulas': 'True', 'beta': '5E-1'}",,{},15,1.25E-1,8.191875E3,1.1468825E5,8.11106119462340335654E3,1.14769063805376596643E5
example_series.csv#1,1.22880125E5,{},LevinLAlgorithmArb,8,"{'remainder': 'RemainderType.u_variant', 'useRecFormulas': 'True', 'beta': '5E-1'}",,{},16,1.25E-1,8.191875E3,1.1468825E5,8.10809505790410572934E3,1.14772029942095894269E5
example_series.csv#1,1.22880125E5,{},LevinLAlgorithmArb,8,"{'remainder': 'RemainderType.u_variant', 'useRecFormulas': 'True', 'beta': '5E-1'}",,{},17,1.25E-1,8.191875E3,1.1468825E5,8.10531864812907528899E3,1.14774806351870924709E5
example_series.csv#1,1.22880125E5,{},LevinLAlgorithmArb,8,"{'remainder': 'RemainderType.u_variant', 'useRecFormulas': 'True', 'beta': '5E-1'}",,{},18,1.25E-1,8.191875E3,1.1468825E5,8.10271766883865443042E3,1.14777407331161345569E5
example_series.csv#1,1.22880125E5,{},LevinLAlgorithmArb,8,"{'remainder': 'RemainderType.u_variant', 'useRecFormulas': 'True', 'beta': '5E-1'}",,{},19,1.25E-1,8.191875E3,1.1468825E5,8.10027859617459035279E3,1.14779846403825409646E5
example_series.csv#1,1.22880125E5,{},LevinLAlgorithmArb,8,"{'remainder': 'RemainderType.u_variant', 'useRecFormulas': 'True', 'beta': '5E-1'}",,{},20,1.25E-1,8.191875E3,1.1468825E5,8.0979888002213521066E3,1.14782136199778647893E5
example_series.csv#1,1.22880125E5,{},LevinLAlgorithmArb,8,"{'remainder': 'RemainderType.u_variant', 'useRecFormulas': 'True', 'beta': '5E-1'}",,{},21,1.25E-1,8.191875E3,1.1468825E5,8.09583658830742383943E3,1.14784288411692576159E5
example_series.csv#1,1.22880125E5,{},LevinLAlgorithmArb,8,"{'remainder': 'RemainderType.u_variant', 'useRecFormulas': 'True', 'beta': '5E-1'}",,{},22,1.25E-1,8.191875E3,1.1468825E5,8.0938111995454491768E3,1.14786313800454550822E5
example_series.csv#1,1.22880125E5,{},LevinLAlgorithmArb,8,"{'remainder': 'RemainderType.u_variant', 'useRecFormulas': 'True', 'beta': '5E-1'}",,{},23,1.25E-1,8.191875E3,1.1468825E5,8.09190277008344850531E3,1.14788222229916551493E5
example_series.csv#1,1.22880125E5,{},LevinLAlgorithmArb,8,"{'remainder': 'RemainderType.u_variant', 'useRecFormulas': 'True', 'beta': '5E-1'}",,{},24,1.25E-1,8.191875E3,1.1468825E5,8.09010228188490489678E3,1.14790022718115095103E5
example_series.csv#1,1.22880125E5,{},LevinLAlgorithmArb,8,"{'remainder': 'RemainderType.u_variant', 'useRecFormulas': 'True', 'beta': '5E-1'}",,{},25,1.25E-1,8.191875E3,1.1468825E5,8.08840150336780589535E3,1.14791723496632194104E5
example_series.csv#1,1.22880125E5,{},LevinLAlgorithmArb,8,"{'remainder': 'RemainderType.u_variant', 'useRecFormulas': 'True', 'beta': '5E-1'}",,{},26,1.25E-1,8.191875E3,1.1468825E5,8.08679292722228308548E3,1.14793332072777716914E5
example_series.csv#1,1.22880125E5,{},LevinLAlgorithmArb,8,"{'remainder': 'RemainderType.u_variant', 'useRecFormulas': 'True', 'beta': '5E-1'}",,{},27,1.25E-1,8.191875E3,1.1468825E5,8.08526970871801262658E3,1.14794855291281987372E5
example_series.csv#1,1.22880125E5,{},LevinLAlgorithmArb,8,"{'remainder': 'RemainderType.u_variant', 'useRecFormulas': 'True', 'beta': '5E-1'}",,{},28,1.25E-1,8.191875E3,1.1468825E5,8.08382560648126072005E3,1.14796299393518739278E5
example_series.csv#1,1.22880125E5,{},LevinLAlgorithmArb,8,"{'remainder': 'RemainderType.u_variant', 'useRecFormulas': 'True', 'beta': '5E-1'}",,{},29,1.25E-1,8.191875E3,1.1468825E5,8.08245492684663065052E3,1.14797670073153369349E5
example_series.csv#1,1.22880125E5,{},LevinLAlgorithmArb,8,"{'remainder': 'RemainderType.u_variant', 'useRecFormulas': 'True', 'beta': '5E-1'}",,{},30,1.25E-1,8.191875E3,1.1468825E5,8.08115247232060003554E3,1.14798972527679399964E5
example_series.csv#1,1.22880125E5,{},LevinLAlgorithmArb,8,"{'remainder': 'RemainderType.u_variant', 'useRecFormulas': 'True', 'beta': '5E-1'}",,{},31,1.25E-1,8.191875E3,1.1468825E5,8.07991349433162539672E3,1.14800211505668374603E5
example_series.csv#1,1.22880125E5,{},LevinLAlgorithmArb,8,"{'remainder': 'RemainderType.u_variant', 'useRecFormulas': 'True', 'beta': '5E-1'}",,{},32,1.25E-1,8.191875E3,1.1468825E5,8.07873365021653811943E3,1.1480139134978346188E5
example_series.csv#1,1.22880125E5,{},LevinLAlgorithmArb,8,"{'remainder': 'RemainderType.u_variant', 'useRecFormulas': 'True', 'beta': '5E-1'}",,{},33,1.25E-1,8.191875E3,1.1468825E5,8.07760896425897124822E3,1.1480251603574102875E5
example_series.csv#1,1.22880125E5,{},LevinLAlgorithmArb,8,"{'remainder': 'RemainderType.u_variant', 'useRecFormulas': 'True', 'beta': '5E-1'}",,{},34,1.25E-1,8.191875E3,1.1468825E5,8.07653579252147905306E3,1.14803589207478520946E5
example_series.csv#1,1.22880125E5,{},LevinLAlgorithmArb,8,"{'remainder': 'RemainderType.u_variant', 'useRecFormulas': 'True', 'beta': '5E-1'}",,{},35,1.25E-1,8.191875E3,1.1468825E5,8.07551079117785211297E3,1.14804614208822147887E5
example_series.csv#1,1.22880125E5,{},LevinLAlgorithmArb,8,"{'remainder': 'RemainderType.u_variant', 'useRecFormulas': 'True', 'beta': '5E-1'}",,{},36,1.25E-1,8.191875E3,1.1468825E5,8.0745308880417894545E3,1.14805594111958210544E5
example_series.csv#1,1.22880125E5,{},LevinLAlgorithmArb,8,"{'remainder': 'RemainderType.u_variant', 'useRecFormulas': 'True', 'beta': '5E-1'}",,{},37,1.25E-1,8.191875E3,1.1468825E5,8.07359325699313180252E3,1.14806531743006868197E5
example_series.csv#1,1.22880125E5,{},LevinLAlgorithmArb,8,"{'remainder': 'RemainderType.u_variant', 'useRecFormulas': 'True', 'beta': '5E-1'}",,{},38,1.25E-1,8.191875E3,1.1468825E5,8.07269529501701271265E3,1.14807429704982987287E5
example_series.csv#1,1.22880125E5,{},LevinLAlgorithmArb,8,"{'remainder': 'RemainderType.u_variant', 'useRecFormulas': 'True', 'beta': '5E-1'}",,{},39,1.25E-1,8.191875E3,1.1468825E5,8.07183460159041331108E3,1.14808290398409586687E5
example_series.csv#1,1.22880125E5,{},LevinLAlgorithmArb,8,"{'remainder': 'RemainderType.u_variant', 'useRecFormulas': 'True', 'beta': '5E-1'}",,{},40,1.25E-1,8.191875E3,1.1468825E5,8.07100896017202380922E3,1.1480911603982797619E5
example_series.csv#1,1.22880125E5,{},LevinLAlgorithmArb,8,"{'remainder': 'RemainderType.u_variant', 'useRecFormulas': 'True', 'beta': '5E-1'}",,{},41,1.25E-1,8.191875E3,1.1468825E5,8.07021632157330790119E3,1.14809908678426692098E5
example_series.csv#1,1.22880125E5,{},LevinLAlgorithmArb,8,"{'remainder': 'RemainderType.u_variant', 'useRecFormulas': 'True', 'beta': '5E-1'}",,{},42,1.25E-1,8.191875E3,1.1468825E5,8.06945478901017572428E3,1.14810670210989824274E5
example_series.csv#1,1.22880125E5,{},LevinLAlgorithmArb,8,"{'remainder': 'RemainderType.u_variant', 'useRecFormulas': 'True', 'beta': '5E-1'}",,{},43,1.25E-1,8.191875E3,1.1468825E5,8.06872260465507442725E3,1.14811402395344925571E5
example_series.csv#1,1.22880125E5,{},LevinLAlgorithmArb,8,"{'remainder': 'RemainderType.u_variant', 'useRecFormulas': 'True', 'beta': '5E-1'}",,{},44,1.25E-1,8.191875E3,1.1468825E5,8.06801813752826743414E3,1.14812106862471732565E5
example_series.csv#1,1.22880125E5,{},LevinLAlgorithmArb,8,"{'remainder': 'RemainderType.u_variant', 'useRecFormulas': 'True', 'beta': '5E-1'}",,{},45,1.25E-1,8.191875E3,1.1468825E5,8.06733987258444630691E3,1.14812785127415553692E5
example_series.csv#1,1.22880125E5,{},LevinLAlgorithmArb,8,"{'remainder': 'RemainderType.u_variant', 'useRecFormulas': 'True', 'beta': '5E-1'}",,{},46,1.25E-1,8.191875E3,1.1468825E5,8.06668640086657390719E3,1.14813438599133426091E5
example_series.csv#1,1.22880125E5,{},LevinLAlgorithmArb,8,"{'remainder': 'RemainderType.u_variant', 'useRecFormulas': 'True', 'beta': '5E-1'}",,{},47,1.25E-1,8.191875E3,1.1468825E5,8.06605641061303894517E3,1.14814068589386961054E5
example_series.csv#1,1.22880125E5,{},LevinLAlgorithmArb,8,"{'remainder': 'RemainderType.u_variant', 'useRecFormulas': 'True', 'beta': '5E-1'}",,{},48,1.25E-1,8.191875E3,1.1468825E5,8.06544867921689737569E3,1.14814676320783102624E5
example_series.csv#1,1.22880125E5,{},LevinLAlgorithmArb,8,"{'remainder': 'RemainderType.u_variant', 'useRecFormulas': 'True', 'beta': '5E-1'}",,{},49,1.25E-1,8.191875E3,1.1468825E5,8.06486206594729546009E3,1.14815262934052704538E5
example_series.csv#1,1.22880125E5,{},LevinLAlgorithmArb,8,"{'remainder': 'RemainderType.u_variant', 'useRecFormulas': 'True', 'beta': '6E-1'}",,{},1,2.048E3,6.144E3,1.16736125E5,8.17165239244888507291E3,1.14708472607551114927E5
example_series.csv#1,1.22880125E5,{},LevinLAlgorithmArb,8,"{'remainder': 'RemainderType.u_variant', 'useRecFormulas': 'True', 'beta': '6E-1'}",,{},2,1.024E3,7.168E3,1.15712125E5,8.16766452742392859778E3,1.14712460472576071401E5
example_series.csv#1,1.22880125E5,{},LevinLAlgorithmArb,8,"{'remainder': 'RemainderType.u_variant', 'useRecFormulas': 'True', 'beta': '6E-1'}",,{},3,5.12E2,7.68E3,1.15200125E5,8.1630177291613400482E3,1.14717107270838659951E5
example_series.csv#1,1.22880125E5,{},LevinLAlgorithmArb,8,"{'remainder': 'RemainderType.u_variant', 'useRecFormulas': 'True', 'beta': '6E-1'}",,{},4,2.56E2,7.936E3,1.14944125E5,8.15799942020917881019E3,1.14722125579790821189E5
example_series.csv#1,1.22880125E5,{},LevinLAlgorithmArb,8,"{'remainder': 'RemainderType.u_variant', 'useRecFormulas': 'True', 'beta': '6E-1'}",,{},5,1.28E2,8.064E3,1.14816125E5,8.15283034956660711492E3,1.14727294650433392884E5
example_series.csv#1,1.22880125E5,{},LevinLAlgorithmArb,8,"{'remainder': 'RemainderType.u_variant', 'useRecFormulas': 'True', 'beta': '6E-1'}",,{},6,6.4E1,8.128E3,1.14752125E5,8.14767159010424687454E3,1.14732453409895753125E5
example_series.csv#1,1.22880125E5,{},LevinLAlgorithmArb,8,"{'remainder': 'RemainderType.u_variant', 'useRecFormulas': 'True', 'beta': '6E-1'}",,{},7,3.2E1,8.16E3,1.14720125E5,8.14263404843622463827E3,1.1473749095156377536E5
example_series.csv#1,1.22880125E5,{},LevinLAlgorithmArb,8,"{'remainder': 'RemainderType.u_variant', 'useRecFormulas': 'True', 'beta': '6E-1'}",,{},8,1.6E1,8.176E3,1.14704125E5,8.13778873521382103004E3,1.14742336264786178968E5
example_series.csv#1,1.22880125E5,{},LevinLAlgorithmArb,8,"{'remainder': 'RemainderType.u_variant', 'useRecFormulas': 'True', 'beta': '6E-1'}",,{},9,8E0,8.184E3,1.14696125E5,8.13317676714408695529E3,1.14746948232855913043E5
example_series.csv#1,1.22880125E5,{},LevinLAlgorithmArb,8,"{'remainder': 'RemainderType.u_variant', 'useRecFormulas': 'True', 'beta': '6E-1'}",,{},10,4E0,8.188E3,1.14692125E5,8.12881801780080527167E3,1.14751306982199194727E5
example_series.csv#1,1.22880125E5,{},LevinLAlgorithmArb,8,"{'remainder': 'RemainderType.u_variant', 'useRecFormulas': 'True', 'beta': '6E-1'}",,{},11,2E0,8.19E3,1.14690125E5,8.12471795645149614281E3,1.14755407043548503856E5
example_series.csv#1,1.22880125E5,{},LevinLAlgorithmArb,8,"{'remainder': 'RemainderType.u_variant', 'useRecFormulas': 'True', 'beta': '6E-1'}",,{},12,1E0,8.191E3,1.14689125E5,8.12087272504445331108E3,1.14759252274955546687E5
example_series.csv#1,1.22880125E5,{},LevinLAlgorithmArb,8,"{'remainder': 'RemainderType.u_variant', 'useRecFormulas': 'True', 'beta': '6E-1'}",,{},13,5E-1,8.1915E3,1.14688625E5,8.11727274313146870854E3,1.14762852256868531291E5
example_series.csv#1,1.22880125E5,{},LevinLAlgorithmArb,8,"{'remainder': 'RemainderType.u_variant', 'useRecFormulas': 'True', 'beta': '6E-1'}",,{},14,2.5E-1,8.19175E3,1.14688375E5,8.1139051831995551261E3,1.14766219816800444872E5
example_series.csv#1,1.22880125E5,{},LevinLAlgorithmArb,8,"{'remainder': 'RemainderType.u_variant', 'useRecFormulas': 'True', 'beta': '6E-1'}",,{},15,1.25E-1,8.191875E3,1.1468825E5,8.11075562326384720085E3,1.14769369376736152799E5
example_series.csv#1,1.22880125E5,{},LevinLAlgorithmArb,8,"{'remainder': 'RemainderType.u_variant', 'useRecFormulas': 'True', 'beta': '6E-1'}",,{},16,1.25E-1,8.191875E3,1.1468825E5,8.10780912029839045038E3,1.14772315879701609548E5
example_series.csv#1,1.22880125E5,{},LevinLAlgorithmArb,8,"{'remainder': 'RemainderType.u_variant', 'useRecFormulas': 'True', 'beta': '6E-1'}",,{},17,1.25E-1,8.191875E3,1.1468825E5,8.10505088558344460053E3,1.14775074114416555398E5
example_series.csv#1,1.22880125E5,{},LevinLAlgorithmArb,8,"{'remainder': 'RemainderType.u_variant', 'useRecFormulas': 'True', 'beta': '6E-1'}",,{},18,1.25E-1,8.191875E3,1.1468825E5,8.10246669141592292354E3,1.14777658308584077075E5
example_series.csv#1,1.22880125E5,{},LevinLAlgorithmArb,8,"{'remainder': 'RemainderType.u_variant', 'useRecFormulas': 'True', 'beta': '6E-1'}",,{},19,1.25E-1,8.191875E3,1.1468825E5,8.10004309944511120761E3,1.14780081900554888791E5
example_series.csv#1,1.22880125E5,{},LevinLAlgorithmArb,8,"{'remainder': 'RemainderType.u_variant', 'useRecFormulas': 'True', 'beta': '6E-1'}",,{},20,1.25E-1,8.191875E3,1.1468825E5,8.09776757252699027067E3,1.14782357427473009729E5
example_series.csv#1,1.22880125E5,{},LevinLAlgorithmArb,8,"{'remainder': 'RemainderType.u_variant', 'useRecFormulas': 'True', 'beta': '6E-1'}",,{},21,1.25E-1,8.191875E3,1.1468825E5,8.09562851202392785524E3,1.14784496487976072144E5
example_series.csv#1,1.22880125E5,{},LevinLAlgorithmArb,8,"{'remainder': 'RemainderType.u_variant', 'useRecFormulas': 'True', 'beta': '6E-1'}",,{},22,1.25E-1,8.191875E3,1.1468825E5,8.09361524867038725941E3,1.14786509751329612739E5
example_series.csv#1,1.22880125E5,{},LevinLAlgorithmArb,8,"{'remainder': 'RemainderType.u_variant', 'useRecFormulas': 'True', 'beta': '6E-1'}",,{},23,1.25E-1,8.191875E3,1.1468825E5,8.09171800568858264141E3,1.14788406994311417358E5
example_series.csv#1,1.22880125E5,{},LevinLAlgorithmArb,8,"{'remainder': 'RemainderType.u_variant', 'useRecFormulas': 'True', 'beta': '6E-1'}",,{},24,1.25E-1,8.191875E3,1.1468825E5,8.08992784643900297195E3,1.14790197153560997028E5
example_series.csv#1,1.22880125E5,{},LevinLAlgorithmArb,8,"{'remainder': 'RemainderType.u_variant', 'useRecFormulas': 'True', 'beta': '6E-1'}",,{},25,1.25E-1,8.191875E3,1.1468825E5,8.08823661457765214485E3,1.14791888385422347854E5
example_series.csv#1,1.22880125E5,{},LevinLAlgorithmArb,8,"{'remainder': 'RemainderType.u_variant', 'useRecFormulas': 'True', 'beta': '6E-1'}",,{},26,1.25E-1,8.191875E3,1.1468825E5,8.08663687180007106627E3,1.14793488128199928933E5
example_series.csv#1,1.22880125E5,{},LevinLAlgorithmArb,8,"{'remainder': 'RemainderType.u_variant', 'useRecFormulas': 'True', 'beta': '6E-1'}",,{},27,1.25E-1,8.191875E3,1.1468825E5,8.08512183632403336264E3,1.14795003163675966637E5
example_series.csv#1,1.22880125E5,{},LevinLAlgorithmArb,8,"{'remainder': 'RemainderType.u_variant', 'useRecFormulas': 'True', 'beta': '6E-1'}",,{},28,1.25E-1,8.191875E3,1.1468825E5,8.08368532398571286509E3,1.14796439676014287134E5
example_series.csv#1,1.22880125E5,{},LevinLAlgorithmArb,8,"{'remainder': 'RemainderType.u_variant', 'useRecFormulas': 'True', 'beta': '6E-1'}",,{},29,1.25E-1,8.191875E3,1.1468825E5,8.08232169298576220548E3,1.14797803307014237793E5
example_series.csv#1,1.22880125E5,{},LevinLAlgorithmArb,8,"{'remainder': 'RemainderType.u_variant', 'useRecFormulas': 'True', 'beta': '6E-1'}",,{},30,1.25E-1,8.191875E3,1.1468825E5,8.08102579277824961778E3,1.14799099207221750381E5
example_series.csv#1,1.22880125E5,{},LevinLAlgorithmArb,8,"{'remainder': 'RemainderType.u_variant', 'useRecFormulas': 'True', 'beta': '6E-1'}",,{},31,1.25E-1,8.191875E3,1.1468825E5,8.07979291724945715325E3,1.14800332082750542845E5
example_series.csv#1,1.22880125E5,{},LevinLAlgorithmArb,8,"{'remainder': 'RemainderType.u_variant', 'useRecFormulas': 'True', 'beta': '6E-1'}",,{},32,1.25E-1,8.191875E3,1.1468825E5,8.07861876211938073358E3,1.14801506237880619266E5
example_series.csv#1,1.22880125E5,{},LevinLAlgorithmArb,8,"{'remainder': 'RemainderType.u_variant', 'useRecFormulas': 'True', 'beta': '6E-1'}",,{},33,1.25E-1,8.191875E3,1.1468825E5,8.07749938637198107774E3,1.14802625613628018922E5
example_series.csv#1,1.22880125E5,{},LevinLAlgorithmArb,8,"{'remainder': 'RemainderType.u_variant', 'useRecFormulas': 'True', 'beta': '6E-1'}",,{},34,1.25E-1,8.191875E3,1.1468825E5,8.07643117745085812111E3,1.14803693822549141879E5
example_series.csv#1,1.22880125E5,{},LevinLAlgorithmArb,8,"{'remainder': 'RemainderType.u_variant', 'useRecFormulas': 'True', 'beta': '6E-1'}",,{},35,1.25E-1,8.191875E3,1.1468825E5,8.07541081992488708113E3,1.14804714180075112917E5
example_series.csv#1,1.22880125E5,{},LevinLAlgorithmArb,8,"{'remainder': 'RemainderType.u_variant', 'useRecFormulas': 'True', 'beta': '6E-1'}",,{},36,1.25E-1,8.191875E3,1.1468825E5,8.07443526731991397465E3,1.14805689732680086025E5
example_series.csv#1,1.22880125E5,{},LevinLAlgorithmArb,8,"{'remainder': 'RemainderType.u_variant', 'useRecFormulas': 'True', 'beta': '6E-1'}",,{},37,1.25E-1,8.191875E3,1.1468825E5,8.07350171681880222296E3,1.14806623283181197777E5
example_series.csv#1,1.22880125E5,{},LevinLAlgorithmArb,8,"{'remainder': 'RemainderType.u_variant', 'useRecFormulas': 'True', 'beta': '6E-1'}",,{},38,1.25E-1,8.191875E3,1.1468825E5,8.07260758654692991448E3,1.14807517413453070084E5
example_series.csv#1,1.22880125E5,{},LevinLAlgorithmArb,8,"{'remainder': 'RemainderType.u_variant', 'useRecFormulas': 'True', 'beta': '6E-1'}",,{},39,1.25E-1,8.191875E3,1.1468825E5,8.07175049517969686319E3,1.14808374504820303136E5
example_series.csv#1,1.22880125E5,{},LevinLAlgorithmArb,8,"{'remainder': 'RemainderType.u_variant', 'useRecFormulas': 'True', 'beta': '6E-1'}",,{},40,1.25E-1,8.191875E3,1.1468825E5,8.07092824363013977057E3,1.14809196756369860228E5
example_series.csv#1,1.22880125E5,{},LevinLAlgorithmArb,8,"{'remainder': 'RemainderType.u_variant', 'useRecFormulas': 'True', 'beta': '6E-1'}",,{},41,1.25E-1,8.191875E3,1.1468825E5,8.07013879859673742189E3,1.14809986201403262576E5
example_series.csv#1,1.22880125E5,{},LevinLAlgorithmArb,8,"{'remainder': 'RemainderType.u_variant', 'useRecFormulas': 'True', 'beta': '6E-1'}",,{},42,1.25E-1,8.191875E3,1.1468825E5,8.06938027777290910311E3,1.14810744722227090897E5
example_series.csv#1,1.22880125E5,{},LevinLAlgorithmArb,8,"{'remainder': 'RemainderType.u_variant', 'useRecFormulas': 'True', 'beta': '6E-1'}",,{},43,1.25E-1,8.191875E3,1.1468825E5,8.06865093653997998673E3,1.14811474063460020012E5
example_series.csv#1,1.22880125E5,{},LevinLAlgorithmArb,8,"{'remainder': 'RemainderType.u_variant', 'useRecFormulas': 'True', 'beta': '6E-1'}",,{},44,1.25E-1,8.191875E3,1.1468825E5,8.06794915598419460059E3,1.14812175844015805398E5
example_series.csv#1,1.22880125E5,{},LevinLAlgorithmArb,8,"{'remainder': 'RemainderType.u_variant', 'useRecFormulas': 'True', 'beta': '6E-1'}",,{},45,1.25E-1,8.191875E3,1.1468825E5,8.06727343209557029118E3,1.14812851567904429708E5
example_series.csv#1,1.22880125E5,{},LevinLAlgorithmArb,8,"{'remainder': 'RemainderType.u_variant', 'useRecFormulas': 'True', 'beta': '6E-1'}",,{},46,1.25E-1,8.191875E3,1.1468825E5,8.06662236602197713716E3,1.14813502633978022863E5
example_series.csv#1,1.22880125E5,{},LevinLAlgorithmArb,8,"{'remainder': 'RemainderType.u_variant', 'useRecFormulas': 'True', 'beta': '6E-1'}",,{},47,1.25E-1,8.191875E3,1.1468825E5,8.06599465526585911892E3,1.1481413034473414088E5
example_series.csv#1,1.22880125E5,{},LevinLAlgorithmArb,8,"{'remainder': 'RemainderType.u_variant', 'useRecFormulas': 'True', 'beta': '6E-1'}",,{},48,1.25E-1,8.191875E3,1.1468825E5,8.06538908572356392931E3,1.1481473591427643607E5
example_series.csv#1,1.22880125E5,{},LevinLAlgorithmArb,8,"{'remainder': 'RemainderType.u_variant', 'useRecFormulas': 'True', 'beta': '6E-1'}",,{},49,1.25E-1,8.191875E3,1.1468825E5,8.06480452447843706881E3,1.14815320475521562931E5
example_series.csv#1,1.22880125E5,{},LevinLAlgorithmArb,8,"{'remainder': 'RemainderType.u_variant', 'useRecFormulas': 'True', 'beta': '6.9999999999999999999E-1'}",,{},1,2.048E3,6.144E3,1.16736125E5,8.17129267002916816722E3,1.14708832329970831831E5
example_series.csv#1,1.22880125E5,{},LevinLAlgorithmArb,8,"{'remainder': 'RemainderType.u_variant', 'useRecFormulas': 'True', 'beta': '6.9999999999999999999E-1'}",,{},2,1.024E3,7.168E3,1.15712125E5,8.16722423107608893697E3,1.14712900768923911063E5
example_series.csv#1,1.22880125E5,{},LevinLAlgorithmArb,8,"{'remainder': 'RemainderType.u_variant', 'useRecFormulas': 'True', 'beta': '6.9999999999999999999E-1'}",,{},3,5.12E2,7.68E3,1.15200125E5,8.16252846551438062028E3,1.14717596534485619379E5
example_series.csv#1,1.22880125E5,{},LevinLAlgorithmArb,8,"{'remainder': 'RemainderType.u_variant', 'useRecFormulas': 'True', 'beta': '6.9999999999999999999E-1'}",,{},4,2.56E2,7.936E3,1.14944125E5,8.15748620175813882129E3,1.14722638798241861178E5
example_series.csv#1,1.22880125E5,{},LevinLAlgorithmArb,8,"{'remainder': 'RemainderType.u_variant', 'useRecFormulas': 'True', 'beta': '6.9999999999999999999E-1'}",,{},5,1.28E2,8.064E3,1.14816125E5,8.15231181951911086605E3,1.14727813180480889132E5
example_series.csv#1,1.22880125E5,{},LevinLAlgorithmArb,8,"{'remainder': 'RemainderType.u_variant', 'useRecFormulas': 'True', 'beta': '6.9999999999999999999E-1'}",,{},6,6.4E1,8.128E3,1.14752125E5,8.14716093107059696576E3,1.14732964068929403034E5
example_series.csv#1,1.22880125E5,{},LevinLAlgorithmArb,8,"{'remainder': 'RemainderType.u_variant', 'useRecFormulas': 'True', 'beta': '6.9999999999999999999E-1'}",,{},7,3.2E1,8.16E3,1.14720125E5,8.14213998529338445395E3,1.14737985014706615546E5
example_series.csv#1,1.22880125E5,{},LevinLAlgorithmArb,8,"{'remainder': 'RemainderType.u_variant', 'useRecFormulas': 'True', 'beta': '6.9999999999999999999E-1'}",,{},8,1.6E1,8.176E3,1.14704125E5,8.13731656895730286666E3,1.14742808431042697133E5
example_series.csv#1,1.22880125E5,{},LevinLAlgorithmArb,8,"{'remainder': 'RemainderType.u_variant', 'useRecFormulas': 'True', 'beta': '6.9999999999999999999E-1'}",,{},9,8E0,8.184E3,1.14696125E5,8.13272931358569211085E3,1.14747395686414307888E5
example_series.csv#1,1.22880125E5,{},LevinLAlgorithmArb,8,"{'remainder': 'RemainderType.u_variant', 'useRecFormulas': 'True', 'beta': '6.9999999999999999999E-1'}",,{},10,4E0,8.188E3,1.14692125E5,8.1283963752263663674E3,1.14751728624773633632E5
example_series.csv#1,1.22880125E5,{},LevinLAlgorithmArb,8,"{'remainder': 'RemainderType.u_variant', 'useRecFormulas': 'True', 'beta': '6.9999999999999999999E-1'}",,{},11,2E0,8.19E3,1.14690125E5,8.12432208890085661981E3,1.1475580291109914338E5
example_series.csv#1,1.22880125E5,{},LevinLAlgorithmArb,8,"{'remainder': 'RemainderType.u_variant', 'useRecFormulas': 'True', 'beta': '6.9999999999999999999E-1'}",,{},12,1E0,8.191E3,1.14689125E5,8.12050188338538592308E3,1.14759623116614614076E5
example_series.csv#1,1.22880125E5,{},LevinLAlgorithmArb,8,"{'remainder': 'RemainderType.u_variant', 'useRecFormulas': 'True', 'beta': '6.9999999999999999999E-1'}",,{},13,5E-1,8.1915E3,1.14688625E5,8.11692575792242973836E3,1.1476319924207757026E5
example_series.csv#1,1.22880125E5,{},LevinLAlgorithmArb,8,"{'remainder': 'RemainderType.u_variant', 'useRecFormulas': 'True', 'beta': '6.9999999999999999999E-1'}",,{},14,2.5E-1,8.19175E3,1.14688375E5,8.11358066243191497909E3,1.14766544337568085019E5
example_series.csv#1,1.22880125E5,{},LevinLAlgorithmArb,8,"{'remainder': 'RemainderType.u_variant', 'useRecFormulas': 'True', 'beta': '6.9999999999999999999E-1'}",,{},15,1.25E-1,8.191875E3,1.1468825E5,8.11045208231789859087E3,1.14769672917682101409E5
example_series.csv#1,1.22880125E5,{},LevinLAlgorithmArb,8,"{'remainder': 'RemainderType.u_variant', 'useRecFormulas': 'True', 'beta': '6.9999999999999999999E-1'}",,{},16,1.25E-1,8.191875E3,1.1468825E5,8.10752506489326105679E3,1.14772599935106738942E5
example_series.csv#1,1.22880125E5,{},LevinLAlgorithmArb,8,"{'remainder': 'RemainderType.u_variant', 'useRecFormulas': 'True', 'beta': '6.9999999999999999999E-1'}",,{},17,1.25E-1,8.191875E3,1.1468825E5,8.10478486277963609335E3,1.14775340137220363906E5
example_series.csv#1,1.22880125E5,{},LevinLAlgorithmArb,8,"{'remainder': 'RemainderType.u_variant', 'useRecFormulas': 'True', 'beta': '6.9999999999999999999E-1'}",,{},18,1.25E-1,8.191875E3,1.1468825E5,8.10221731926372008641E3,1.14777907680736279913E5
example_series.csv#1,1.22880125E5,{},LevinLAlgorithmArb,8,"{'remainder': 'RemainderType.u_variant', 'useRecFormulas': 'True', 'beta': '6.9999999999999999999E-1'}",,{},19,1.25E-1,8.191875E3,1.1468825E5,8.09980908258695834472E3,1.14780315917413041654E5
example_series.csv#1,1.22880125E5,{},LevinLAlgorithmArb,8,"{'remainder': 'RemainderType.u_variant', 'useRecFormulas': 'True', 'beta': '6.9999999999999999999E-1'}",,{},20,1.25E-1,8.191875E3,1.1468825E5,8.09754770872711196247E3,1.14782577291272888036E5
example_series.csv#1,1.22880125E5,{},LevinLAlgorithmArb,8,"{'remainder': 'RemainderType.u_variant', 'useRecFormulas': 'True', 'beta': '6.9999999999999999999E-1'}",,{},21,1.25E-1,8.191875E3,1.1468825E5,8.09542169297400172497E3,1.14784703307025998275E5
example_series.csv#1,1.22880125E5,{},LevinLAlgorithmArb,8,"{'remainder': 'RemainderType.u_variant', 'useRecFormulas': 'True', 'beta': '6.9999999999999999999E-1'}",,{},22,1.25E-1,8.191875E3,1.1468825E5,8.09342045730515596654E3,1.14786704542694844032E5
example_series.csv#1,1.22880125E5,{},LevinLAlgorithmArb,8,"{'remainder': 'RemainderType.u_variant', 'useRecFormulas': 'True', 'beta': '6.9999999999999999999E-1'}",,{},23,1.25E-1,8.191875E3,1.1468825E5,8.09153431148706344919E3,1.1478859068851293655E5
example_series.csv#1,1.22880125E5,{},LevinLAlgorithmArb,8,"{'remainder': 'RemainderType.u_variant', 'useRecFormulas': 'True', 'beta': '6.9999999999999999999E-1'}",,{},24,1.25E-1,8.191875E3,1.1468825E5,8.08975439967470361807E3,1.1479037060032529638E5
example_series.csv#1,1.22880125E5,{},LevinLAlgorithmArb,8,"{'remainder': 'RemainderType.u_variant', 'useRecFormulas': 'True', 'beta': '6.9999999999999999999E-1'}",,{},25,1.25E-1,8.191875E3,1.1468825E5,8.08807264013700634291E3,1.14792052359862993657E5
example_series.csv#1,1.22880125E5,{},LevinLAlgorithmArb,8,"{'remainder': 'RemainderType.u_variant', 'useRecFormulas': 'True', 'beta': '6.9999999999999999999E-1'}",,{},26,1.25E-1,8.191875E3,1.1468825E5,8.08648166295824906477E3,1.14793643337041750934E5
example_series.csv#1,1.22880125E5,{},LevinLAlgorithmArb,8,"{'remainder': 'RemainderType.u_variant', 'useRecFormulas': 'True', 'beta': '6.9999999999999999999E-1'}",,{},27,1.25E-1,8.191875E3,1.1468825E5,8.08497474871444104471E3,1.14795150251285558955E5
example_series.csv#1,1.22880125E5,{},LevinLAlgorithmArb,8,"{'remainder': 'RemainderType.u_variant', 'useRecFormulas': 'True', 'beta': '6.9999999999999999999E-1'}",,{},28,1.25E-1,8.191875E3,1.1468825E5,8.08354576989873898307E3,1.14796579230101261015E5
example_series.csv#1,1.22880125E5,{},LevinLAlgorithmArb,8,"{'remainder': 'RemainderType.u_variant', 'useRecFormulas': 'True', 'beta': '6.9999999999999999999E-1'}",,{},29,1.25E-1,8.191875E3,1.1468825E5,8.0821891360666270431E3,1.14797935863933372957E5
example_series.csv#1,1.22880125E5,{},LevinLAlgorithmArb,8,"{'remainder': 'RemainderType.u_variant', 'useRecFormulas': 'True', 'beta': '6.9999999999999999999E-1'}",,{},30,1.25E-1,8.191875E3,1.1468825E5,8.08089974315161680282E3,1.14799225256848383196E5
example_series.csv#1,1.22880125E5,{},LevinLAlgorithmArb,8,"{'remainder': 'RemainderType.u_variant', 'useRecFormulas': 'True', 'beta': '6.9999999999999999999E-1'}",,{},31,1.25E-1,8.191875E3,1.1468825E5,8.07967292707199698509E3,1.14800452072928003013E5
example_series.csv#1,1.22880125E5,{},LevinLAlgorithmArb,8,"{'remainder': 'RemainderType.u_variant', 'useRecFormulas': 'True', 'beta': '6.9999999999999999999E-1'}",,{},32,1.25E-1,8.191875E3,1.1468825E5,8.07850442154545177564E3,1.14801620578454548224E5
example_series.csv#1,1.22880125E5,{},LevinLAlgorithmArb,8,"{'remainder': 'RemainderType.u_variant', 'useRecFormulas': 'True', 'beta': '6.9999999999999999999E-1'}",,{},33,1.25E-1,8.191875E3,1.1468825E5,8.07739031990847259045E3,1.14802734680091527409E5
example_series.csv#1,1.22880125E5,{},LevinLAlgorithmArb,8,"{'remainder': 'RemainderType.u_variant', 'useRecFormulas': 'True', 'beta': '6.9999999999999999999E-1'}",,{},34,1.25E-1,8.191875E3,1.1468825E5,8.0763270406726136644E3,1.14803797959327386335E5
example_series.csv#1,1.22880125E5,{},LevinLAlgorithmArb,8,"{'remainder': 'RemainderType.u_variant', 'useRecFormulas': 'True', 'beta': '6.9999999999999999999E-1'}",,{},35,1.25E-1,8.191875E3,1.1468825E5,8.07531129652039832739E3,1.14804813703479601671E5
example_series.csv#1,1.22880125E5,{},LevinLAlgorithmArb,8,"{'remainder': 'RemainderType.u_variant', 'useRecFormulas': 'True', 'beta': '6.9999999999999999999E-1'}",,{},36,1.25E-1,8.191875E3,1.1468825E5,8.07434006643705393199E3,1.14805784933562946068E5
example_series.csv#1,1.22880125E5,{},LevinLAlgorithmArb,8,"{'remainder': 'RemainderType.u_variant', 'useRecFormulas': 'True', 'beta': '6.9999999999999999999E-1'}",,{},37,1.25E-1,8.191875E3,1.1468825E5,8.07341057068153911946E3,1.14806714429318460879E5
example_series.csv#1,1.22880125E5,{},LevinLAlgorithmArb,8,"{'remainder': 'RemainderType.u_variant', 'useRecFormulas': 'True', 'beta': '6.9999999999999999999E-1'}",,{},38,1.25E-1,8.191875E3,1.1468825E5,8.07252024831575118873E3,1.14807604751684248811E5
example_series.csv#1,1.22880125E5,{},LevinLAlgorithmArb,8,"{'remainder': 'RemainderType.u_variant', 'useRecFormulas': 'True', 'beta': '6.9999999999999999999E-1'}",,{},39,1.25E-1,8.191875E3,1.1468825E5,8.07166673703056615643E3,1.14808458262969433842E5
example_series.csv#1,1.22880125E5,{},LevinLAlgorithmArb,8,"{'remainder': 'RemainderType.u_variant', 'useRecFormulas': 'True', 'beta': '6.9999999999999999999E-1'}",,{},40,1.25E-1,8.191875E3,1.1468825E5,8.07084785502900889525E3,1.14809277144970991103E5
example_series.csv#1,1.22880125E5,{},LevinLAlgorithmArb,8,"{'remainder': 'RemainderType.u_variant', 'useRecFormulas': 'True', 'beta': '6.9999999999999999999E-1'}",,{},41,1.25E-1,8.191875E3,1.1468825E5,8.07006158474881513856E3,1.1481006341525118486E5
example_series.csv#1,1.22880125E5,{},LevinLAlgorithmArb,8,"{'remainder': 'RemainderType.u_variant', 'useRecFormulas': 'True', 'beta': '6.9999999999999999999E-1'}",,{},42,1.25E-1,8.191875E3,1.1468825E5,8.06930605822797431836E3,1.1481081894177202568E5
example_series.csv#1,1.22880125E5,{},LevinLAlgorithmArb,8,"{'remainder': 'RemainderType.u_variant', 'useRecFormulas': 'True', 'beta': '6.9999999999999999999E-1'}",,{},43,1.25E-1,8.191875E3,1.1468825E5,8.06857954393697690878E3,1.1481154545606302309E5
example_series.csv#1,1.22880125E5,{},LevinLAlgorithmArb,8,"{'remainder': 'RemainderType.u_variant', 'useRecFormulas': 'True', 'beta': '6.9999999999999999999E-1'}",,{},44,1.25E-1,8.191875E3,1.1468825E5,8.06788043492014135987E3,1.14812244565079858639E5
example_series.csv#1,1.22880125E5,{},LevinLAlgorithmArb,8,"{'remainder': 'RemainderType.u_variant', 'useRecFormulas': 'True', 'beta': '6.9999999999999999999E-1'}",,{},45,1.25E-1,8.191875E3,1.1468825E5,8.06720723810544432197E3,1.14812917761894555678E5
example_series.csv#1,1.22880125E5,{},LevinLAlgorithmArb,8,"{'remainder': 'RemainderType.u_variant', 'useRecFormulas': 'True', 'beta': '6.9999999999999999999E-1'}",,{},46,1.25E-1,8.191875E3,1.1468825E5,8.06655856465771267996E3,1.1481356643534228732E5
example_series.csv#1,1.22880125E5,{},LevinLAlgorithmArb,8,"{'remainder': 'RemainderType.u_variant', 'useRecFormulas': 'True', 'beta': '6.9999999999999999999E-1'}",,{},47,1.25E-1,8.191875E3,1.1468825E5,8.06593312126391214225E3,1.14814191878736087856E5
example_series.csv#1,1.22880125E5,{},LevinLAlgorithmArb,8,"{'remainder': 'RemainderType.u_variant', 'useRecFormulas': 'True', 'beta': '6.9999999999999999999E-1'}",,{},48,1.25E-1,8.191875E3,1.1468825E5,8.06532970225167805033E3,1.14814795297748321948E5
example_series.csv#1,1.22880125E5,{},LevinLAlgorithmArb,8,"{'remainder': 'RemainderType.u_variant', 'useRecFormulas': 'True', 'beta': '6.9999999999999999999E-1'}",,{},49,1.25E-1,8.191875E3,1.1468825E5,8.06474718245329242871E3,1.14815377817546707571E5
example_series.csv#1,1.22880125E5,{},LevinLAlgorithmArb,8,"{'remainder': 'RemainderType.u_variant', 'useRecFormulas': 'True', 'beta': '8E-1'}",,{},1,2.048E3,6.144E3,1.16736125E5,8.17092336436315315664E3,1.14709201635636846842E5
example_series.csv#1,1.22880125E5,{},LevinLAlgorithmArb,8,"{'remainder': 'RemainderType.u_variant', 'useRecFormulas': 'True', 'beta': '8E-1'}",,{},2,1.024E3,7.168E3,1.15712125E5,8.16677771427218878372E3,1.14713347285727811216E5
example_series.csv#1,1.22880125E5,{},LevinLAlgorithmArb,8,"{'remainder': 'RemainderType.u_variant', 'useRecFormulas': 'True', 'beta': '8E-1'}",,{},3,5.12E2,7.68E3,1.15200125E5,8.16203579272335818017E3,1.14718089207276641818E5
example_series.csv#1,1.22880125E5,{},LevinLAlgorithmArb,8,"{'remainder': 'RemainderType.u_variant', 'useRecFormulas': 'True', 'beta': '8E-1'}",,{},4,2.56E2,7.936E3,1.14944125E5,8.1569717106916254522E3,1.14723153289308374546E5
example_series.csv#1,1.22880125E5,{},LevinLAlgorithmArb,8,"{'remainder': 'RemainderType.u_variant', 'useRecFormulas': 'True', 'beta': '8E-1'}",,{},5,1.28E2,8.064E3,1.14816125E5,8.1517935650739321865E3,1.14728331434926067812E5
example_series.csv#1,1.22880125E5,{},LevinLAlgorithmArb,8,"{'remainder': 'RemainderType.u_variant', 'useRecFormulas': 'True', 'beta': '8E-1'}",,{},6,6.4E1,8.128E3,1.14752125E5,8.14665160347570396701E3,1.14733473396524296032E5
example_series.csv#1,1.22880125E5,{},LevinLAlgorithmArb,8,"{'remainder': 'RemainderType.u_variant', 'useRecFormulas': 'True', 'beta': '8E-1'}",,{},7,3.2E1,8.16E3,1.14720125E5,8.14164792116315849351E3,1.14738477078836841505E5
example_series.csv#1,1.22880125E5,{},LevinLAlgorithmArb,8,"{'remainder': 'RemainderType.u_variant', 'useRecFormulas': 'True', 'beta': '8E-1'}",,{},8,1.6E1,8.176E3,1.14704125E5,8.13684678099382394728E3,1.14743278219006176052E5
example_series.csv#1,1.22880125E5,{},LevinLAlgorithmArb,8,"{'remainder': 'RemainderType.u_variant', 'useRecFormulas': 'True', 'beta': '8E-1'}",,{},9,8E0,8.184E3,1.14696125E5,8.13228441440546442578E3,1.14747840585594535574E5
example_series.csv#1,1.22880125E5,{},LevinLAlgorithmArb,8,"{'remainder': 'RemainderType.u_variant', 'useRecFormulas': 'True', 'beta': '8E-1'}",,{},10,4E0,8.188E3,1.14692125E5,8.127977326361732781E3,1.14752147673638267217E5
example_series.csv#1,1.22880125E5,{},LevinLAlgorithmArb,8,"{'remainder': 'RemainderType.u_variant', 'useRecFormulas': 'True', 'beta': '8E-1'}",,{},11,2E0,8.19E3,1.14690125E5,8.12392876651825145634E3,1.14756196233481748543E5
example_series.csv#1,1.22880125E5,{},LevinLAlgorithmArb,8,"{'remainder': 'RemainderType.u_variant', 'useRecFormulas': 'True', 'beta': '8E-1'}",,{},12,1E0,8.191E3,1.14689125E5,8.12013348495646024122E3,1.14759991515043539758E5
example_series.csv#1,1.22880125E5,{},LevinLAlgorithmArb,8,"{'remainder': 'RemainderType.u_variant', 'useRecFormulas': 'True', 'beta': '8E-1'}",,{},13,5E-1,8.1915E3,1.14688625E5,8.11658108416118095315E3,1.14763543915838819045E5
example_series.csv#1,1.22880125E5,{},LevinLAlgorithmArb,8,"{'remainder': 'RemainderType.u_variant', 'useRecFormulas': 'True', 'beta': '8E-1'}",,{},14,2.5E-1,8.19175E3,1.14688375E5,8.11325830713832570567E3,1.14766866692861674294E5
example_series.csv#1,1.22880125E5,{},LevinLAlgorithmArb,8,"{'remainder': 'RemainderType.u_variant', 'useRecFormulas': 'True', 'beta': '8E-1'}",,{},15,1.25E-1,8.191875E3,1.1468825E5,8.11015055680181288771E3,1.14769974443198187112E5
example_series.csv#1,1.22880125E5,{},LevinLAlgorithmArb,8,"{'remainder': 'RemainderType.u_variant', 'useRecFormulas': 'True', 'beta': '8E-1'}",,{},16,1.25E-1,8.191875E3,1.1468825E5,8.10724287713564778809E3,1.1477288212286435221E5
example_series.csv#1,1.22880125E5,{},LevinLAlgorithmArb,8,"{'remainder': 'RemainderType.u_variant', 'useRecFormulas': 'True', 'beta': '8E-1'}",,{},17,1.25E-1,8.191875E3,1.1468825E5,8.10452056588581397802E3,1.1477560443411418602E5
example_series.csv#1,1.22880125E5,{},LevinLAlgorithmArb,8,"{'remainder': 'RemainderType.u_variant', 'useRecFormulas': 'True', 'beta': '8E-1'}",,{},18,1.25E-1,8.191875E3,1.1468825E5,8.10196953942344205437E3,1.14778155460576557945E5
example_series.csv#1,1.22880125E5,{},LevinLAlgorithmArb,8,"{'remainder': 'RemainderType.u_variant', 'useRecFormulas': 'True', 'beta': '8E-1'}",,{},19,1.25E-1,8.191875E3,1.1468825E5,8.09957653357734829355E3,1.14780548466422651705E5
example_series.csv#1,1.22880125E5,{},LevinLAlgorithmArb,8,"{'remainder': 'RemainderType.u_variant', 'useRecFormulas': 'True', 'beta': '8E-1'}",,{},20,1.25E-1,8.191875E3,1.1468825E5,8.09732919774100626406E3,1.14782795802258993735E5
example_series.csv#1,1.22880125E5,{},LevinLAlgorithmArb,8,"{'remainder': 'RemainderType.u_variant', 'useRecFormulas': 'True', 'beta': '8E-1'}",,{},21,1.25E-1,8.191875E3,1.1468825E5,8.09521612099097220124E3,1.14784908879009027797E5
example_series.csv#1,1.22880125E5,{},LevinLAlgorithmArb,8,"{'remainder': 'RemainderType.u_variant', 'useRecFormulas': 'True', 'beta': '8E-1'}",,{},22,1.25E-1,8.191875E3,1.1468825E5,8.09322681614935502758E3,1.14786898183850644972E5
example_series.csv#1,1.22880125E5,{},LevinLAlgorithmArb,8,"{'remainder': 'RemainderType.u_variant', 'useRecFormulas': 'True', 'beta': '8E-1'}",,{},23,1.25E-1,8.191875E3,1.1468825E5,8.09135167898676717299E3,1.14788773321013232826E5
example_series.csv#1,1.22880125E5,{},LevinLAlgorithmArb,8,"{'remainder': 'RemainderType.u_variant', 'useRecFormulas': 'True', 'beta': '8E-1'}",,{},24,1.25E-1,8.191875E3,1.1468825E5,8.08958193384603116504E3,1.14790543066153968835E5
example_series.csv#1,1.22880125E5,{},LevinLAlgorithmArb,8,"{'remainder': 'RemainderType.u_variant', 'useRecFormulas': 'True', 'beta': '8E-1'}",,{},25,1.25E-1,8.191875E3,1.1468825E5,8.08790957298360962893E3,1.14792215427016390369E5
example_series.csv#1,1.22880125E5,{},LevinLAlgorithmArb,8,"{'remainder': 'RemainderType.u_variant', 'useRecFormulas': 'True', 'beta': '8E-1'}",,{},26,1.25E-1,8.191875E3,1.1468825E5,8.08632729425786193502E3,1.14793797705742138064E5
example_series.csv#1,1.22880125E5,{},LevinLAlgorithmArb,8,"{'remainder': 'RemainderType.u_variant', 'useRecFormulas': 'True', 'beta': '8E-1'}",,{},27,1.25E-1,8.191875E3,1.1468825E5,8.08482844001651660098E3,1.14795296559983483398E5
example_series.csv#1,1.22880125E5,{},LevinLAlgorithmArb,8,"{'remainder': 'RemainderType.u_variant', 'useRecFormulas': 'True', 'beta': '8E-1'}",,{},28,1.25E-1,8.191875E3,1.1468825E5,8.08340693886081342356E3,1.14796718061139186576E5
example_series.csv#1,1.22880125E5,{},LevinLAlgorithmArb,8,"{'remainder': 'RemainderType.u_variant', 'useRecFormulas': 'True', 'beta': '8E-1'}",,{},29,1.25E-1,8.191875E3,1.1468825E5,8.08205725119413918927E3,1.1479806774880586081E5
example_series.csv#1,1.22880125E5,{},LevinLAlgorithmArb,8,"{'remainder': 'RemainderType.u_variant', 'useRecFormulas': 'True', 'beta': '8E-1'}",,{},30,1.25E-1,8.191875E3,1.1468825E5,8.08077431896559390051E3,1.14799350681034406099E5
example_series.csv#1,1.22880125E5,{},LevinLAlgorithmArb,8,"{'remainder': 'RemainderType.u_variant', 'useRecFormulas': 'True', 'beta': '8E-1'}",,{},31,1.25E-1,8.191875E3,1.1468825E5,8.07955351970379254791E3,1.14800571480296207452E5
example_series.csv#1,1.22880125E5,{},LevinLAlgorithmArb,8,"{'remainder': 'RemainderType.u_variant', 'useRecFormulas': 'True', 'beta': '8E-1'}",,{},32,1.25E-1,8.191875E3,1.1468825E5,8.0783906247425265571E3,1.14801734375257473443E5
example_series.csv#1,1.22880125E5,{},LevinLAlgorithmArb,8,"{'remainder': 'RemainderType.u_variant', 'useRecFormulas': 'True', 'beta': '8E-1'}",,{},33,1.25E-1,8.191875E3,1.1468825E5,8.07728176142662818945E3,1.14802843238573371809E5
example_series.csv#1,1.22880125E5,{},LevinLAlgorithmArb,8,"{'remainder': 'RemainderType.u_variant', 'useRecFormulas': 'True', 'beta': '8E-1'}",,{},34,1.25E-1,8.191875E3,1.1468825E5,8.07622337902581717097E3,1.14803901620974182828E5
example_series.csv#1,1.22880125E5,{},LevinLAlgorithmArb,8,"{'remainder': 'RemainderType.u_variant', 'useRecFormulas': 'True', 'beta': '8E-1'}",,{},35,1.25E-1,8.191875E3,1.1468825E5,8.07521221805782779523E3,1.14804912781942172204E5
example_series.csv#1,1.22880125E5,{},LevinLAlgorithmArb,8,"{'remainder': 'RemainderType.u_variant', 'useRecFormulas': 'True', 'beta': '8E-1'}",,{},36,1.25E-1,8.191875E3,1.1468825E5,8.0742452827172113946E3,1.14805879717282788604E5
example_series.csv#1,1.22880125E5,{},LevinLAlgorithmArb,8,"{'remainder': 'RemainderType.u_variant', 'useRecFormulas': 'True', 'beta': '8E-1'}",,{},37,1.25E-1,8.191875E3,1.1468825E5,8.07331981611452970626E3,1.14806805183885470293E5
example_series.csv#1,1.22880125E5,{},LevinLAlgorithmArb,8,"{'remainder': 'RemainderType.u_variant', 'useRecFormulas': 'True', 'beta': '8E-1'}",,{},38,1.25E-1,8.191875E3,1.1468825E5,8.07243327804665741911E3,1.14807691721953342579E5
example_series.csv#1,1.22880125E5,{},LevinLAlgorithmArb,8,"{'remainder': 'RemainderType.u_variant', 'useRecFormulas': 'True', 'beta': '8E-1'}",,{},39,1.25E-1,8.191875E3,1.1468825E5,8.07158332503895801166E3,1.14808541674961041988E5
example_series.csv#1,1.22880125E5,{},LevinLAlgorithmArb,8,"{'remainder': 'RemainderType.u_variant', 'useRecFormulas': 'True', 'beta': '8E-1'}",,{},40,1.25E-1,8.191875E3,1.1468825E5,8.07076779242183205081E3,1.14809357207578167948E5
example_series.csv#1,1.22880125E5,{},LevinLAlgorithmArb,8,"{'remainder': 'RemainderType.u_variant', 'useRecFormulas': 'True', 'beta': '8E-1'}",,{},41,1.25E-1,8.191875E3,1.1468825E5,8.06998467822607290961E3,1.1481014032177392709E5
example_series.csv#1,1.22880125E5,{},LevinLAlgorithmArb,8,"{'remainder': 'RemainderType.u_variant', 'useRecFormulas': 'True', 'beta': '8E-1'}",,{},42,1.25E-1,8.191875E3,1.1468825E5,8.0692321287026925019E3,1.14810892871297307498E5
example_series.csv#1,1.22880125E5,{},LevinLAlgorithmArb,8,"{'remainder': 'RemainderType.u_variant', 'useRecFormulas': 'True', 'beta': '8E-1'}",,{},43,1.25E-1,8.191875E3,1.1468825E5,8.06850842529287567023E3,1.14811616574707124328E5
example_series.csv#1,1.22880125E5,{},LevinLAlgorithmArb,8,"{'remainder': 'RemainderType.u_variant', 'useRecFormulas': 'True', 'beta': '8E-1'}",,{},44,1.25E-1,8.191875E3,1.1468825E5,8.06781197289221615873E3,1.1481231302710778384E5
example_series.csv#1,1.22880125E5,{},LevinLAlgorithmArb,8,"{'remainder': 'RemainderType.u_variant', 'useRecFormulas': 'True', 'beta': '8E-1'}",,{},45,1.25E-1,8.191875E3,1.1468825E5,8.06714128927027347537E3,1.14812983710729726523E5
example_series.csv#1,1.22880125E5,{},LevinLAlgorithmArb,8,"{'remainder': 'RemainderType.u_variant', 'useRecFormulas': 'True', 'beta': '8E-1'}",,{},46,1.25E-1,8.191875E3,1.1468825E5,8.06649499552176560263E3,1.14813630004478234396E5
example_series.csv#1,1.22880125E5,{},LevinLAlgorithmArb,8,"{'remainder': 'RemainderType.u_variant', 'useRecFormulas': 'True', 'beta': '8E-1'}",,{},47,1.25E-1,8.191875E3,1.1468825E5,8.06587180743943758212E3,1.14814253192560562417E5
example_series.csv#1,1.22880125E5,{},LevinLAlgorithmArb,8,"{'remainder': 'RemainderType.u_variant', 'useRecFormulas': 'True', 'beta': '8E-1'}",,{},48,1.25E-1,8.191875E3,1.1468825E5,8.06527052771091637767E3,1.14814854472289083621E5
example_series.csv#1,1.22880125E5,{},LevinLAlgorithmArb,8,"{'remainder': 'RemainderType.u_variant', 'useRecFormulas': 'True', 'beta': '8E-1'}",,{},49,1.25E-1,8.191875E3,1.1468825E5,8.06469003885279209814E3,1.148154349611472079E5
example_series.csv#1,1.22880125E5,{},LevinLAlgorithmArb,8,"{'remainder': 'RemainderType.u_variant', 'useRecFormulas': 'True', 'beta': '9E-1'}",,{},1,2.048E3,6.144E3,1.16736125E5,8.17054480452376215307E3,1.14709580195476237845E5
example_series.csv#1,1.22880125E5,{},LevinLAlgorithmArb,8,"{'remainder': 'RemainderType.u_variant', 'useRecFormulas': 'True', 'beta': '9E-1'}",,{},2,1.024E3,7.168E3,1.15712125E5,8.1663252902105723541E3,1.14713799709789427645E5
example_series.csv#1,1.22880125E5,{},LevinLAlgorithmArb,8,"{'remainder': 'RemainderType.u_variant', 'useRecFormulas': 'True', 'beta': '9E-1'}",,{},3,5.12E2,7.68E3,1.15200125E5,8.16153995345786274862E3,1.1471858504654213725E5
example_series.csv#1,1.22880125E5,{},LevinLAlgorithmArb,8,"{'remainder': 'RemainderType.u_variant', 'useRecFormulas': 'True', 'beta': '9E-1'}",,{},4,2.56E2,7.936E3,1.14944125E5,8.15645612681327678353E3,1.14723668873186723216E5
example_series.csv#1,1.22880125E5,{},LevinLAlgorithmArb,8,"{'remainder': 'RemainderType.u_variant', 'useRecFormulas': 'True', 'beta': '9E-1'}",,{},5,1.28E2,8.064E3,1.14816125E5,8.15127571228744045916E3,1.1472884928771255954E5
example_series.csv#1,1.22880125E5,{},LevinLAlgorithmArb,8,"{'remainder': 'RemainderType.u_variant', 'useRecFormulas': 'True', 'beta': '9E-1'}",,{},6,6.4E1,8.128E3,1.14752125E5,8.14614368982067275137E3,1.14733981310179327247E5
example_series.csv#1,1.22880125E5,{},LevinLAlgorithmArb,8,"{'remainder': 'RemainderType.u_variant', 'useRecFormulas': 'True', 'beta': '9E-1'}",,{},7,3.2E1,8.16E3,1.14720125E5,8.14115790540306580586E3,1.14738967094596934193E5
example_series.csv#1,1.22880125E5,{},LevinLAlgorithmArb,8,"{'remainder': 'RemainderType.u_variant', 'useRecFormulas': 'True', 'beta': '9E-1'}",,{},8,1.6E1,8.176E3,1.14704125E5,8.13637939683128005322E3,1.14743745603168719946E5
example_series.csv#1,1.22880125E5,{},LevinLAlgorithmArb,8,"{'remainder': 'RemainderType.u_variant', 'useRecFormulas': 'True', 'beta': '9E-1'}",,{},9,8E0,8.184E3,1.14696125E5,8.131842078755071647E3,1.14748282921244928353E5
example_series.csv#1,1.22880125E5,{},LevinLAlgorithmArb,8,"{'remainder': 'RemainderType.u_variant', 'useRecFormulas': 'True', 'beta': '9E-1'}",,{},10,4E0,8.188E3,1.14692125E5,8.12756086963702247122E3,1.14752564130362977528E5
example_series.csv#1,1.22880125E5,{},LevinLAlgorithmArb,8,"{'remainder': 'RemainderType.u_variant', 'useRecFormulas': 'True', 'beta': '9E-1'}",,{},11,2E0,8.19E3,1.14690125E5,8.12353798104944404445E3,1.14756587018950555954E5
example_series.csv#1,1.22880125E5,{},LevinLAlgorithmArb,8,"{'remainder': 'RemainderType.u_variant', 'useRecFormulas': 'True', 'beta': '9E-1'}",,{},12,1E0,8.191E3,1.14689125E5,8.1197675176111248726E3,1.14760357482388875126E5
example_series.csv#1,1.22880125E5,{},LevinLAlgorithmArb,8,"{'remainder': 'RemainderType.u_variant', 'useRecFormulas': 'True', 'beta': '9E-1'}",,{},13,5E-1,8.1915E3,1.14688625E5,8.11623870768526495883E3,1.14763886292314735041E5
example_series.csv#1,1.22880125E5,{},LevinLAlgorithmArb,8,"{'remainder': 'RemainderType.u_variant', 'useRecFormulas': 'True', 'beta': '9E-1'}",,{},14,2.5E-1,8.19175E3,1.14688375E5,8.11293810236815124747E3,1.14767186897631848752E5
example_series.csv#1,1.22880125E5,{},LevinLAlgorithmArb,8,"{'remainder': 'RemainderType.u_variant', 'useRecFormulas': 'True', 'beta': '9E-1'}",,{},15,1.25E-1,8.191875E3,1.1468825E5,8.10985103175652593798E3,1.1477027396824347406E5
example_series.csv#1,1.22880125E5,{},LevinLAlgorithmArb,8,"{'remainder': 'RemainderType.u_variant', 'useRecFormulas': 'True', 'beta': '9E-1'}",,{},16,1.25E-1,8.191875E3,1.1468825E5,8.10696254253429252484E3,1.14773162457465707475E5
example_series.csv#1,1.22880125E5,{},LevinLAlgorithmArb,8,"{'remainder': 'RemainderType.u_variant', 'useRecFormulas': 'True', 'beta': '9E-1'}",,{},17,1.25E-1,8.191875E3,1.1468825E5,8.10425798115242365282E3,1.14775867018847576347E5
example_series.csv#1,1.22880125E5,{},LevinLAlgorithmArb,8,"{'remainder': 'RemainderType.u_variant', 'useRecFormulas': 'True', 'beta': '9E-1'}",,{},18,1.25E-1,8.191875E3,1.1468825E5,8.10172333902839618713E3,1.14778401660971603812E5
example_series.csv#1,1.22880125E5,{},LevinLAlgorithmArb,8,"{'remainder': 'RemainderType.u_variant', 'useRecFormulas': 'True', 'beta': '9E-1'}",,{},19,1.25E-1,8.191875E3,1.1468825E5,8.09934544048813266273E3,1.14780779559511867336E5
example_series.csv#1,1.22880125E5,{},LevinLAlgorithmArb,8,"{'remainder': 'RemainderType.u_variant', 'useRecFormulas': 'True', 'beta': '9E-1'}",,{},20,1.25E-1,8.191875E3,1.1468825E5,8.09711202858104734517E3,1.14783012971418952654E5
example_series.csv#1,1.22880125E5,{},LevinLAlgorithmArb,8,"{'remainder': 'RemainderType.u_variant', 'useRecFormulas': 'True', 'beta': '9E-1'}",,{},21,1.25E-1,8.191875E3,1.1468825E5,8.09501178599717262668E3,1.14785113214002827373E5
example_series.csv#1,1.22880125E5,{},LevinLAlgorithmArb,8,"{'remainder': 'RemainderType.u_variant', 'useRecFormulas': 'True', 'beta': '9E-1'}",,{},22,1.25E-1,8.191875E3,1.1468825E5,8.0930343159861286858E3,1.14787090684013871313E5
example_series.csv#1,1.22880125E5,{},LevinLAlgorithmArb,8,"{'remainder': 'RemainderType.u_variant', 'useRecFormulas': 'True', 'beta': '9E-1'}",,{},23,1.25E-1,8.191875E3,1.1468825E5,8.0911700997730096829E3,1.14788954900226990317E5
example_series.csv#1,1.22880125E5,{},LevinLAlgorithmArb,8,"{'remainder': 'RemainderType.u_variant', 'useRecFormulas': 'True', 'beta': '9E-1'}",,{},24,1.25E-1,8.191875E3,1.1468825E5,8.08941044127817197431E3,1.14790714558721828025E5
example_series.csv#1,1.22880125E5,{},LevinLAlgorithmArb,8,"{'remainder': 'RemainderType.u_variant', 'useRecFormulas': 'True', 'beta': '9E-1'}",,{},25,1.25E-1,8.191875E3,1.1468825E5,8.08774740612020471866E3,1.14792377593879795281E5
example_series.csv#1,1.22880125E5,{},LevinLAlgorithmArb,8,"{'remainder': 'RemainderType.u_variant', 'useRecFormulas': 'True', 'beta': '9E-1'}",,{},26,1.25E-1,8.191875E3,1.1468825E5,8.08617375931908342345E3,1.14793951240680916575E5
example_series.csv#1,1.22880125E5,{},LevinLAlgorithmArb,8,"{'remainder': 'RemainderType.u_variant', 'useRecFormulas': 'True', 'beta': '9E-1'}",,{},27,1.25E-1,8.191875E3,1.1468825E5,8.08468290441117746245E3,1.14795442095588822537E5
example_series.csv#1,1.22880125E5,{},LevinLAlgorithmArb,8,"{'remainder': 'RemainderType.u_variant', 'useRecFormulas': 'True', 'beta': '9E-1'}",,{},28,1.25E-1,8.191875E3,1.1468825E5,8.08326882556097697293E3,1.14796856174439023027E5
example_series.csv#1,1.22880125E5,{},LevinLAlgorithmArb,8,"{'remainder': 'RemainderType.u_variant', 'useRecFormulas': 'True', 'beta': '9E-1'}",,{},29,1.25E-1,8.191875E3,1.1468825E5,8.08192603351714138806E3,1.1479819896648285861E5
example_series.csv#1,1.22880125E5,{},LevinLAlgorithmArb,8,"{'remainder': 'RemainderType.u_variant', 'useRecFormulas': 'True', 'beta': '9E-1'}",,{},30,1.25E-1,8.191875E3,1.1468825E5,8.08064951578478690502E3,1.14799475484215213095E5
example_series.csv#1,1.22880125E5,{},LevinLAlgorithmArb,8,"{'remainder': 'RemainderType.u_variant', 'useRecFormulas': 'True', 'beta': '9E-1'}",,{},31,1.25E-1,8.191875E3,1.1468825E5,8.07943469108529164243E3,1.14800690308914708356E5
example_series.csv#1,1.22880125E5,{},LevinLAlgorithmArb,8,"{'remainder': 'RemainderType.u_variant', 'useRecFormulas': 'True', 'beta': '9E-1'}",,{},32,1.25E-1,8.191875E3,1.1468825E5,8.07827736799084112701E3,1.14801847632009158873E5
example_series.csv#1,1.22880125E5,{},LevinLAlgorithmArb,8,"{'remainder': 'RemainderType.u_variant', 'useRecFormulas': 'True', 'beta': '9E-1'}",,{},33,1.25E-1,8.191875E3,1.1468825E5,8.07717370751399565659E3,1.14802951292486004343E5
example_series.csv#1,1.22880125E5,{},LevinLAlgorithmArb,8,"{'remainder': 'RemainderType.u_variant', 'useRecFormulas': 'True', 'beta': '9E-1'}",,{},34,1.25E-1,8.191875E3,1.1468825E5,8.07612018937612359706E3,1.14804004810623876402E5
example_series.csv#1,1.22880125E5,{},LevinLAlgorithmArb,8,"{'remainder': 'RemainderType.u_variant', 'useRecFormulas': 'True', 'beta': '9E-1'}",,{},35,1.25E-1,8.191875E3,1.1468825E5,8.07511358165470265013E3,1.14805011418345297348E5
example_series.csv#1,1.22880125E5,{},LevinLAlgorithmArb,8,"{'remainder': 'RemainderType.u_variant', 'useRecFormulas': 'True', 'beta': '9E-1'}",,{},36,1.25E-1,8.191875E3,1.1468825E5,8.07415091350623089022E3,1.14805974086493769108E5
example_series.csv#1,1.22880125E5,{},LevinLAlgorithmArb,8,"{'remainder': 'RemainderType.u_variant', 'useRecFormulas': 'True', 'beta': '9E-1'}",,{},37,1.25E-1,8.191875E3,1.1468825E5,8.07322945067079021608E3,1.14806895549329209782E5
example_series.csv#1,1.22880125E5,{},LevinLAlgorithmArb,8,"{'remainder': 'RemainderType.u_variant', 'useRecFormulas': 'True', 'beta': '9E-1'}",,{},38,1.25E-1,8.191875E3,1.1468825E5,8.07234667348085041577E3,1.14807778326519149584E5
example_series.csv#1,1.22880125E5,{},LevinLAlgorithmArb,8,"{'remainder': 'RemainderType.u_variant', 'useRecFormulas': 'True', 'beta': '9E-1'}",,{},39,1.25E-1,8.191875E3,1.1468825E5,8.07150025711720566903E3,1.14808624742882794329E5
example_series.csv#1,1.22880125E5,{},LevinLAlgorithmArb,8,"{'remainder': 'RemainderType.u_variant', 'useRecFormulas': 'True', 'beta': '9E-1'}",,{},40,1.25E-1,8.191875E3,1.1468825E5,8.07068805387674598364E3,1.14809436946123254016E5
example_series.csv#1,1.22880125E5,{},LevinLAlgorithmArb,8,"{'remainder': 'RemainderType.u_variant', 'useRecFormulas': 'True', 'beta': '9E-1'}",,{},41,1.25E-1,8.191875E3,1.1468825E5,8.06990807723866429293E3,1.14810216922761335707E5
example_series.csv#1,1.22880125E5,{},LevinLAlgorithmArb,8,"{'remainder': 'RemainderType.u_variant', 'useRecFormulas': 'True', 'beta': '9E-1'}",,{},42,1.25E-1,8.191875E3,1.1468825E5,8.06915848753682293267E3,1.14810966512463177067E5
example_series.csv#1,1.22880125E5,{},LevinLAlgorithmArb,8,"{'remainder': 'RemainderType.u_variant', 'useRecFormulas': 'True', 'beta': '9E-1'}",,{},43,1.25E-1,8.191875E3,1.1468825E5,8.06843757906585793787E3,1.14811687420934142061E5
example_series.csv#1,1.22880125E5,{},LevinLAlgorithmArb,8,"{'remainder': 'RemainderType.u_variant', 'useRecFormulas': 'True', 'beta': '9E-1'}",,{},44,1.25E-1,8.191875E3,1.1468825E5,8.06774376846693578541E3,1.14812381231533064214E5
example_series.csv#1,1.22880125E5,{},LevinLAlgorithmArb,8,"{'remainder': 'RemainderType.u_variant', 'useRecFormulas': 'True', 'beta': '9E-1'}",,{},45,1.25E-1,8.191875E3,1.1468825E5,8.06707558425580132427E3,1.14813049415744198674E5
example_series.csv#1,1.22880125E5,{},LevinLAlgorithmArb,8,"{'remainder': 'RemainderType.u_variant', 'useRecFormulas': 'True', 'beta': '9E-1'}",,{},46,1.25E-1,8.191875E3,1.1468825E5,8.06643165737087276778E3,1.14813693342629127231E5
example_series.csv#1,1.22880125E5,{},LevinLAlgorithmArb,8,"{'remainder': 'RemainderType.u_variant', 'useRecFormulas': 'True', 'beta': '9E-1'}",,{},47,1.25E-1,8.191875E3,1.1468825E5,8.06581071263271448212E3,1.14814314287367285516E5
example_series.csv#1,1.22880125E5,{},LevinLAlgorithmArb,8,"{'remainder': 'RemainderType.u_variant', 'useRecFormulas': 'True', 'beta': '9E-1'}",,{},48,1.25E-1,8.191875E3,1.1468825E5,8.06521156101834931165E3,1.14814913438981650688E5
example_series.csv#1,1.22880125E5,{},LevinLAlgorithmArb,8,"{'remainder': 'RemainderType.u_variant', 'useRecFormulas': 'True', 'beta': '9E-1'}",,{},49,1.25E-1,8.191875E3,1.1468825E5,8.06463309266467437713E3,1.14815491907335325621E5
example_series.csv#1,1.22880125E5,{},LevinLAlgorithmArb,8,"{'remainder': 'RemainderType.t_wave_variant', 'useRecFormulas': 'True', 'beta': '0E0'}",,{},1,2.048E3,6.144E3,1.16736125E5,8.17015732943704071028E3,1.14709967670562959288E5
example_series.csv#1,1.22880125E5,{},LevinLAlgorithmArb,8,"{'remainder': 'RemainderType.t_wave_variant', 'useRecFormulas': 'True', 'beta': '0E0'}",,{},2,1.024E3,7.168E3,1.15712125E5,8.16586726502729381069E3,1.14714257734972706189E5
example_series.csv#1,1.22880125E5,{},LevinLAlgorithmArb,8,"{'remainder': 'RemainderType.t_wave_variant', 'useRecFormulas': 'True', 'beta': '0E0'}",,{},3,5.12E2,7.68E3,1.15200125E5,8.16104118370258566381E3,1.14719083816297414335E5
example_series.csv#1,1.22880125E5,{},LevinLAlgorithmArb,8,"{'remainder': 'RemainderType.t_wave_variant', 'useRecFormulas': 'True', 'beta': '0E0'}",,{},4,2.56E2,7.936E3,1.14944125E5,8.15593962412645658141E3,1.14724185375873543418E5
example_series.csv#1,1.22880125E5,{},LevinLAlgorithmArb,8,"{'remainder': 'RemainderType.t_wave_variant', 'useRecFormulas': 'True', 'beta': '0E0'}",,{},5,1.28E2,8.064E3,1.14816125E5,8.15075838238650448205E3,1.14729366617613495518E5
example_series.csv#1,1.22880125E5,{},LevinLAlgorithmArb,8,"{'remainder': 'RemainderType.t_wave_variant', 'useRecFormulas': 'True', 'beta': '0E0'}",,{},6,6.4E1,8.128E3,1.14752125E5,8.14563726883324336747E3,1.14734487731166756632E5
example_series.csv#1,1.22880125E5,{},LevinLAlgorithmArb,8,"{'remainder': 'RemainderType.t_wave_variant', 'useRecFormulas': 'True', 'beta': '0E0'}",,{},7,3.2E1,8.16E3,1.14720125E5,8.14066998459431151813E3,1.1473945501540568848E5
example_series.csv#1,1.22880125E5,{},LevinLAlgorithmArb,8,"{'remainder': 'RemainderType.t_wave_variant', 'useRecFormulas': 'True', 'beta': '0E0'}",,{},8,1.6E1,8.176E3,1.14704125E5,8.13591444003648197827E3,1.1474421055996351802E5
example_series.csv#1,1.22880125E5,{},LevinLAlgorithmArb,8,"{'remainder': 'RemainderType.t_wave_variant', 'useRecFormulas': 'True', 'beta': '0E0'}",,{},9,8E0,8.184E3,1.14696125E5,8.13140231448944429562E3,1.14748722685510555704E5
example_series.csv#1,1.22880125E5,{},LevinLAlgorithmArb,8,"{'remainder': 'RemainderType.t_wave_variant', 'useRecFormulas': 'True', 'beta': '0E0'}",,{},10,4E0,8.188E3,1.14692125E5,8.1271470026555885906E3,1.14752977997344411408E5
example_series.csv#1,1.22880125E5,{},LevinLAlgorithmArb,8,"{'remainder': 'RemainderType.t_wave_variant', 'useRecFormulas': 'True', 'beta': '0E0'}",,{},11,2E0,8.19E3,1.14690125E5,8.1231497237428363686E3,1.1475697527625716363E5
example_series.csv#1,1.22880125E5,{},LevinLAlgorithmArb,8,"{'remainder': 'RemainderType.t_wave_variant', 'useRecFormulas': 'True', 'beta': '0E0'}",,{},12,1E0,8.191E3,1.14689125E5,8.11940396892936762504E3,1.14760721031070632375E5
example_series.csv#1,1.22880125E5,{},LevinLAlgorithmArb,8,"{'remainder': 'RemainderType.t_wave_variant', 'useRecFormulas': 'True', 'beta': '0E0'}",,{},13,5E-1,8.1915E3,1.14688625E5,8.11589861420691794488E3,1.14764226385793082055E5
example_series.csv#1,1.22880125E5,{},LevinLAlgorithmArb,8,"{'remainder': 'RemainderType.t_wave_variant', 'useRecFormulas': 'True', 'beta': '0E0'}",,{},14,2.5E-1,8.19175E3,1.14688375E5,8.11262003314080120452E3,1.14767504966859198794E5
example_series.csv#1,1.22880125E5,{},LevinLAlgorithmArb,8,"{'remainder': 'RemainderType.t_wave_variant', 'useRecFormulas': 'True', 'beta': '0E0'}",,{},15,1.25E-1,8.191875E3,1.1468825E5,8.1095534922523342402E3,1.14770571507747665759E5
example_series.csv#1,1.22880125E5,{},LevinLAlgorithmArb,8,"{'remainder': 'RemainderType.t_wave_variant', 'useRecFormulas': 'True', 'beta': '0E0'}",,{},16,1.25E-1,8.191875E3,1.1468825E5,8.10668404666243135628E3,1.14773440953337568643E5
example_series.csv#1,1.22880125E5,{},LevinLAlgorithmArb,8,"{'remainder': 'RemainderType.t_wave_variant', 'useRecFormulas': 'True', 'beta': '0E0'}",,{},17,1.25E-1,8.191875E3,1.1468825E5,8.10399709491356503793E3,1.14776127905086434962E5
example_series.csv#1,1.22880125E5,{},LevinLAlgorithmArb,8,"{'remainder': 'RemainderType.t_wave_variant', 'useRecFormulas': 'True', 'beta': '0E0'}",,{},18,1.25E-1,8.191875E3,1.1468825E5,8.10147870530433220606E3,1.14778646294695667792E5
example_series.csv#1,1.22880125E5,{},LevinLAlgorithmArb,8,"{'remainder': 'RemainderType.t_wave_variant', 'useRecFormulas': 'True', 'beta': '0E0'}",,{},19,1.25E-1,8.191875E3,1.1468825E5,8.09911579148580083042E3,1.14781009208514199169E5
example_series.csv#1,1.22880125E5,{},LevinLAlgorithmArb,8,"{'remainder': 'RemainderType.t_wave_variant', 'useRecFormulas': 'True', 'beta': '0E0'}",,{},20,1.25E-1,8.191875E3,1.1468825E5,8.09689619035237756641E3,1.14783228809647622433E5
example_series.csv#1,1.22880125E5,{},LevinLAlgorithmArb,8,"{'remainder': 'RemainderType.t_wave_variant', 'useRecFormulas': 'True', 'beta': '0E0'}",,{},21,1.25E-1,8.191875E3,1.1468825E5,8.09480867800344412135E3,1.14785316321996555878E5
example_series.csv#1,1.22880125E5,{},LevinLAlgorithmArb,8,"{'remainder': 'RemainderType.t_wave_variant', 'useRecFormulas': 'True', 'beta': '0E0'}",,{},22,1.25E-1,8.191875E3,1.1468825E5,8.09284294768157461297E3,1.14787282052318425387E5
example_series.csv#1,1.22880125E5,{},LevinLAlgorithmArb,8,"{'remainder': 'RemainderType.t_wave_variant', 'useRecFormulas': 'True', 'beta': '0E0'}",,{},23,1.25E-1,8.191875E3,1.1468825E5,8.09098956550792053252E3,1.14789135434492079467E5
example_series.csv#1,1.22880125E5,{},LevinLAlgorithmArb,8,"{'remainder': 'RemainderType.t_wave_variant', 'useRecFormulas': 'True', 'beta': '0E0'}",,{},24,1.25E-1,8.191875E3,1.1468825E5,8.08923991436684953354E3,1.14790885085633150465E5
example_series.csv#1,1.22880125E5,{},LevinLAlgorithmArb,8,"{'remainder': 'RemainderType.t_wave_variant', 'useRecFormulas': 'True', 'beta': '0E0'}",,{},25,1.25E-1,8.191875E3,1.1468825E5,8.08758613261393365562E3,1.14792538867386066343E5
example_series.csv#1,1.22880125E5,{},LevinLAlgorithmArb,8,"{'remainder': 'RemainderType.t_wave_variant', 'useRecFormulas': 'True', 'beta': '0E0'}",,{},26,1.25E-1,8.191875E3,1.1468825E5,8.08602105182064879973E3,1.147941039481793512E5
example_series.csv#1,1.22880125E5,{},LevinLAlgorithmArb,8,"{'remainder': 'RemainderType.t_wave_variant', 'useRecFormulas': 'True', 'beta': '0E0'}",,{},27,1.25E-1,8.191875E3,1.1468825E5,8.08453813613245118377E3,1.14795586863867548816E5
example_series.csv#1,1.22880125E5,{},LevinLAlgorithmArb,8,"{'remainder': 'RemainderType.t_wave_variant', 'useRecFormulas': 'True', 'beta': '0E0'}",,{},28,1.25E-1,8.191875E3,1.1468825E5,8.08313142473635366472E3,1.14796993575263646334E5
example_series.csv#1,1.22880125E5,{},LevinLAlgorithmArb,8,"{'remainder': 'RemainderType.t_wave_variant', 'useRecFormulas': 'True', 'beta': '0E0'}",,{},29,1.25E-1,8.191875E3,1.1468825E5,8.08179547822796485809E3,1.1479832952177203514E5
example_series.csv#1,1.22880125E5,{},LevinLAlgorithmArb,8,"{'remainder': 'RemainderType.t_wave_variant', 'useRecFormulas': 'True', 'beta': '0E0'}",,{},30,1.25E-1,8.191875E3,1.1468825E5,8.08052532921311649014E3,1.1479959967078688351E5
example_series.csv#1,1.22880125E5,{},LevinLAlgorithmArb,8,"{'remainder': 'RemainderType.t_wave_variant', 'useRecFormulas': 'True', 'beta': '0E0'}",,{},31,1.25E-1,8.191875E3,1.1468825E5,8.07931643719248192231E3,1.14800808562807518077E5
example_series.csv#1,1.22880125E5,{},LevinLAlgorithmArb,8,"{'remainder': 'RemainderType.t_wave_variant', 'useRecFormulas': 'True', 'beta': '0E0'}",,{},32,1.25E-1,8.191875E3,1.1468825E5,8.07816464760276776002E3,1.14801960352397232238E5
example_series.csv#1,1.22880125E5,{},LevinLAlgorithmArb,8,"{'remainder': 'RemainderType.t_wave_variant', 'useRecFormulas': 'True', 'beta': '0E0'}",,{},33,1.25E-1,8.191875E3,1.1468825E5,8.07706615478719635906E3,1.14803058845212803639E5
example_series.csv#1,1.22880125E5,{},LevinLAlgorithmArb,8,"{'remainder': 'RemainderType.t_wave_variant', 'useRecFormulas': 'True', 'beta': '0E0'}",,{},34,1.25E-1,8.191875E3,1.1468825E5,8.07601746861550925732E3,1.14804107531384490742E5
example_series.csv#1,1.22880125E5,{},LevinLAlgorithmArb,8,"{'remainder': 'RemainderType.t_wave_variant', 'useRecFormulas': 'True', 'beta': '0E0'}",,{},35,1.25E-1,8.191875E3,1.1468825E5,8.07501538445239995356E3,1.14805109615547600045E5
example_series.csv#1,1.22880125E5,{},LevinLAlgorithmArb,8,"{'remainder': 'RemainderType.t_wave_variant', 'useRecFormulas': 'True', 'beta': '0E0'}",,{},36,1.25E-1,8.191875E3,1.1468825E5,8.07405695617158815474E3,1.14806068043828411845E5
example_series.csv#1,1.22880125E5,{},LevinLAlgorithmArb,8,"{'remainder': 'RemainderType.t_wave_variant', 'useRecFormulas': 'True', 'beta': '0E0'}",,{},37,1.25E-1,8.191875E3,1.1468825E5,8.07313947192297622743E3,1.14806985528077023772E5
example_series.csv#1,1.22880125E5,{},LevinLAlgorithmArb,8,"{'remainder': 'RemainderType.t_wave_variant', 'useRecFormulas': 'True', 'beta': '0E0'}",,{},38,1.25E-1,8.191875E3,1.1468825E5,8.07226043237738254385E3,1.14807864567622617455E5
example_series.csv#1,1.22880125E5,{},LevinLAlgorithmArb,8,"{'remainder': 'RemainderType.t_wave_variant', 'useRecFormulas': 'True', 'beta': '0E0'}",,{},39,1.25E-1,8.191875E3,1.1468825E5,8.07141753119388566259E3,1.14808707468806114337E5
example_series.csv#1,1.22880125E5,{},LevinLAlgorithmArb,8,"{'remainder': 'RemainderType.t_wave_variant', 'useRecFormulas': 'True', 'beta': '0E0'}",,{},40,1.25E-1,8.191875E3,1.1468825E5,8.07060863747668558781E3,1.14809516362523314412E5
example_series.csv#1,1.22880125E5,{},LevinLAlgorithmArb,8,"{'remainder': 'RemainderType.t_wave_variant', 'useRecFormulas': 'True', 'beta': '0E0'}",,{},41,1.25E-1,8.191875E3,1.1468825E5,8.06983178001024055667E3,1.14810293219989759442E5
example_series.csv#1,1.22880125E5,{},LevinLAlgorithmArb,8,"{'remainder': 'RemainderType.t_wave_variant', 'useRecFormulas': 'True', 'beta': '0E0'}",,{},42,1.25E-1,8.191875E3,1.1468825E5,8.06908513308245131132E3,1.14811039866917548688E5
example_series.csv#1,1.22880125E5,{},LevinLAlgorithmArb,8,"{'remainder': 'RemainderType.t_wave_variant', 'useRecFormulas': 'True', 'beta': '0E0'}",,{},43,1.25E-1,8.191875E3,1.1468825E5,8.06836700372537579267E3,1.14811757996274624206E5
example_series.csv#1,1.22880125E5,{},LevinLAlgorithmArb,8,"{'remainder': 'RemainderType.t_wave_variant', 'useRecFormulas': 'True', 'beta': '0E0'}",,{},44,1.25E-1,8.191875E3,1.1468825E5,8.06767582022113437098E3,1.14812449179778865627E5
example_series.csv#1,1.22880125E5,{},LevinLAlgorithmArb,8,"{'remainder': 'RemainderType.t_wave_variant', 'useRecFormulas': 'True', 'beta': '0E0'}",,{},45,1.25E-1,8.191875E3,1.1468825E5,8.06701012173722768003E3,1.14813114878262772319E5
example_series.csv#1,1.22880125E5,{},LevinLAlgorithmArb,8,"{'remainder': 'RemainderType.t_wave_variant', 'useRecFormulas': 'True', 'beta': '0E0'}",,{},46,1.25E-1,8.191875E3,1.1468825E5,8.06636854897044838971E3,1.14813756451029551609E5
example_series.csv#1,1.22880125E5,{},LevinLAlgorithmArb,8,"{'remainder': 'RemainderType.t_wave_variant', 'useRecFormulas': 'True', 'beta': '0E0'}",,{},47,1.25E-1,8.191875E3,1.1468825E5,8.06574983569199391369E3,1.14814375164308006085E5
example_series.csv#1,1.22880125E5,{},LevinLAlgorithmArb,8,"{'remainder': 'RemainderType.t_wave_variant', 'useRecFormulas': 'True', 'beta': '0E0'}",,{},48,1.25E-1,8.191875E3,1.1468825E5,8.06515280109837983293E3,1.14814972198901620167E5
example_series.csv#1,1.22880125E5,{},LevinLAlgorithmArb,8,"{'remainder': 'RemainderType.t_wave_variant', 'useRecFormulas': 'True', 'beta': '0E0'}",,{},49,1.25E-1,8.191875E3,1.1468825E5,8.06457634288342974615E3,1.14815548657116570252E5
example_series.csv#1,1.22880125E5,{},LevinLAlgorithmArb,8,"{'remainder': 'RemainderType.t_wave_variant', 'useRecFormulas': 'True', 'beta': '1E-1'}",,{},1,2.048E3,6.144E3,1.16736125E5,8.17329730604519717743E3,1.14706827693954802822E5
example_series.csv#1,1.22880125E5,{},LevinLAlgorithmArb,8,"{'remainder': 'RemainderType.t_wave_variant', 'useRecFormulas': 'True', 'beta': '1E-1'}",,{},2,1.024E3,7.168E3,1.15712125E5,8.16976128330330315566E3,1.14710363716696696843E5
example_series.csv#1,1.22880125E5,{},LevinLAlgorithmArb,8,"{'remainder': 'RemainderType.t_wave_variant', 'useRecFormulas': 'True', 'beta': '1E-1'}",,{},3,5.12E2,7.68E3,1.15200125E5,8.16540393769031577606E3,1.14714721062309684223E5
example_series.csv#1,1.22880125E5,{},LevinLAlgorithmArb,8,"{'remainder': 'RemainderType.t_wave_variant', 'useRecFormulas': 'True', 'beta': '1E-1'}",,{},4,2.56E2,7.936E3,1.14944125E5,8.16053971284696258209E3,1.14719585287153037417E5
example_series.csv#1,1.22880125E5,{},LevinLAlgorithmArb,8,"{'remainder': 'RemainderType.t_wave_variant', 'useRecFormulas': 'True', 'beta': '1E-1'}",,{},5,1.28E2,8.064E3,1.14816125E5,8.15542237092514988763E3,1.14724702629074850111E5
example_series.csv#1,1.22880125E5,{},LevinLAlgorithmArb,8,"{'remainder': 'RemainderType.t_wave_variant', 'useRecFormulas': 'True', 'beta': '1E-1'}",,{},6,6.4E1,8.128E3,1.14752125E5,8.15024169187241065157E3,1.14729883308127589347E5
example_series.csv#1,1.22880125E5,{},LevinLAlgorithmArb,8,"{'remainder': 'RemainderType.t_wave_variant', 'useRecFormulas': 'True', 'beta': '1E-1'}",,{},7,3.2E1,8.16E3,1.14720125E5,8.14513241557247213125E3,1.14734992584427527868E5
example_series.csv#1,1.22880125E5,{},LevinLAlgorithmArb,8,"{'remainder': 'RemainderType.t_wave_variant', 'useRecFormulas': 'True', 'beta': '1E-1'}",,{},8,1.6E1,8.176E3,1.14704125E5,8.14018420263358492977E3,1.1473994079736641507E5
example_series.csv#1,1.22880125E5,{},LevinLAlgorithmArb,8,"{'remainder': 'RemainderType.t_wave_variant', 'useRecFormulas': 'True', 'beta': '1E-1'}",,{},9,8E0,8.184E3,1.14696125E5,8.13545193230815356805E3,1.1474467306769184643E5
example_series.csv#1,1.22880125E5,{},LevinLAlgorithmArb,8,"{'remainder': 'RemainderType.t_wave_variant', 'useRecFormulas': 'True', 'beta': '1E-1'}",,{},10,4E0,8.188E3,1.14692125E5,8.13096512822112542631E3,1.14749159871778874573E5
example_series.csv#1,1.22880125E5,{},LevinLAlgorithmArb,8,"{'remainder': 'RemainderType.t_wave_variant', 'useRecFormulas': 'True', 'beta': '1E-1'}",,{},11,2E0,8.19E3,1.14690125E5,8.12673572223268347702E3,1.14753389277767316523E5
example_series.csv#1,1.22880125E5,{},LevinLAlgorithmArb,8,"{'remainder': 'RemainderType.t_wave_variant', 'useRecFormulas': 'True', 'beta': '1E-1'}",,{},12,1E0,8.191E3,1.14689125E5,8.12276398537606374306E3,1.14757361014623936255E5
example_series.csv#1,1.22880125E5,{},LevinLAlgorithmArb,8,"{'remainder': 'RemainderType.t_wave_variant', 'useRecFormulas': 'True', 'beta': '1E-1'}",,{},13,5E-1,8.1915E3,1.14688625E5,8.11904282623550770225E3,1.14761082173764492297E5
example_series.csv#1,1.22880125E5,{},LevinLAlgorithmArb,8,"{'remainder': 'RemainderType.t_wave_variant', 'useRecFormulas': 'True', 'beta': '1E-1'}",,{},14,2.5E-1,8.19175E3,1.14688375E5,8.1155607893246597746E3,1.14764564210675340225E5
example_series.csv#1,1.22880125E5,{},LevinLAlgorithmArb,8,"{'remainder': 'RemainderType.t_wave_variant', 'useRecFormulas': 'True', 'beta': '1E-1'}",,{},15,1.25E-1,8.191875E3,1.1468825E5,8.1123040844530543198E3,1.1476782091554694568E5
example_series.csv#1,1.22880125E5,{},LevinLAlgorithmArb,8,"{'remainder': 'RemainderType.t_wave_variant', 'useRecFormulas': 'True', 'beta': '1E-1'}",,{},16,1.25E-1,8.191875E3,1.1468825E5,8.10925792339333628022E3,1.14770867076606663719E5
example_series.csv#1,1.22880125E5,{},LevinLAlgorithmArb,8,"{'remainder': 'RemainderType.t_wave_variant', 'useRecFormulas': 'True', 'beta': '1E-1'}",,{},17,1.25E-1,8.191875E3,1.1468825E5,8.10640737516031953915E3,1.1477371762483968046E5
example_series.csv#1,1.22880125E5,{},LevinLAlgorithmArb,8,"{'remainder': 'RemainderType.t_wave_variant', 'useRecFormulas': 'True', 'beta': '1E-1'}",,{},18,1.25E-1,8.191875E3,1.1468825E5,8.10373789358826366394E3,1.14776387106411736334E5
example_series.csv#1,1.22880125E5,{},LevinLAlgorithmArb,8,"{'remainder': 'RemainderType.t_wave_variant', 'useRecFormulas': 'True', 'beta': '1E-1'}",,{},19,1.25E-1,8.191875E3,1.1468825E5,8.10123562556990842264E3,1.14778889374430091577E5
example_series.csv#1,1.22880125E5,{},LevinLAlgorithmArb,8,"{'remainder': 'RemainderType.t_wave_variant', 'useRecFormulas': 'True', 'beta': '1E-1'}",,{},20,1.25E-1,8.191875E3,1.1468825E5,8.09888757483144267615E3,1.14781237425168557323E5
example_series.csv#1,1.22880125E5,{},LevinLAlgorithmArb,8,"{'remainder': 'RemainderType.t_wave_variant', 'useRecFormulas': 'True', 'beta': '1E-1'}",,{},21,1.25E-1,8.191875E3,1.1468825E5,8.0966816722525671415E3,1.14783443327747432857E5
example_series.csv#1,1.22880125E5,{},LevinLAlgorithmArb,8,"{'remainder': 'RemainderType.t_wave_variant', 'useRecFormulas': 'True', 'beta': '1E-1'}",,{},22,1.25E-1,8.191875E3,1.1468825E5,8.09460678710862414203E3,1.14785518212891375858E5
example_series.csv#1,1.22880125E5,{},LevinLAlgorithmArb,8,"{'remainder': 'RemainderType.t_wave_variant', 'useRecFormulas': 'True', 'beta': '1E-1'}",,{},23,1.25E-1,8.191875E3,1.1468825E5,8.09265270218414717984E3,1.1478747229781585282E5
example_series.csv#1,1.22880125E5,{},LevinLAlgorithmArb,8,"{'remainder': 'RemainderType.t_wave_variant', 'useRecFormulas': 'True', 'beta': '1E-1'}",,{},24,1.25E-1,8.191875E3,1.1468825E5,8.09081006792981578695E3,1.14789314932070184211E5
example_series.csv#1,1.22880125E5,{},LevinLAlgorithmArb,8,"{'remainder': 'RemainderType.t_wave_variant', 'useRecFormulas': 'True', 'beta': '1E-1'}",,{},25,1.25E-1,8.191875E3,1.1468825E5,8.08907034557770103153E3,1.14791054654422298967E5
example_series.csv#1,1.22880125E5,{},LevinLAlgorithmArb,8,"{'remainder': 'RemainderType.t_wave_variant', 'useRecFormulas': 'True', 'beta': '1E-1'}",,{},26,1.25E-1,8.191875E3,1.1468825E5,8.08742574559573862352E3,1.14792699254404261376E5
example_series.csv#1,1.22880125E5,{},LevinLAlgorithmArb,8,"{'remainder': 'RemainderType.t_wave_variant', 'useRecFormulas': 'True', 'beta': '1E-1'}",,{},27,1.25E-1,8.191875E3,1.1468825E5,8.08586916549929139155E3,1.14794255834500708608E5
example_series.csv#1,1.22880125E5,{},LevinLAlgorithmArb,8,"{'remainder': 'RemainderType.t_wave_variant', 'useRecFormulas': 'True', 'beta': '1E-1'}",,{},28,1.25E-1,8.191875E3,1.1468825E5,8.08439412946695333445E3,1.14795730870533046664E5
example_series.csv#1,1.22880125E5,{},LevinLAlgorithmArb,8,"{'remainder': 'RemainderType.t_wave_variant', 'useRecFormulas': 'True', 'beta': '1E-1'}",,{},29,1.25E-1,8.191875E3,1.1468825E5,8.0829947311716719247E3,1.14797130268828328075E5
example_series.csv#1,1.22880125E5,{},LevinLAlgorithmArb,8,"{'remainder': 'RemainderType.t_wave_variant', 'useRecFormulas': 'True', 'beta': '1E-1'}",,{},30,1.25E-1,8.191875E3,1.1468825E5,8.08166558056199326703E3,1.14798459419438006733E5
example_series.csv#1,1.22880125E5,{},LevinLAlgorithmArb,8,"{'remainder': 'RemainderType.t_wave_variant', 'useRecFormulas': 'True', 'beta': '1E-1'}",,{},31,1.25E-1,8.191875E3,1.1468825E5,8.08040175489342299947E3,1.14799723245106577E5
example_series.csv#1,1.22880125E5,{},LevinLAlgorithmArb,8,"{'remainder': 'RemainderType.t_wave_variant', 'useRecFormulas': 'True', 'beta': '1E-1'}",,{},32,1.25E-1,8.191875E3,1.1468825E5,8.07919875403653431483E3,1.14800926245963465685E5
example_series.csv#1,1.22880125E5,{},LevinLAlgorithmArb,8,"{'remainder': 'RemainderType.t_wave_variant', 'useRecFormulas': 'True', 'beta': '1E-1'}",,{},33,1.25E-1,8.191875E3,1.1468825E5,8.07805245992249385522E3,1.14802072540077506144E5
example_series.csv#1,1.22880125E5,{},LevinLAlgorithmArb,8,"{'remainder': 'RemainderType.t_wave_variant', 'useRecFormulas': 'True', 'beta': '1E-1'}",,{},34,1.25E-1,8.191875E3,1.1468825E5,8.07695909989163655631E3,1.14803165900108363442E5
example_series.csv#1,1.22880125E5,{},LevinLAlgorithmArb,8,"{'remainder': 'RemainderType.t_wave_variant', 'useRecFormulas': 'True', 'beta': '1E-1'}",,{},35,1.25E-1,8.191875E3,1.1468825E5,8.07591521366201252032E3,1.14804209786337987479E5
example_series.csv#1,1.22880125E5,{},LevinLAlgorithmArb,8,"{'remainder': 'RemainderType.t_wave_variant', 'useRecFormulas': 'True', 'beta': '1E-1'}",,{},36,1.25E-1,8.191875E3,1.1468825E5,8.07491762361591386518E3,1.14805207376384086134E5
example_series.csv#1,1.22880125E5,{},LevinLAlgorithmArb,8,"{'remainder': 'RemainderType.t_wave_variant', 'useRecFormulas': 'True', 'beta': '1E-1'}",,{},37,1.25E-1,8.191875E3,1.1468825E5,8.073963408102181149E3,1.14806161591897818849E5
example_series.csv#1,1.22880125E5,{},LevinLAlgorithmArb,8,"{'remainder': 'RemainderType.t_wave_variant', 'useRecFormulas': 'True', 'beta': '1E-1'}",,{},38,1.25E-1,8.191875E3,1.1468825E5,8.07304987746319501887E3,1.1480707512253680498E5
example_series.csv#1,1.22880125E5,{},LevinLAlgorithmArb,8,"{'remainder': 'RemainderType.t_wave_variant', 'useRecFormulas': 'True', 'beta': '1E-1'}",,{},39,1.25E-1,8.191875E3,1.1468825E5,8.07217455251298816448E3,1.14807950447487011834E5
example_series.csv#1,1.22880125E5,{},LevinLAlgorithmArb,8,"{'remainder': 'RemainderType.t_wave_variant', 'useRecFormulas': 'True', 'beta': '1E-1'}",,{},40,1.25E-1,8.191875E3,1.1468825E5,8.07133514521366631175E3,1.14808789854786333687E5
example_series.csv#1,1.22880125E5,{},LevinLAlgorithmArb,8,"{'remainder': 'RemainderType.t_wave_variant', 'useRecFormulas': 'True', 'beta': '1E-1'}",,{},41,1.25E-1,8.191875E3,1.1468825E5,8.07052954131924762046E3,1.14809595458680752379E5
example_series.csv#1,1.22880125E5,{},LevinLAlgorithmArb,8,"{'remainder': 'RemainderType.t_wave_variant', 'useRecFormulas': 'True', 'beta': '1E-1'}",,{},42,1.25E-1,8.191875E3,1.1468825E5,8.06975578477782797978E3,1.14810369215222172019E5
example_series.csv#1,1.22880125E5,{},LevinLAlgorithmArb,8,"{'remainder': 'RemainderType.t_wave_variant', 'useRecFormulas': 'True', 'beta': '1E-1'}",,{},43,1.25E-1,8.191875E3,1.1468825E5,8.0690120637038791872E3,1.14811112936296120811E5
example_series.csv#1,1.22880125E5,{},LevinLAlgorithmArb,8,"{'remainder': 'RemainderType.t_wave_variant', 'useRecFormulas': 'True', 'beta': '1E-1'}",,{},44,1.25E-1,8.191875E3,1.1468825E5,8.06829669775205198165E3,1.14811828302247948017E5
example_series.csv#1,1.22880125E5,{},LevinLAlgorithmArb,8,"{'remainder': 'RemainderType.t_wave_variant', 'useRecFormulas': 'True', 'beta': '1E-1'}",,{},45,1.25E-1,8.191875E3,1.1468825E5,8.06760812674187331131E3,1.14812516873258126687E5
example_series.csv#1,1.22880125E5,{},LevinLAlgorithmArb,8,"{'remainder': 'RemainderType.t_wave_variant', 'useRecFormulas': 'True', 'beta': '1E-1'}",,{},46,1.25E-1,8.191875E3,1.1468825E5,8.06694490039912715467E3,1.14813180099600872845E5
example_series.csv#1,1.22880125E5,{},LevinLAlgorithmArb,8,"{'remainder': 'RemainderType.t_wave_variant', 'useRecFormulas': 'True', 'beta': '1E-1'}",,{},47,1.25E-1,8.191875E3,1.1468825E5,8.06630566909451032581E3,1.14813819330905489673E5
example_series.csv#1,1.22880125E5,{},LevinLAlgorithmArb,8,"{'remainder': 'RemainderType.t_wave_variant', 'useRecFormulas': 'True', 'beta': '1E-1'}",,{},48,1.25E-1,8.191875E3,1.1468825E5,8.06568917547343218643E3,1.14814435824526567813E5
example_series.csv#1,1.22880125E5,{},LevinLAlgorithmArb,8,"{'remainder': 'RemainderType.t_wave_variant', 'useRecFormulas': 'True', 'beta': '1E-1'}",,{},49,1.25E-1,8.191875E3,1.1468825E5,8.06509424688268291095E3,1.14815030753117317089E5
example_series.csv#1,1.22880125E5,{},LevinLAlgorithmArb,8,"{'remainder': 'RemainderType.t_wave_variant', 'useRecFormulas': 'True', 'beta': '2E-1'}",,{},1,2.048E3,6.144E3,1.16736125E5,8.17298958760928747913E3,1.1470713541239071252E5
example_series.csv#1,1.22880125E5,{},LevinLAlgorithmArb,8,"{'remainder': 'RemainderType.t_wave_variant', 'useRecFormulas': 'True', 'beta': '2E-1'}",,{},2,1.024E3,7.168E3,1.15712125E5,8.16935701209139756745E3,1.14710767987908602432E5
example_series.csv#1,1.22880125E5,{},LevinLAlgorithmArb,8,"{'remainder': 'RemainderType.t_wave_variant', 'useRecFormulas': 'True', 'beta': '2E-1'}",,{},3,5.12E2,7.68E3,1.15200125E5,8.16493559995942394205E3,1.14715189400040576058E5
example_series.csv#1,1.22880125E5,{},LevinLAlgorithmArb,8,"{'remainder': 'RemainderType.t_wave_variant', 'useRecFormulas': 'True', 'beta': '2E-1'}",,{},4,2.56E2,7.936E3,1.14944125E5,8.16003576377432154653E3,1.14720089236225678452E5
example_series.csv#1,1.22880125E5,{},LevinLAlgorithmArb,8,"{'remainder': 'RemainderType.t_wave_variant', 'useRecFormulas': 'True', 'beta': '2E-1'}",,{},5,1.28E2,8.064E3,1.14816125E5,8.1549045298861400807E3,1.14725220470113859918E5
example_series.csv#1,1.22880125E5,{},LevinLAlgorithmArb,8,"{'remainder': 'RemainderType.t_wave_variant', 'useRecFormulas': 'True', 'beta': '2E-1'}",,{},6,6.4E1,8.128E3,1.14752125E5,8.14972575262559532913E3,1.14730399247374404669E5
example_series.csv#1,1.22880125E5,{},LevinLAlgorithmArb,8,"{'remainder': 'RemainderType.t_wave_variant', 'useRecFormulas': 'True', 'beta': '2E-1'}",,{},7,3.2E1,8.16E3,1.14720125E5,8.14462920153262480735E3,1.14735495798467375192E5
example_series.csv#1,1.22880125E5,{},LevinLAlgorithmArb,8,"{'remainder': 'RemainderType.t_wave_variant', 'useRecFormulas': 'True', 'beta': '2E-1'}",,{},8,1.6E1,8.176E3,1.14704125E5,8.13970060082311679969E3,1.14740424399176883199E5
example_series.csv#1,1.22880125E5,{},LevinLAlgorithmArb,8,"{'remainder': 'RemainderType.t_wave_variant', 'useRecFormulas': 'True', 'beta': '2E-1'}",,{},9,8E0,8.184E3,1.14696125E5,8.13499189354798854909E3,1.14745133106452011451E5
example_series.csv#1,1.22880125E5,{},LevinLAlgorithmArb,8,"{'remainder': 'RemainderType.t_wave_variant', 'useRecFormulas': 'True', 'beta': '2E-1'}",,{},10,4E0,8.188E3,1.14692125E5,8.13053052537289527307E3,1.14749594474627104725E5
example_series.csv#1,1.22880125E5,{},LevinLAlgorithmArb,8,"{'remainder': 'RemainderType.t_wave_variant', 'useRecFormulas': 'True', 'beta': '2E-1'}",,{},11,2E0,8.19E3,1.14690125E5,8.12632702443275388964E3,1.1475379797556724611E5
example_series.csv#1,1.22880125E5,{},LevinLAlgorithmArb,8,"{'remainder': 'RemainderType.t_wave_variant', 'useRecFormulas': 'True', 'beta': '2E-1'}",,{},12,1E0,8.191E3,1.14689125E5,8.12238075628157231347E3,1.14757744243718427686E5
example_series.csv#1,1.22880125E5,{},LevinLAlgorithmArb,8,"{'remainder': 'RemainderType.t_wave_variant', 'useRecFormulas': 'True', 'beta': '2E-1'}",,{},13,5E-1,8.1915E3,1.14688625E5,8.11868407661526224705E3,1.14761440923384737752E5
example_series.csv#1,1.22880125E5,{},LevinLAlgorithmArb,8,"{'remainder': 'RemainderType.t_wave_variant', 'useRecFormulas': 'True', 'beta': '2E-1'}",,{},14,2.5E-1,8.19175E3,1.14688375E5,8.11522521853438045685E3,1.14764899781465619542E5
example_series.csv#1,1.22880125E5,{},LevinLAlgorithmArb,8,"{'remainder': 'RemainderType.t_wave_variant', 'useRecFormulas': 'True', 'beta': '2E-1'}",,{},15,1.25E-1,8.191875E3,1.1468825E5,8.11199024128603936775E3,1.14768134758713960632E5
example_series.csv#1,1.22880125E5,{},LevinLAlgorithmArb,8,"{'remainder': 'RemainderType.t_wave_variant', 'useRecFormulas': 'True', 'beta': '2E-1'}",,{},16,1.25E-1,8.191875E3,1.1468825E5,8.10896431032164459506E3,1.14771160689678355403E5
example_series.csv#1,1.22880125E5,{},LevinLAlgorithmArb,8,"{'remainder': 'RemainderType.t_wave_variant', 'useRecFormulas': 'True', 'beta': '2E-1'}",,{},17,1.25E-1,8.191875E3,1.1468825E5,8.10613251373760539661E3,1.14773992486262394602E5
example_series.csv#1,1.22880125E5,{},LevinLAlgorithmArb,8,"{'remainder': 'RemainderType.t_wave_variant', 'useRecFormulas': 'True', 'beta': '2E-1'}",,{},18,1.25E-1,8.191875E3,1.1468825E5,8.10348036368164394904E3,1.14776644636318356051E5
example_series.csv#1,1.22880125E5,{},LevinLAlgorithmArb,8,"{'remainder': 'RemainderType.t_wave_variant', 'useRecFormulas': 'True', 'beta': '2E-1'}",,{},19,1.25E-1,8.191875E3,1.1468825E5,8.10099408723709603297E3,1.14779130912762903967E5
example_series.csv#1,1.22880125E5,{},LevinLAlgorithmArb,8,"{'remainder': 'RemainderType.t_wave_variant', 'useRecFormulas': 'True', 'beta': '2E-1'}",,{},20,1.25E-1,8.191875E3,1.1468825E5,8.09866077888067333009E3,1.1478146422111932667E5
example_series.csv#1,1.22880125E5,{},LevinLAlgorithmArb,8,"{'remainder': 'RemainderType.t_wave_variant', 'useRecFormulas': 'True', 'beta': '2E-1'}",,{},21,1.25E-1,8.191875E3,1.1468825E5,8.0964684635712516581E3,1.1478365653642874834E5
example_series.csv#1,1.22880125E5,{},LevinLAlgorithmArb,8,"{'remainder': 'RemainderType.t_wave_variant', 'useRecFormulas': 'True', 'beta': '2E-1'}",,{},22,1.25E-1,8.191875E3,1.1468825E5,8.0944061034990232645E3,1.14785718896500976735E5
example_series.csv#1,1.22880125E5,{},LevinLAlgorithmArb,8,"{'remainder': 'RemainderType.t_wave_variant', 'useRecFormulas': 'True', 'beta': '2E-1'}",,{},23,1.25E-1,8.191875E3,1.1468825E5,8.09246357052405562257E3,1.14787661429475944376E5
example_series.csv#1,1.22880125E5,{},LevinLAlgorithmArb,8,"{'remainder': 'RemainderType.t_wave_variant', 'useRecFormulas': 'True', 'beta': '2E-1'}",,{},24,1.25E-1,8.191875E3,1.1468825E5,8.0906315988525699592E3,1.1478949340114743004E5
example_series.csv#1,1.22880125E5,{},LevinLAlgorithmArb,8,"{'remainder': 'RemainderType.t_wave_variant', 'useRecFormulas': 'True', 'beta': '2E-1'}",,{},25,1.25E-1,8.191875E3,1.1468825E5,8.08890172744565561444E3,1.14791223272554344385E5
example_series.csv#1,1.22880125E5,{},LevinLAlgorithmArb,8,"{'remainder': 'RemainderType.t_wave_variant', 'useRecFormulas': 'True', 'beta': '2E-1'}",,{},26,1.25E-1,8.191875E3,1.1468825E5,8.08726623825976593076E3,1.14792858761740234069E5
example_series.csv#1,1.22880125E5,{},LevinLAlgorithmArb,8,"{'remainder': 'RemainderType.t_wave_variant', 'useRecFormulas': 'True', 'beta': '2E-1'}",,{},27,1.25E-1,8.191875E3,1.1468825E5,8.08571809414918307662E3,1.14794406905850816923E5
example_series.csv#1,1.22880125E5,{},LevinLAlgorithmArb,8,"{'remainder': 'RemainderType.t_wave_variant', 'useRecFormulas': 'True', 'beta': '2E-1'}",,{},28,1.25E-1,8.191875E3,1.1468825E5,8.08425087875336967743E3,1.14795874121246630322E5
example_series.csv#1,1.22880125E5,{},LevinLAlgorithmArb,8,"{'remainder': 'RemainderType.t_wave_variant', 'useRecFormulas': 'True', 'beta': '2E-1'}",,{},29,1.25E-1,8.191875E3,1.1468825E5,8.08285873969879004916E3,1.14797266260301209949E5
example_series.csv#1,1.22880125E5,{},LevinLAlgorithmArb,8,"{'remainder': 'RemainderType.t_wave_variant', 'useRecFormulas': 'True', 'beta': '2E-1'}",,{},30,1.25E-1,8.191875E3,1.1468825E5,8.08153633579723090674E3,1.14798588664202769093E5
example_series.csv#1,1.22880125E5,{},LevinLAlgorithmArb,8,"{'remainder': 'RemainderType.t_wave_variant', 'useRecFormulas': 'True', 'beta': '2E-1'}",,{},31,1.25E-1,8.191875E3,1.1468825E5,8.08027878850707540478E3,1.14799846211492924595E5
example_series.csv#1,1.22880125E5,{},LevinLAlgorithmArb,8,"{'remainder': 'RemainderType.t_wave_variant', 'useRecFormulas': 'True', 'beta': '2E-1'}",,{},32,1.25E-1,8.191875E3,1.1468825E5,8.07908163766345012685E3,1.14801043362336549872E5
example_series.csv#1,1.22880125E5,{},LevinLAlgorithmArb,8,"{'remainder': 'RemainderType.t_wave_variant', 'useRecFormulas': 'True', 'beta': '2E-1'}",,{},33,1.25E-1,8.191875E3,1.1468825E5,8.0779408013257042137E3,1.14802184198674295786E5
example_series.csv#1,1.22880125E5,{},LevinLAlgorithmArb,8,"{'remainder': 'RemainderType.t_wave_variant', 'useRecFormulas': 'True', 'beta': '2E-1'}",,{},34,1.25E-1,8.191875E3,1.1468825E5,8.07685253950122178273E3,1.14803272460498778217E5
example_series.csv#1,1.22880125E5,{},LevinLAlgorithmArb,8,"{'remainder': 'RemainderType.t_wave_variant', 'useRecFormulas': 'True', 'beta': '2E-1'}",,{},35,1.25E-1,8.191875E3,1.1468825E5,8.07581342145947728225E3,1.14804311578540522717E5
example_series.csv#1,1.22880125E5,{},LevinLAlgorithmArb,8,"{'remainder': 'RemainderType.t_wave_variant', 'useRecFormulas': 'True', 'beta': '2E-1'}",,{},36,1.25E-1,8.191875E3,1.1468825E5,8.0748202963336253429E3,1.14805304703666374657E5
example_series.csv#1,1.22880125E5,{},LevinLAlgorithmArb,8,"{'remainder': 'RemainderType.t_wave_variant', 'useRecFormulas': 'True', 'beta': '2E-1'}",,{},37,1.25E-1,8.191875E3,1.1468825E5,8.07387026670812331552E3,1.14806254733291876684E5
example_series.csv#1,1.22880125E5,{},LevinLAlgorithmArb,8,"{'remainder': 'RemainderType.t_wave_variant', 'useRecFormulas': 'True', 'beta': '2E-1'}",,{},38,1.25E-1,8.191875E3,1.1468825E5,8.07296066490281993138E3,1.14807164335097180067E5
example_series.csv#1,1.22880125E5,{},LevinLAlgorithmArb,8,"{'remainder': 'RemainderType.t_wave_variant', 'useRecFormulas': 'True', 'beta': '2E-1'}",,{},39,1.25E-1,8.191875E3,1.1468825E5,8.07208903168191687022E3,1.14808035968318083129E5
example_series.csv#1,1.22880125E5,{},LevinLAlgorithmArb,8,"{'remainder': 'RemainderType.t_wave_variant', 'useRecFormulas': 'True', 'beta': '2E-1'}",,{},40,1.25E-1,8.191875E3,1.1468825E5,8.07125309713715781598E3,1.14808871902862842182E5
example_series.csv#1,1.22880125E5,{},LevinLAlgorithmArb,8,"{'remainder': 'RemainderType.t_wave_variant', 'useRecFormulas': 'True', 'beta': '2E-1'}",,{},41,1.25E-1,8.191875E3,1.1468825E5,8.07045076351655584609E3,1.14809674236483444154E5
example_series.csv#1,1.22880125E5,{},LevinLAlgorithmArb,8,"{'remainder': 'RemainderType.t_wave_variant', 'useRecFormulas': 'True', 'beta': '2E-1'}",,{},42,1.25E-1,8.191875E3,1.1468825E5,8.06968008979170642944E3,1.1481044491020829357E5
example_series.csv#1,1.22880125E5,{},LevinLAlgorithmArb,8,"{'remainder': 'RemainderType.t_wave_variant', 'useRecFormulas': 'True', 'beta': '2E-1'}",,{},43,1.25E-1,8.191875E3,1.1468825E5,8.0689392777775145237E3,1.14811185722222485475E5
example_series.csv#1,1.22880125E5,{},LevinLAlgorithmArb,8,"{'remainder': 'RemainderType.t_wave_variant', 'useRecFormulas': 'True', 'beta': '2E-1'}",,{},44,1.25E-1,8.191875E3,1.1468825E5,8.0682266596375811862E3,1.14811898340362418812E5
example_series.csv#1,1.22880125E5,{},LevinLAlgorithmArb,8,"{'remainder': 'RemainderType.t_wave_variant', 'useRecFormulas': 'True', 'beta': '2E-1'}",,{},45,1.25E-1,8.191875E3,1.1468825E5,8.06754068662635209605E3,1.14812584313373647904E5
example_series.csv#1,1.22880125E5,{},LevinLAlgorithmArb,8,"{'remainder': 'RemainderType.t_wave_variant', 'useRecFormulas': 'True', 'beta': '2E-1'}",,{},46,1.25E-1,8.191875E3,1.1468825E5,8.06687991893536853563E3,1.14813245081064631464E5
example_series.csv#1,1.22880125E5,{},LevinLAlgorithmArb,8,"{'remainder': 'RemainderType.t_wave_variant', 'useRecFormulas': 'True', 'beta': '2E-1'}",,{},47,1.25E-1,8.191875E3,1.1468825E5,8.06624301652560709466E3,1.14813881983474392904E5
example_series.csv#1,1.22880125E5,{},LevinLAlgorithmArb,8,"{'remainder': 'RemainderType.t_wave_variant', 'useRecFormulas': 'True', 'beta': '2E-1'}",,{},48,1.25E-1,8.191875E3,1.1468825E5,8.06562873084102470838E3,1.14814496269158975291E5
example_series.csv#1,1.22880125E5,{},LevinLAlgorithmArb,8,"{'remainder': 'RemainderType.t_wave_variant', 'useRecFormulas': 'True', 'beta': '2E-1'}",,{},49,1.25E-1,8.191875E3,1.1468825E5,8.06503589731014549629E3,1.14815089102689854502E5
example_series.csv#1,1.22880125E5,{},LevinLAlgorithmArb,8,"{'remainder': 'RemainderType.t_wave_variant', 'useRecFormulas': 'True', 'beta': '3E-1'}",,{},1,2.048E3,6.144E3,1.16736125E5,8.17267105196949754369E3,1.14707453948030502456E5
example_series.csv#1,1.22880125E5,{},LevinLAlgorithmArb,8,"{'remainder': 'RemainderType.t_wave_variant', 'useRecFormulas': 'True', 'beta': '3E-1'}",,{},2,1.024E3,7.168E3,1.15712125E5,8.16894486089357061461E3,1.14711180139106429384E5
example_series.csv#1,1.22880125E5,{},LevinLAlgorithmArb,8,"{'remainder': 'RemainderType.t_wave_variant', 'useRecFormulas': 'True', 'beta': '3E-1'}",,{},3,5.12E2,7.68E3,1.15200125E5,8.16446253639237736096E3,1.14715662463607622639E5
example_series.csv#1,1.22880125E5,{},LevinLAlgorithmArb,8,"{'remainder': 'RemainderType.t_wave_variant', 'useRecFormulas': 'True', 'beta': '3E-1'}",,{},4,2.56E2,7.936E3,1.14944125E5,8.15952955295040052147E3,1.14720595447049599477E5
example_series.csv#1,1.22880125E5,{},LevinLAlgorithmArb,8,"{'remainder': 'RemainderType.t_wave_variant', 'useRecFormulas': 'True', 'beta': '3E-1'}",,{},5,1.28E2,8.064E3,1.14816125E5,8.15438625816256948239E3,1.14725738741837430517E5
example_series.csv#1,1.22880125E5,{},LevinLAlgorithmArb,8,"{'remainder': 'RemainderType.t_wave_variant', 'useRecFormulas': 'True', 'beta': '3E-1'}",,{},6,6.4E1,8.128E3,1.14752125E5,8.14921067201103304264E3,1.14730914327988966956E5
example_series.csv#1,1.22880125E5,{},LevinLAlgorithmArb,8,"{'remainder': 'RemainderType.t_wave_variant', 'useRecFormulas': 'True', 'beta': '3E-1'}",,{},7,3.2E1,8.16E3,1.14720125E5,8.14412769474614764836E3,1.14735997305253852351E5
example_series.csv#1,1.22880125E5,{},LevinLAlgorithmArb,8,"{'remainder': 'RemainderType.t_wave_variant', 'useRecFormulas': 'True', 'beta': '3E-1'}",,{},8,1.6E1,8.176E3,1.14704125E5,8.13921921795894678014E3,1.14740905782041053218E5
example_series.csv#1,1.22880125E5,{},LevinLAlgorithmArb,8,"{'remainder': 'RemainderType.t_wave_variant', 'useRecFormulas': 'True', 'beta': '3E-1'}",,{},9,8E0,8.184E3,1.14696125E5,8.13453434192977463706E3,1.14745590658070225361E5
example_series.csv#1,1.22880125E5,{},LevinLAlgorithmArb,8,"{'remainder': 'RemainderType.t_wave_variant', 'useRecFormulas': 'True', 'beta': '3E-1'}",,{},10,4E0,8.188E3,1.14692125E5,8.13009851022870344589E3,1.14750026489771296553E5
example_series.csv#1,1.22880125E5,{},LevinLAlgorithmArb,8,"{'remainder': 'RemainderType.t_wave_variant', 'useRecFormulas': 'True', 'beta': '3E-1'}",,{},11,2E0,8.19E3,1.14690125E5,8.12592090460540430313E3,1.14754204095394595695E5
example_series.csv#1,1.22880125E5,{},LevinLAlgorithmArb,8,"{'remainder': 'RemainderType.t_wave_variant', 'useRecFormulas': 'True', 'beta': '3E-1'}",,{},12,1E0,8.191E3,1.14689125E5,8.12200002637121157231E3,1.14758124973628788426E5
example_series.csv#1,1.22880125E5,{},LevinLAlgorithmArb,8,"{'remainder': 'RemainderType.t_wave_variant', 'useRecFormulas': 'True', 'beta': '3E-1'}",,{},13,5E-1,8.1915E3,1.14688625E5,8.11832770693211250681E3,1.14761797293067887493E5
example_series.csv#1,1.22880125E5,{},LevinLAlgorithmArb,8,"{'remainder': 'RemainderType.t_wave_variant', 'useRecFormulas': 'True', 'beta': '3E-1'}",,{},14,2.5E-1,8.19175E3,1.14688375E5,8.11489188723994163632E3,1.14765233112760058363E5
example_series.csv#1,1.22880125E5,{},LevinLAlgorithmArb,8,"{'remainder': 'RemainderType.t_wave_variant', 'useRecFormulas': 'True', 'beta': '3E-1'}",,{},15,1.25E-1,8.191875E3,1.1468825E5,8.11167848861188670236E3,1.14768446511388113297E5
example_series.csv#1,1.22880125E5,{},LevinLAlgorithmArb,8,"{'remainder': 'RemainderType.t_wave_variant', 'useRecFormulas': 'True', 'beta': '3E-1'}",,{},16,1.25E-1,8.191875E3,1.1468825E5,8.10867263822137777906E3,1.14771452361778622219E5
example_series.csv#1,1.22880125E5,{},LevinLAlgorithmArb,8,"{'remainder': 'RemainderType.t_wave_variant', 'useRecFormulas': 'True', 'beta': '3E-1'}",,{},17,1.25E-1,8.191875E3,1.1468825E5,8.10585944817555946301E3,1.14774265551824440537E5
example_series.csv#1,1.22880125E5,{},LevinLAlgorithmArb,8,"{'remainder': 'RemainderType.t_wave_variant', 'useRecFormulas': 'True', 'beta': '3E-1'}",,{},18,1.25E-1,8.191875E3,1.1468825E5,8.10322449178600893093E3,1.14776900508213991069E5
example_series.csv#1,1.22880125E5,{},LevinLAlgorithmArb,8,"{'remainder': 'RemainderType.t_wave_variant', 'useRecFormulas': 'True', 'beta': '3E-1'}",,{},19,1.25E-1,8.191875E3,1.1468825E5,8.10075407781152433561E3,1.14779370922188475664E5
example_series.csv#1,1.22880125E5,{},LevinLAlgorithmArb,8,"{'remainder': 'RemainderType.t_wave_variant', 'useRecFormulas': 'True', 'beta': '3E-1'}",,{},20,1.25E-1,8.191875E3,1.1468825E5,8.09843539208352183966E3,1.1478168960791647816E5
example_series.csv#1,1.22880125E5,{},LevinLAlgorithmArb,8,"{'remainder': 'RemainderType.t_wave_variant', 'useRecFormulas': 'True', 'beta': '3E-1'}",,{},21,1.25E-1,8.191875E3,1.1468825E5,8.09625655368974870831E3,1.1478386844631025129E5
example_series.csv#1,1.22880125E5,{},LevinLAlgorithmArb,8,"{'remainder': 'RemainderType.t_wave_variant', 'useRecFormulas': 'True', 'beta': '3E-1'}",,{},22,1.25E-1,8.191875E3,1.1468825E5,8.09420661744789099373E3,1.14785918382552109005E5
example_series.csv#1,1.22880125E5,{},LevinLAlgorithmArb,8,"{'remainder': 'RemainderType.t_wave_variant', 'useRecFormulas': 'True', 'beta': '3E-1'}",,{},23,1.25E-1,8.191875E3,1.1468825E5,8.0922755438126576217E3,1.14787849456187342378E5
example_series.csv#1,1.22880125E5,{},LevinLAlgorithmArb,8,"{'remainder': 'RemainderType.t_wave_variant', 'useRecFormulas': 'True', 'beta': '3E-1'}",,{},24,1.25E-1,8.191875E3,1.1468825E5,8.09045415016498737437E3,1.14789670849835012624E5
example_series.csv#1,1.22880125E5,{},LevinLAlgorithmArb,8,"{'remainder': 'RemainderType.t_wave_variant', 'useRecFormulas': 'True', 'beta': '3E-1'}",,{},25,1.25E-1,8.191875E3,1.1468825E5,8.0887340525743145127E3,1.14791390947425685487E5
example_series.csv#1,1.22880125E5,{},LevinLAlgorithmArb,8,"{'remainder': 'RemainderType.t_wave_variant', 'useRecFormulas': 'True', 'beta': '3E-1'}",,{},26,1.25E-1,8.191875E3,1.1468825E5,8.08710760386277327296E3,1.14793017396137226727E5
example_series.csv#1,1.22880125E5,{},LevinLAlgorithmArb,8,"{'remainder': 'RemainderType.t_wave_variant', 'useRecFormulas': 'True', 'beta': '3E-1'}",,{},27,1.25E-1,8.191875E3,1.1468825E5,8.08556783162137878215E3,1.14794557168378621216E5
example_series.csv#1,1.22880125E5,{},LevinLAlgorithmArb,8,"{'remainder': 'RemainderType.t_wave_variant', 'useRecFormulas': 'True', 'beta': '3E-1'}",,{},28,1.25E-1,8.191875E3,1.1468825E5,8.08410837838194265095E3,1.14796016621618057349E5
example_series.csv#1,1.22880125E5,{},LevinLAlgorithmArb,8,"{'remainder': 'RemainderType.t_wave_variant', 'useRecFormulas': 'True', 'beta': '3E-1'}",,{},29,1.25E-1,8.191875E3,1.1468825E5,8.08272344519622600558E3,1.14797401554803773993E5
example_series.csv#1,1.22880125E5,{},LevinLAlgorithmArb,8,"{'remainder': 'RemainderType.t_wave_variant', 'useRecFormulas': 'True', 'beta': '3E-1'}",,{},30,1.25E-1,8.191875E3,1.1468825E5,8.08140773925387504758E3,1.14798717260746124952E5
example_series.csv#1,1.22880125E5,{},LevinLAlgorithmArb,8,"{'remainder': 'RemainderType.t_wave_variant', 'useRecFormulas': 'True', 'beta': '3E-1'}",,{},31,1.25E-1,8.191875E3,1.1468825E5,8.08015642577358420545E3,1.14799968574226415793E5
example_series.csv#1,1.22880125E5,{},LevinLAlgorithmArb,8,"{'remainder': 'RemainderType.t_wave_variant', 'useRecFormulas': 'True', 'beta': '3E-1'}",,{},32,1.25E-1,8.191875E3,1.1468825E5,8.07896508415371180328E3,1.14801159915846288196E5
example_series.csv#1,1.22880125E5,{},LevinLAlgorithmArb,8,"{'remainder': 'RemainderType.t_wave_variant', 'useRecFormulas': 'True', 'beta': '3E-1'}",,{},33,1.25E-1,8.191875E3,1.1468825E5,8.0778296682192666642E3,1.14802295331780733334E5
example_series.csv#1,1.22880125E5,{},LevinLAlgorithmArb,8,"{'remainder': 'RemainderType.t_wave_variant', 'useRecFormulas': 'True', 'beta': '3E-1'}",,{},34,1.25E-1,8.191875E3,1.1468825E5,8.07674647031807427011E3,1.14803378529681925729E5
example_series.csv#1,1.22880125E5,{},LevinLAlgorithmArb,8,"{'remainder': 'RemainderType.t_wave_variant', 'useRecFormulas': 'True', 'beta': '3E-1'}",,{},35,1.25E-1,8.191875E3,1.1468825E5,8.07571208897729918899E3,1.14804412911022700809E5
example_series.csv#1,1.22880125E5,{},LevinLAlgorithmArb,8,"{'remainder': 'RemainderType.t_wave_variant', 'useRecFormulas': 'True', 'beta': '3E-1'}",,{},36,1.25E-1,8.191875E3,1.1468825E5,8.07472339981707431622E3,1.14805401600182925683E5
example_series.csv#1,1.22880125E5,{},LevinLAlgorithmArb,8,"{'remainder': 'RemainderType.t_wave_variant', 'useRecFormulas': 'True', 'beta': '3E-1'}",,{},37,1.25E-1,8.191875E3,1.1468825E5,8.07377752942053905399E3,1.14806347470579460944E5
example_series.csv#1,1.22880125E5,{},LevinLAlgorithmArb,8,"{'remainder': 'RemainderType.t_wave_variant', 'useRecFormulas': 'True', 'beta': '3E-1'}",,{},38,1.25E-1,8.191875E3,1.1468825E5,8.07287183187230671427E3,1.14807253168127693284E5
example_series.csv#1,1.22880125E5,{},LevinLAlgorithmArb,8,"{'remainder': 'RemainderType.t_wave_variant', 'useRecFormulas': 'True', 'beta': '3E-1'}",,{},39,1.25E-1,8.191875E3,1.1468825E5,8.07200386769576849274E3,1.14808121132304231506E5
example_series.csv#1,1.22880125E5,{},LevinLAlgorithmArb,8,"{'remainder': 'RemainderType.t_wave_variant', 'useRecFormulas': 'True', 'beta': '3E-1'}",,{},40,1.25E-1,8.191875E3,1.1468825E5,8.0711713849407639317E3,1.14808953615059236068E5
example_series.csv#1,1.22880125E5,{},LevinLAlgorithmArb,8,"{'remainder': 'RemainderType.t_wave_variant', 'useRecFormulas': 'True', 'beta': '3E-1'}",,{},41,1.25E-1,8.191875E3,1.1468825E5,8.07037230219512759357E3,1.14809752697804872406E5
example_series.csv#1,1.22880125E5,{},LevinLAlgorithmArb,8,"{'remainder': 'RemainderType.t_wave_variant', 'useRecFormulas': 'True', 'beta': '3E-1'}",,{},42,1.25E-1,8.191875E3,1.1468825E5,8.06960469331528919764E3,1.14810520306684710801E5
example_series.csv#1,1.22880125E5,{},LevinLAlgorithmArb,8,"{'remainder': 'RemainderType.t_wave_variant', 'useRecFormulas': 'True', 'beta': '3E-1'}",,{},43,1.25E-1,8.191875E3,1.1468825E5,8.06886677369176338892E3,1.1481125822630823661E5
example_series.csv#1,1.22880125E5,{},LevinLAlgorithmArb,8,"{'remainder': 'RemainderType.t_wave_variant', 'useRecFormulas': 'True', 'beta': '3E-1'}",,{},44,1.25E-1,8.191875E3,1.1468825E5,8.06815688788463229705E3,1.14811968112115367703E5
example_series.csv#1,1.22880125E5,{},LevinLAlgorithmArb,8,"{'remainder': 'RemainderType.t_wave_variant', 'useRecFormulas': 'True', 'beta': '3E-1'}",,{},45,1.25E-1,8.191875E3,1.1468825E5,8.06747349848182003612E3,1.14812651501518179963E5
example_series.csv#1,1.22880125E5,{},LevinLAlgorithmArb,8,"{'remainder': 'RemainderType.t_wave_variant', 'useRecFormulas': 'True', 'beta': '3E-1'}",,{},46,1.25E-1,8.191875E3,1.1468825E5,8.06681517604903496371E3,1.14813309823950965036E5
example_series.csv#1,1.22880125E5,{},LevinLAlgorithmArb,8,"{'remainder': 'RemainderType.t_wave_variant', 'useRecFormulas': 'True', 'beta': '3E-1'}",,{},47,1.25E-1,8.191875E3,1.1468825E5,8.06618059005474561315E3,1.14813944409945254387E5
example_series.csv#1,1.22880125E5,{},LevinLAlgorithmArb,8,"{'remainder': 'RemainderType.t_wave_variant', 'useRecFormulas': 'True', 'beta': '3E-1'}",,{},48,1.25E-1,8.191875E3,1.1468825E5,8.06556850066654049094E3,1.14814556499333459508E5
example_series.csv#1,1.22880125E5,{},LevinLAlgorithmArb,8,"{'remainder': 'RemainderType.t_wave_variant', 'useRecFormulas': 'True', 'beta': '3E-1'}",,{},49,1.25E-1,8.191875E3,1.1468825E5,8.06497775132680708962E3,1.1481514724867319291E5
example_series.csv#1,1.22880125E5,{},LevinLAlgorithmArb,8,"{'remainder': 'RemainderType.t_wave_variant', 'useRecFormulas': 'True', 'beta': '4E-1'}",,{},1,2.048E3,6.144E3,1.16736125E5,8.17234185739532040465E3,1.14707783142604679595E5
example_series.csv#1,1.22880125E5,{},LevinLAlgorithmArb,8,"{'remainder': 'RemainderType.t_wave_variant', 'useRecFormulas': 'True', 'beta': '4E-1'}",,{},2,1.024E3,7.168E3,1.15712125E5,8.16852517195868576668E3,1.14711599828041314232E5
example_series.csv#1,1.22880125E5,{},LevinLAlgorithmArb,8,"{'remainder': 'RemainderType.t_wave_variant', 'useRecFormulas': 'True', 'beta': '4E-1'}",,{},3,5.12E2,7.68E3,1.15200125E5,8.16398502438290549385E3,1.14716139975617094505E5
example_series.csv#1,1.22880125E5,{},LevinLAlgorithmArb,8,"{'remainder': 'RemainderType.t_wave_variant', 'useRecFormulas': 'True', 'beta': '4E-1'}",,{},4,2.56E2,7.936E3,1.14944125E5,8.15902129051130156128E3,1.14721103709488698437E5
example_series.csv#1,1.22880125E5,{},LevinLAlgorithmArb,8,"{'remainder': 'RemainderType.t_wave_variant', 'useRecFormulas': 'True', 'beta': '4E-1'}",,{},5,1.28E2,8.064E3,1.14816125E5,8.15386770747894319888E3,1.147262572925210568E5
example_series.csv#1,1.22880125E5,{},LevinLAlgorithmArb,8,"{'remainder': 'RemainderType.t_wave_variant', 'useRecFormulas': 'True', 'beta': '4E-1'}",,{},6,6.4E1,8.128E3,1.14752125E5,8.14869655298411602359E3,1.14731428447015883976E5
example_series.csv#1,1.22880125E5,{},LevinLAlgorithmArb,8,"{'remainder': 'RemainderType.t_wave_variant', 'useRecFormulas': 'True', 'beta': '4E-1'}",,{},7,3.2E1,8.16E3,1.14720125E5,8.14362795988559039747E3,1.14736497040114409601E5
example_series.csv#1,1.22880125E5,{},LevinLAlgorithmArb,8,"{'remainder': 'RemainderType.t_wave_variant', 'useRecFormulas': 'True', 'beta': '4E-1'}",,{},8,1.6E1,8.176E3,1.14704125E5,8.13874009041735938896E3,1.14741384909582640609E5
example_series.csv#1,1.22880125E5,{},LevinLAlgorithmArb,8,"{'remainder': 'RemainderType.t_wave_variant', 'useRecFormulas': 'True', 'beta': '4E-1'}",,{},9,8E0,8.184E3,1.14696125E5,8.13407929396659714924E3,1.14746045706033402849E5
example_series.csv#1,1.22880125E5,{},LevinLAlgorithmArb,8,"{'remainder': 'RemainderType.t_wave_variant', 'useRecFormulas': 'True', 'beta': '4E-1'}",,{},10,4E0,8.188E3,1.14692125E5,8.12966908598294243054E3,1.14750455914017057569E5
example_series.csv#1,1.22880125E5,{},LevinLAlgorithmArb,8,"{'remainder': 'RemainderType.t_wave_variant', 'useRecFormulas': 'True', 'beta': '4E-1'}",,{},11,2E0,8.19E3,1.14690125E5,8.1255173574200648672E3,1.14754607642579935132E5
example_series.csv#1,1.22880125E5,{},LevinLAlgorithmArb,8,"{'remainder': 'RemainderType.t_wave_variant', 'useRecFormulas': 'True', 'beta': '4E-1'}",,{},12,1E0,8.191E3,1.14689125E5,8.12162178515987348823E3,1.1475850321484012651E5
example_series.csv#1,1.22880125E5,{},LevinLAlgorithmArb,8,"{'remainder': 'RemainderType.t_wave_variant', 'useRecFormulas': 'True', 'beta': '4E-1'}",,{},13,5E-1,8.1915E3,1.14688625E5,8.11797370384299418941E3,1.1476215129615700581E5
example_series.csv#1,1.22880125E5,{},LevinLAlgorithmArb,8,"{'remainder': 'RemainderType.t_wave_variant', 'useRecFormulas': 'True', 'beta': '4E-1'}",,{},14,2.5E-1,8.19175E3,1.14688375E5,8.11456078076331114318E3,1.14765564219236688856E5
example_series.csv#1,1.22880125E5,{},LevinLAlgorithmArb,8,"{'remainder': 'RemainderType.t_wave_variant', 'useRecFormulas': 'True', 'beta': '4E-1'}",,{},15,1.25E-1,8.191875E3,1.1468825E5,8.1113688114000632594E3,1.1476875618859993674E5
example_series.csv#1,1.22880125E5,{},LevinLAlgorithmArb,8,"{'remainder': 'RemainderType.t_wave_variant', 'useRecFormulas': 'True', 'beta': '4E-1'}",,{},16,1.25E-1,8.191875E3,1.1468825E5,8.1083828923224413081E3,1.14771742107677558691E5
example_series.csv#1,1.22880125E5,{},LevinLAlgorithmArb,8,"{'remainder': 'RemainderType.t_wave_variant', 'useRecFormulas': 'True', 'beta': '4E-1'}",,{},17,1.25E-1,8.191875E3,1.1468825E5,8.10558816432916493874E3,1.14774536835670835061E5
example_series.csv#1,1.22880125E5,{},LevinLAlgorithmArb,8,"{'remainder': 'RemainderType.t_wave_variant', 'useRecFormulas': 'True', 'beta': '4E-1'}",,{},18,1.25E-1,8.191875E3,1.1468825E5,8.10297026458183055103E3,1.14777154735418169448E5
example_series.csv#1,1.22880125E5,{},LevinLAlgorithmArb,8,"{'remainder': 'RemainderType.t_wave_variant', 'useRecFormulas': 'True', 'beta': '4E-1'}",,{},19,1.25E-1,8.191875E3,1.1468825E5,8.10051558489276961949E3,1.14779609415107230379E5
example_series.csv#1,1.22880125E5,{},LevinLAlgorithmArb,8,"{'remainder': 'RemainderType.t_wave_variant', 'useRecFormulas': 'True', 'beta': '4E-1'}",,{},20,1.25E-1,8.191875E3,1.1468825E5,8.09821140298428557302E3,1.14781913597015714425E5
example_series.csv#1,1.22880125E5,{},LevinLAlgorithmArb,8,"{'remainder': 'RemainderType.t_wave_variant', 'useRecFormulas': 'True', 'beta': '4E-1'}",,{},21,1.25E-1,8.191875E3,1.1468825E5,8.09604593208065482032E3,1.14784079067919345178E5
example_series.csv#1,1.22880125E5,{},LevinLAlgorithmArb,8,"{'remainder': 'RemainderType.t_wave_variant', 'useRecFormulas': 'True', 'beta': '4E-1'}",,{},22,1.25E-1,8.191875E3,1.1468825E5,8.09400831931487137954E3,1.1478611668068512862E5
example_series.csv#1,1.22880125E5,{},LevinLAlgorithmArb,8,"{'remainder': 'RemainderType.t_wave_variant', 'useRecFormulas': 'True', 'beta': '4E-1'}",,{},23,1.25E-1,8.191875E3,1.1468825E5,8.09208861324184878494E3,1.14788036386758151214E5
example_series.csv#1,1.22880125E5,{},LevinLAlgorithmArb,8,"{'remainder': 'RemainderType.t_wave_variant', 'useRecFormulas': 'True', 'beta': '4E-1'}",,{},24,1.25E-1,8.191875E3,1.1468825E5,8.09027771383017326628E3,1.14789847286169826733E5
example_series.csv#1,1.22880125E5,{},LevinLAlgorithmArb,8,"{'remainder': 'RemainderType.t_wave_variant', 'useRecFormulas': 'True', 'beta': '4E-1'}",,{},25,1.25E-1,8.191875E3,1.1468825E5,8.08856731363533322023E3,1.14791557686364666778E5
example_series.csv#1,1.22880125E5,{},LevinLAlgorithmArb,8,"{'remainder': 'RemainderType.t_wave_variant', 'useRecFormulas': 'True', 'beta': '4E-1'}",,{},26,1.25E-1,8.191875E3,1.1468825E5,8.08694983572354037237E3,1.14793175164276459626E5
example_series.csv#1,1.22880125E5,{},LevinLAlgorithmArb,8,"{'remainder': 'RemainderType.t_wave_variant', 'useRecFormulas': 'True', 'beta': '4E-1'}",,{},27,1.25E-1,8.191875E3,1.1468825E5,8.08541837182326503816E3,1.14794706628176734962E5
example_series.csv#1,1.22880125E5,{},LevinLAlgorithmArb,8,"{'remainder': 'RemainderType.t_wave_variant', 'useRecFormulas': 'True', 'beta': '4E-1'}",,{},28,1.25E-1,8.191875E3,1.1468825E5,8.08396662279396216455E3,1.14796158377206037835E5
example_series.csv#1,1.22880125E5,{},LevinLAlgorithmArb,8,"{'remainder': 'RemainderType.t_wave_variant', 'useRecFormulas': 'True', 'beta': '4E-1'}",,{},29,1.25E-1,8.191875E3,1.1468825E5,8.08258884258869154998E3,1.1479753615741130845E5
example_series.csv#1,1.22880125E5,{},LevinLAlgorithmArb,8,"{'remainder': 'RemainderType.t_wave_variant', 'useRecFormulas': 'True', 'beta': '4E-1'}",,{},30,1.25E-1,8.191875E3,1.1468825E5,8.08127978629389245376E3,1.14798845213706107545E5
example_series.csv#1,1.22880125E5,{},LevinLAlgorithmArb,8,"{'remainder': 'RemainderType.t_wave_variant', 'useRecFormulas': 'True', 'beta': '4E-1'}",,{},31,1.25E-1,8.191875E3,1.1468825E5,8.0800346624502182419E3,1.14800090337549781758E5
example_series.csv#1,1.22880125E5,{},LevinLAlgorithmArb,8,"{'remainder': 'RemainderType.t_wave_variant', 'useRecFormulas': 'True', 'beta': '4E-1'}",,{},32,1.25E-1,8.191875E3,1.1468825E5,8.07884908962193731185E3,1.14801275910378062687E5
example_series.csv#1,1.22880125E5,{},LevinLAlgorithmArb,8,"{'remainder': 'RemainderType.t_wave_variant', 'useRecFormulas': 'True', 'beta': '4E-1'}",,{},33,1.25E-1,8.191875E3,1.1468825E5,8.07771905704092100802E3,1.1480240594295907899E5
example_series.csv#1,1.22880125E5,{},LevinLAlgorithmArb,8,"{'remainder': 'RemainderType.t_wave_variant', 'useRecFormulas': 'True', 'beta': '4E-1'}",,{},34,1.25E-1,8.191875E3,1.1468825E5,8.07664088907225338612E3,1.14803484110927746614E5
example_series.csv#1,1.22880125E5,{},LevinLAlgorithmArb,8,"{'remainder': 'RemainderType.t_wave_variant', 'useRecFormulas': 'True', 'beta': '4E-1'}",,{},35,1.25E-1,8.191875E3,1.1468825E5,8.07561121321017457805E3,1.14804513786789825422E5
example_series.csv#1,1.22880125E5,{},LevinLAlgorithmArb,8,"{'remainder': 'RemainderType.t_wave_variant', 'useRecFormulas': 'True', 'beta': '4E-1'}",,{},36,1.25E-1,8.191875E3,1.1468825E5,8.07462693130073430428E3,1.14805498068699265695E5
example_series.csv#1,1.22880125E5,{},LevinLAlgorithmArb,8,"{'remainder': 'RemainderType.t_wave_variant', 'useRecFormulas': 'True', 'beta': '4E-1'}",,{},37,1.25E-1,8.191875E3,1.1468825E5,8.07368519369136138819E3,1.14806439806308638611E5
example_series.csv#1,1.22880125E5,{},LevinLAlgorithmArb,8,"{'remainder': 'RemainderType.t_wave_variant', 'useRecFormulas': 'True', 'beta': '4E-1'}",,{},38,1.25E-1,8.191875E3,1.1468825E5,8.07278337602101183193E3,1.14807341623978988168E5
example_series.csv#1,1.22880125E5,{},LevinLAlgorithmArb,8,"{'remainder': 'RemainderType.t_wave_variant', 'useRecFormulas': 'True', 'beta': '4E-1'}",,{},39,1.25E-1,8.191875E3,1.1468825E5,8.07191905838332986414E3,1.14808205941616670135E5
example_series.csv#1,1.22880125E5,{},LevinLAlgorithmArb,8,"{'remainder': 'RemainderType.t_wave_variant', 'useRecFormulas': 'True', 'beta': '4E-1'}",,{},40,1.25E-1,8.191875E3,1.1468825E5,8.07109000661653521441E3,1.14809034993383464784E5
example_series.csv#1,1.22880125E5,{},LevinLAlgorithmArb,8,"{'remainder': 'RemainderType.t_wave_variant', 'useRecFormulas': 'True', 'beta': '4E-1'}",,{},41,1.25E-1,8.191875E3,1.1468825E5,8.07029415549574171118E3,1.14809830844504258287E5
example_series.csv#1,1.22880125E5,{},LevinLAlgorithmArb,8,"{'remainder': 'RemainderType.t_wave_variant', 'useRecFormulas': 'True', 'beta': '4E-1'}",,{},42,1.25E-1,8.191875E3,1.1468825E5,8.06952959362500408632E3,1.14810595406374995913E5
example_series.csv#1,1.22880125E5,{},LevinLAlgorithmArb,8,"{'remainder': 'RemainderType.t_wave_variant', 'useRecFormulas': 'True', 'beta': '4E-1'}",,{},43,1.25E-1,8.191875E3,1.1468825E5,8.06879454984692276003E3,1.1481133045015307724E5
example_series.csv#1,1.22880125E5,{},LevinLAlgorithmArb,8,"{'remainder': 'RemainderType.t_wave_variant', 'useRecFormulas': 'True', 'beta': '4E-1'}",,{},44,1.25E-1,8.191875E3,1.1468825E5,8.06808738100675168139E3,1.14812037618993248317E5
example_series.csv#1,1.22880125E5,{},LevinLAlgorithmArb,8,"{'remainder': 'RemainderType.t_wave_variant', 'useRecFormulas': 'True', 'beta': '4E-1'}",,{},45,1.25E-1,8.191875E3,1.1468825E5,8.06740656092548887984E3,1.14812718439074511119E5
example_series.csv#1,1.22880125E5,{},LevinLAlgorithmArb,8,"{'remainder': 'RemainderType.t_wave_variant', 'useRecFormulas': 'True', 'beta': '4E-1'}",,{},46,1.25E-1,8.191875E3,1.1468825E5,8.06675067045234490467E3,1.14813374329547655094E5
example_series.csv#1,1.22880125E5,{},LevinLAlgorithmArb,8,"{'remainder': 'RemainderType.t_wave_variant', 'useRecFormulas': 'True', 'beta': '4E-1'}",,{},47,1.25E-1,8.191875E3,1.1468825E5,8.06611838848131964371E3,1.14814006611518680355E5
example_series.csv#1,1.22880125E5,{},LevinLAlgorithmArb,8,"{'remainder': 'RemainderType.t_wave_variant', 'useRecFormulas': 'True', 'beta': '4E-1'}",,{},48,1.25E-1,8.191875E3,1.1468825E5,8.06550848382945728967E3,1.1481461651617054271E5
example_series.csv#1,1.22880125E5,{},LevinLAlgorithmArb,8,"{'remainder': 'RemainderType.t_wave_variant', 'useRecFormulas': 'True', 'beta': '4E-1'}",,{},49,1.25E-1,8.191875E3,1.1468825E5,8.0649198078858008821E3,1.14815205192114199117E5
example_series.csv#1,1.22880125E5,{},LevinLAlgorithmArb,8,"{'remainder': 'RemainderType.t_wave_variant', 'useRecFormulas': 'True', 'beta': '5E-1'}",,{},1,2.048E3,6.144E3,1.16736125E5,8.17200221828989939401E3,1.14708122781710100606E5
example_series.csv#1,1.22880125E5,{},LevinLAlgorithmArb,8,"{'remainder': 'RemainderType.t_wave_variant', 'useRecFormulas': 'True', 'beta': '5E-1'}",,{},2,1.024E3,7.168E3,1.15712125E5,8.16809828325268407558E3,1.14712026716747315924E5
example_series.csv#1,1.22880125E5,{},LevinLAlgorithmArb,8,"{'remainder': 'RemainderType.t_wave_variant', 'useRecFormulas': 'True', 'beta': '5E-1'}",,{},3,5.12E2,7.68E3,1.15200125E5,8.16350333422005473749E3,1.14716621665779945261E5
example_series.csv#1,1.22880125E5,{},LevinLAlgorithmArb,8,"{'remainder': 'RemainderType.t_wave_variant', 'useRecFormulas': 'True', 'beta': '5E-1'}",,{},4,2.56E2,7.936E3,1.14944125E5,8.15851118035107306933E3,1.14721613819648926929E5
example_series.csv#1,1.22880125E5,{},LevinLAlgorithmArb,8,"{'remainder': 'RemainderType.t_wave_variant', 'useRecFormulas': 'True', 'beta': '5E-1'}",,{},5,1.28E2,8.064E3,1.14816125E5,8.15334902422759616594E3,1.14726775975772403834E5
example_series.csv#1,1.22880125E5,{},LevinLAlgorithmArb,8,"{'remainder': 'RemainderType.t_wave_variant', 'useRecFormulas': 'True', 'beta': '5E-1'}",,{},6,6.4E1,8.128E3,1.14752125E5,8.14818349419685710313E3,1.14731941505803142896E5
example_series.csv#1,1.22880125E5,{},LevinLAlgorithmArb,8,"{'remainder': 'RemainderType.t_wave_variant', 'useRecFormulas': 'True', 'beta': '5E-1'}",,{},7,3.2E1,8.16E3,1.14720125E5,8.14313005836436400536E3,1.14736994941635635993E5
example_series.csv#1,1.22880125E5,{},LevinLAlgorithmArb,8,"{'remainder': 'RemainderType.t_wave_variant', 'useRecFormulas': 'True', 'beta': '5E-1'}",,{},8,1.6E1,8.176E3,1.14704125E5,8.13826325223945399867E3,1.14741861747760546001E5
example_series.csv#1,1.22880125E5,{},LevinLAlgorithmArb,8,"{'remainder': 'RemainderType.t_wave_variant', 'useRecFormulas': 'True', 'beta': '5E-1'}",,{},9,8E0,8.184E3,1.14696125E5,8.13362676457613773881E3,1.14746498235423862261E5
example_series.csv#1,1.22880125E5,{},LevinLAlgorithmArb,8,"{'remainder': 'RemainderType.t_wave_variant', 'useRecFormulas': 'True', 'beta': '5E-1'}",,{},10,4E0,8.188E3,1.14692125E5,8.12924225478809704839E3,1.14750882745211902951E5
example_series.csv#1,1.22880125E5,{},LevinLAlgorithmArb,8,"{'remainder': 'RemainderType.t_wave_variant', 'useRecFormulas': 'True', 'beta': '5E-1'}",,{},11,2E0,8.19E3,1.14690125E5,8.12511637689940036385E3,1.14755008623100599636E5
example_series.csv#1,1.22880125E5,{},LevinLAlgorithmArb,8,"{'remainder': 'RemainderType.t_wave_variant', 'useRecFormulas': 'True', 'beta': '5E-1'}",,{},12,1E0,8.191E3,1.14689125E5,8.12124602178820917156E3,1.14758878978211790828E5
example_series.csv#1,1.22880125E5,{},LevinLAlgorithmArb,8,"{'remainder': 'RemainderType.t_wave_variant', 'useRecFormulas': 'True', 'beta': '5E-1'}",,{},13,5E-1,8.1915E3,1.14688625E5,8.1176220538133358815E3,1.14762502946186664118E5
example_series.csv#1,1.22880125E5,{},LevinLAlgorithmArb,8,"{'remainder': 'RemainderType.t_wave_variant', 'useRecFormulas': 'True', 'beta': '5E-1'}",,{},14,2.5E-1,8.19175E3,1.14688375E5,8.11423188435424805134E3,1.14765893115645751947E5
example_series.csv#1,1.22880125E5,{},LevinLAlgorithmArb,8,"{'remainder': 'RemainderType.t_wave_variant', 'useRecFormulas': 'True', 'beta': '5E-1'}",,{},15,1.25E-1,8.191875E3,1.1468825E5,8.11106119462340335649E3,1.14769063805376596643E5
example_series.csv#1,1.22880125E5,{},LevinLAlgorithmArb,8,"{'remainder': 'RemainderType.t_wave_variant', 'useRecFormulas': 'True', 'beta': '5E-1'}",,{},16,1.25E-1,8.191875E3,1.1468825E5,8.10809505790410572928E3,1.14772029942095894269E5
example_series.csv#1,1.22880125E5,{},LevinLAlgorithmArb,8,"{'remainder': 'RemainderType.t_wave_variant', 'useRecFormulas': 'True', 'beta': '5E-1'}",,{},17,1.25E-1,8.191875E3,1.1468825E5,8.10531864812907528894E3,1.14774806351870924709E5
example_series.csv#1,1.22880125E5,{},LevinLAlgorithmArb,8,"{'remainder': 'RemainderType.t_wave_variant', 'useRecFormulas': 'True', 'beta': '5E-1'}",,{},18,1.25E-1,8.191875E3,1.1468825E5,8.10271766883865443042E3,1.14777407331161345569E5
example_series.csv#1,1.22880125E5,{},LevinLAlgorithmArb,8,"{'remainder': 'RemainderType.t_wave_variant', 'useRecFormulas': 'True', 'beta': '5E-1'}",,{},19,1.25E-1,8.191875E3,1.1468825E5,8.10027859617459035285E3,1.14779846403825409646E5
example_series.csv#1,1.22880125E5,{},LevinLAlgorithmArb,8,"{'remainder': 'RemainderType.t_wave_variant', 'useRecFormulas': 'True', 'beta': '5E-1'}",,{},20,1.25E-1,8.191875E3,1.1468825E5,8.09798880022135210654E3,1.14782136199778647893E5
example_series.csv#1,1.22880125E5,{},LevinLAlgorithmArb,8,"{'remainder': 'RemainderType.t_wave_variant', 'useRecFormulas': 'True', 'beta': '5E-1'}",,{},21,1.25E-1,8.191875E3,1.1468825E5,8.09583658830742383941E3,1.14784288411692576159E5
example_series.csv#1,1.22880125E5,{},LevinLAlgorithmArb,8,"{'remainder': 'RemainderType.t_wave_variant', 'useRecFormulas': 'True', 'beta': '5E-1'}",,{},22,1.25E-1,8.191875E3,1.1468825E5,8.09381119954544917674E3,1.14786313800454550822E5
example_series.csv#1,1.22880125E5,{},LevinLAlgorithmArb,8,"{'remainder': 'RemainderType.t_wave_variant', 'useRecFormulas': 'True', 'beta': '5E-1'}",,{},23,1.25E-1,8.191875E3,1.1468825E5,8.09190277008344850531E3,1.14788222229916551493E5
example_series.csv#1,1.22880125E5,{},LevinLAlgorithmArb,8,"{'remainder': 'RemainderType.t_wave_variant', 'useRecFormulas': 'True', 'beta': '5E-1'}",,{},24,1.25E-1,8.191875E3,1.1468825E5,8.09010228188490489681E3,1.14790022718115095103E5
example_series.csv#1,1.22880125E5,{},LevinLAlgorithmArb,8,"{'remainder': 'RemainderType.t_wave_variant', 'useRecFormulas': 'True', 'beta': '5E-1'}",,{},25,1.25E-1,8.191875E3,1.1468825E5,8.0884015033678058954E3,1.14791723496632194104E5
example_series.csv#1,1.22880125E5,{},LevinLAlgorithmArb,8,"{'remainder': 'RemainderType.t_wave_variant', 'useRecFormulas': 'True', 'beta': '5E-1'}",,{},26,1.25E-1,8.191875E3,1.1468825E5,8.08679292722228308545E3,1.14793332072777716914E5
example_series.csv#1,1.22880125E5,{},LevinLAlgorithmArb,8,"{'remainder': 'RemainderType.t_wave_variant', 'useRecFormulas': 'True', 'beta': '5E-1'}",,{},27,1.25E-1,8.191875E3,1.1468825E5,8.08526970871801262649E3,1.14794855291281987372E5
example_series.csv#1,1.22880125E5,{},LevinLAlgorithmArb,8,"{'remainder': 'RemainderType.t_wave_variant', 'useRecFormulas': 'True', 'beta': '5E-1'}",,{},28,1.25E-1,8.191875E3,1.1468825E5,8.08382560648126072014E3,1.14796299393518739278E5
example_series.csv#1,1.22880125E5,{},LevinLAlgorithmArb,8,"{'remainder': 'RemainderType.t_wave_variant', 'useRecFormulas': 'True', 'beta': '5E-1'}",,{},29,1.25E-1,8.191875E3,1.1468825E5,8.08245492684663065052E3,1.14797670073153369349E5
example_series.csv#1,1.22880125E5,{},LevinLAlgorithmArb,8,"{'remainder': 'RemainderType.t_wave_variant', 'useRecFormulas': 'True', 'beta': '5E-1'}",,{},30,1.25E-1,8.191875E3,1.1468825E5,8.08115247232060003546E3,1.14798972527679399964E5
example_series.csv#1,1.22880125E5,{},LevinLAlgorithmArb,8,"{'remainder': 'RemainderType.t_wave_variant', 'useRecFormulas': 'True', 'beta': '5E-1'}",,{},31,1.25E-1,8.191875E3,1.1468825E5,8.07991349433162539669E3,1.14800211505668374603E5
example_series.csv#1,1.22880125E5,{},LevinLAlgorithmArb,8,"{'remainder': 'RemainderType.t_wave_variant', 'useRecFormulas': 'True', 'beta': '5E-1'}",,{},32,1.25E-1,8.191875E3,1.1468825E5,8.0787336502165381194E3,1.1480139134978346188E5
example_series.csv#1,1.22880125E5,{},LevinLAlgorithmArb,8,"{'remainder': 'RemainderType.t_wave_variant', 'useRecFormulas': 'True', 'beta': '5E-1'}",,{},33,1.25E-1,8.191875E3,1.1468825E5,8.07760896425897124822E3,1.1480251603574102875E5
example_series.csv#1,1.22880125E5,{},LevinLAlgorithmArb,8,"{'remainder': 'RemainderType.t_wave_variant', 'useRecFormulas': 'True', 'beta': '5E-1'}",,{},34,1.25E-1,8.191875E3,1.1468825E5,8.07653579252147905304E3,1.14803589207478520946E5
example_series.csv#1,1.22880125E5,{},LevinLAlgorithmArb,8,"{'remainder': 'RemainderType.t_wave_variant', 'useRecFormulas': 'True', 'beta': '5E-1'}",,{},35,1.25E-1,8.191875E3,1.1468825E5,8.075510791177852113E3,1.14804614208822147887E5
example_series.csv#1,1.22880125E5,{},LevinLAlgorithmArb,8,"{'remainder': 'RemainderType.t_wave_variant', 'useRecFormulas': 'True', 'beta': '5E-1'}",,{},36,1.25E-1,8.191875E3,1.1468825E5,8.07453088804178945447E3,1.14805594111958210544E5
example_series.csv#1,1.22880125E5,{},LevinLAlgorithmArb,8,"{'remainder': 'RemainderType.t_wave_variant', 'useRecFormulas': 'True', 'beta': '5E-1'}",,{},37,1.25E-1,8.191875E3,1.1468825E5,8.07359325699313180252E3,1.14806531743006868197E5
example_series.csv#1,1.22880125E5,{},LevinLAlgorithmArb,8,"{'remainder': 'RemainderType.t_wave_variant', 'useRecFormulas': 'True', 'beta': '5E-1'}",,{},38,1.25E-1,8.191875E3,1.1468825E5,8.07269529501701271259E3,1.14807429704982987287E5
example_series.csv#1,1.22880125E5,{},LevinLAlgorithmArb,8,"{'remainder': 'RemainderType.t_wave_variant', 'useRecFormulas': 'True', 'beta': '5E-1'}",,{},39,1.25E-1,8.191875E3,1.1468825E5,8.07183460159041331108E3,1.14808290398409586687E5
example_series.csv#1,1.22880125E5,{},LevinLAlgorithmArb,8,"{'remainder': 'RemainderType.t_wave_variant', 'useRecFormulas': 'True', 'beta': '5E-1'}",,{},40,1.25E-1,8.191875E3,1.1468825E5,8.07100896017202380924E3,1.1480911603982797619E5
example_series.csv#1,1.22880125E5,{},LevinLAlgorithmArb,8,"{'remainder': 'RemainderType.t_wave_variant', 'useRecFormulas': 'True', 'beta': '5E-1'}",,{},41,1.25E-1,8.191875E3,1.1468825E5,8.07021632157330790119E3,1.14809908678426692098E5
example_series.csv#1,1.22880125E5,{},LevinLAlgorithmArb,8,"{'remainder': 'RemainderType.t_wave_variant', 'useRecFormulas': 'True', 'beta': '5E-1'}",,{},42,1.25E-1,8.191875E3,1.1468825E5,8.06945478901017572426E3,1.14810670210989824274E5
example_series.csv#1,1.22880125E5,{},LevinLAlgorithmArb,8,"{'remainder': 'RemainderType.t_wave_variant', 'useRecFormulas': 'True', 'beta': '5E-1'}",,{},43,1.25E-1,8.191875E3,1.1468825E5,8.06872260465507442725E3,1.14811402395344925571E5
example_series.csv#1,1.22880125E5,{},LevinLAlgorithmArb,8,"{'remainder': 'RemainderType.t_wave_variant', 'useRecFormulas': 'True', 'beta': '5E-1'}",,{},44,1.25E-1,8.191875E3,1.1468825E5,8.06801813752826743414E3,1.14812106862471732565E5
example_series.csv#1,1.22880125E5,{},LevinLAlgorithmArb,8,"{'remainder': 'RemainderType.t_wave_variant', 'useRecFormulas': 'True', 'beta': '5E-1'}",,{},45,1.25E-1,8.191875E3,1.1468825E5,8.06733987258444630685E3,1.14812785127415553692E5
example_series.csv#1,1.22880125E5,{},LevinLAlgorithmArb,8,"{'remainder': 'RemainderType.t_wave_variant', 'useRecFormulas': 'True', 'beta': '5E-1'}",,{},46,1.25E-1,8.191875E3,1.1468825E5,8.06668640086657390719E3,1.14813438599133426091E5
example_series.csv#1,1.22880125E5,{},LevinLAlgorithmArb,8,"{'remainder': 'RemainderType.t_wave_variant', 'useRecFormulas': 'True', 'beta': '5E-1'}",,{},47,1.25E-1,8.191875E3,1.1468825E5,8.0660564106130389452E3,1.14814068589386961054E5
example_series.csv#1,1.22880125E5,{},LevinLAlgorithmArb,8,"{'remainder': 'RemainderType.t_wave_variant', 'useRecFormulas': 'True', 'beta': '5E-1'}",,{},48,1.25E-1,8.191875E3,1.1468825E5,8.06544867921689737569E3,1.14814676320783102624E5
example_series.csv#1,1.22880125E5,{},LevinLAlgorithmArb,8,"{'remainder': 'RemainderType.t_wave_variant', 'useRecFormulas': 'True', 'beta': '5E-1'}",,{},49,1.25E-1,8.191875E3,1.1468825E5,8.06486206594729546001E3,1.14815262934052704538E5
example_series.csv#1,1.22880125E5,{},LevinLAlgorithmArb,8,"{'remainder': 'RemainderType.t_wave_variant', 'useRecFormulas': 'True', 'beta': '6E-1'}",,{},1,2.048E3,6.144E3,1.16736125E5,8.17165239244888507291E3,1.14708472607551114927E5
example_series.csv#1,1.22880125E5,{},LevinLAlgorithmArb,8,"{'remainder': 'RemainderType.t_wave_variant', 'useRecFormulas': 'True', 'beta': '6E-1'}",,{},2,1.024E3,7.168E3,1.15712125E5,8.16766452742392859773E3,1.14712460472576071401E5
example_series.csv#1,1.22880125E5,{},LevinLAlgorithmArb,8,"{'remainder': 'RemainderType.t_wave_variant', 'useRecFormulas': 'True', 'beta': '6E-1'}",,{},3,5.12E2,7.68E3,1.15200125E5,8.16301772916134004817E3,1.14717107270838659951E5
example_series.csv#1,1.22880125E5,{},LevinLAlgorithmArb,8,"{'remainder': 'RemainderType.t_wave_variant', 'useRecFormulas': 'True', 'beta': '6E-1'}",,{},4,2.56E2,7.936E3,1.14944125E5,8.15799942020917881022E3,1.14722125579790821189E5
example_series.csv#1,1.22880125E5,{},LevinLAlgorithmArb,8,"{'remainder': 'RemainderType.t_wave_variant', 'useRecFormulas': 'True', 'beta': '6E-1'}",,{},5,1.28E2,8.064E3,1.14816125E5,8.15283034956660711486E3,1.14727294650433392884E5
example_series.csv#1,1.22880125E5,{},LevinLAlgorithmArb,8,"{'remainder': 'RemainderType.t_wave_variant', 'useRecFormulas': 'True', 'beta': '6E-1'}",,{},6,6.4E1,8.128E3,1.14752125E5,8.14767159010424687443E3,1.14732453409895753125E5
example_series.csv#1,1.22880125E5,{},LevinLAlgorithmArb,8,"{'remainder': 'RemainderType.t_wave_variant', 'useRecFormulas': 'True', 'beta': '6E-1'}",,{},7,3.2E1,8.16E3,1.14720125E5,8.1426340484362246383E3,1.1473749095156377536E5
example_series.csv#1,1.22880125E5,{},LevinLAlgorithmArb,8,"{'remainder': 'RemainderType.t_wave_variant', 'useRecFormulas': 'True', 'beta': '6E-1'}",,{},8,1.6E1,8.176E3,1.14704125E5,8.13778873521382103009E3,1.14742336264786178968E5
example_series.csv#1,1.22880125E5,{},LevinLAlgorithmArb,8,"{'remainder': 'RemainderType.t_wave_variant', 'useRecFormulas': 'True', 'beta': '6E-1'}",,{},9,8E0,8.184E3,1.14696125E5,8.13317676714408695529E3,1.14746948232855913043E5
example_series.csv#1,1.22880125E5,{},LevinLAlgorithmArb,8,"{'remainder': 'RemainderType.t_wave_variant', 'useRecFormulas': 'True', 'beta': '6E-1'}",,{},10,4E0,8.188E3,1.14692125E5,8.12881801780080527164E3,1.14751306982199194727E5
example_series.csv#1,1.22880125E5,{},LevinLAlgorithmArb,8,"{'remainder': 'RemainderType.t_wave_variant', 'useRecFormulas': 'True', 'beta': '6E-1'}",,{},11,2E0,8.19E3,1.14690125E5,8.12471795645149614292E3,1.14755407043548503856E5
example_series.csv#1,1.22880125E5,{},LevinLAlgorithmArb,8,"{'remainder': 'RemainderType.t_wave_variant', 'useRecFormulas': 'True', 'beta': '6E-1'}",,{},12,1E0,8.191E3,1.14689125E5,8.12087272504445331111E3,1.14759252274955546687E5
example_series.csv#1,1.22880125E5,{},LevinLAlgorithmArb,8,"{'remainder': 'RemainderType.t_wave_variant', 'useRecFormulas': 'True', 'beta': '6E-1'}",,{},13,5E-1,8.1915E3,1.14688625E5,8.11727274313146870857E3,1.14762852256868531291E5
example_series.csv#1,1.22880125E5,{},LevinLAlgorithmArb,8,"{'remainder': 'RemainderType.t_wave_variant', 'useRecFormulas': 'True', 'beta': '6E-1'}",,{},14,2.5E-1,8.19175E3,1.14688375E5,8.11390518319955512607E3,1.14766219816800444872E5
example_series.csv#1,1.22880125E5,{},LevinLAlgorithmArb,8,"{'remainder': 'RemainderType.t_wave_variant', 'useRecFormulas': 'True', 'beta': '6E-1'}",,{},15,1.25E-1,8.191875E3,1.1468825E5,8.11075562326384720085E3,1.14769369376736152799E5
example_series.csv#1,1.22880125E5,{},LevinLAlgorithmArb,8,"{'remainder': 'RemainderType.t_wave_variant', 'useRecFormulas': 'True', 'beta': '6E-1'}",,{},16,1.25E-1,8.191875E3,1.1468825E5,8.10780912029839045049E3,1.14772315879701609548E5
example_series.csv#1,1.22880125E5,{},LevinLAlgorithmArb,8,"{'remainder': 'RemainderType.t_wave_variant', 'useRecFormulas': 'True', 'beta': '6E-1'}",,{},17,1.25E-1,8.191875E3,1.1468825E5,8.10505088558344460059E3,1.14775074114416555398E5
example_series.csv#1,1.22880125E5,{},LevinLAlgorithmArb,8,"{'remainder': 'RemainderType.t_wave_variant', 'useRecFormulas': 'True', 'beta': '6E-1'}",,{},18,1.25E-1,8.191875E3,1.1468825E5,8.10246669141592292354E3,1.14777658308584077075E5
example_series.csv#1,1.22880125E5,{},LevinLAlgorithmArb,8,"{'remainder': 'RemainderType.t_wave_variant', 'useRecFormulas': 'True', 'beta': '6E-1'}",,{},19,1.25E-1,8.191875E3,1.1468825E5,8.10004309944511120755E3,1.14780081900554888791E5
example_series.csv#1,1.22880125E5,{},LevinLAlgorithmArb,8,"{'remainder': 'RemainderType.t_wave_variant', 'useRecFormulas': 'True', 'beta': '6E-1'}",,{},20,1.25E-1,8.191875E3,1.1468825E5,8.0977675725269902707E3,1.14782357427473009729E5
example_series.csv#1,1.22880125E5,{},LevinLAlgorithmArb,8,"{'remainder': 'RemainderType.t_wave_variant', 'useRecFormulas': 'True', 'beta': '6E-1'}",,{},21,1.25E-1,8.191875E3,1.1468825E5,8.09562851202392785515E3,1.14784496487976072145E5
example_series.csv#1,1.22880125E5,{},LevinLAlgorithmArb,8,"{'remainder': 'RemainderType.t_wave_variant', 'useRecFormulas': 'True', 'beta': '6E-1'}",,{},22,1.25E-1,8.191875E3,1.1468825E5,8.09361524867038725938E3,1.14786509751329612739E5
example_series.csv#1,1.22880125E5,{},LevinLAlgorithmArb,8,"{'remainder': 'RemainderType.t_wave_variant', 'useRecFormulas': 'True', 'beta': '6E-1'}",,{},23,1.25E-1,8.191875E3,1.1468825E5,8.09171800568858264132E3,1.14788406994311417358E5
example_series.csv#1,1.22880125E5,{},LevinLAlgorithmArb,8,"{'remainder': 'RemainderType.t_wave_variant', 'useRecFormulas': 'True', 'beta': '6E-1'}",,{},24,1.25E-1,8.191875E3,1.1468825E5,8.08992784643900297197E3,1.14790197153560997028E5
example_series.csv#1,1.22880125E5,{},LevinLAlgorithmArb,8,"{'remainder': 'RemainderType.t_wave_variant', 'useRecFormulas': 'True', 'beta': '6E-1'}",,{},25,1.25E-1,8.191875E3,1.1468825E5,8.08823661457765214477E3,1.14791888385422347854E5
example_series.csv#1,1.22880125E5,{},LevinLAlgorithmArb,8,"{'remainder': 'RemainderType.t_wave_variant', 'useRecFormulas': 'True', 'beta': '6E-1'}",,{},26,1.25E-1,8.191875E3,1.1468825E5,8.08663687180007106619E3,1.14793488128199928933E5
example_series.csv#1,1.22880125E5,{},LevinLAlgorithmArb,8,"{'remainder': 'RemainderType.t_wave_variant', 'useRecFormulas': 'True', 'beta': '6E-1'}",,{},27,1.25E-1,8.191875E3,1.1468825E5,8.08512183632403336264E3,1.14795003163675966637E5
example_series.csv#1,1.22880125E5,{},LevinLAlgorithmArb,8,"{'remainder': 'RemainderType.t_wave_variant', 'useRecFormulas': 'True', 'beta': '6E-1'}",,{},28,1.25E-1,8.191875E3,1.1468825E5,8.08368532398571286506E3,1.14796439676014287134E5
example_series.csv#1,1.22880125E5,{},LevinLAlgorithmArb,8,"{'remainder': 'RemainderType.t_wave_variant', 'useRecFormulas': 'True', 'beta': '6E-1'}",,{},29,1.25E-1,8.191875E3,1.1468825E5,8.08232169298576220542E3,1.14797803307014237793E5
example_series.csv#1,1.22880125E5,{},LevinLAlgorithmArb,8,"{'remainder': 'RemainderType.t_wave_variant', 'useRecFormulas': 'True', 'beta': '6E-1'}",,{},30,1.25E-1,8.191875E3,1.1468825E5,8.08102579277824961775E3,1.14799099207221750381E5
example_series.csv#1,1.22880125E5,{},LevinLAlgorithmArb,8,"{'remainder': 'RemainderType.t_wave_variant', 'useRecFormulas': 'True', 'beta': '6E-1'}",,{},31,1.25E-1,8.191875E3,1.1468825E5,8.07979291724945715322E3,1.14800332082750542845E5
example_series.csv#1,1.22880125E5,{},LevinLAlgorithmArb,8,"{'remainder': 'RemainderType.t_wave_variant', 'useRecFormulas': 'True', 'beta': '6E-1'}",,{},32,1.25E-1,8.191875E3,1.1468825E5,8.07861876211938073352E3,1.14801506237880619266E5
example_series.csv#1,1.22880125E5,{},LevinLAlgorithmArb,8,"{'remainder': 'RemainderType.t_wave_variant', 'useRecFormulas': 'True', 'beta': '6E-1'}",,{},33,1.25E-1,8.191875E3,1.1468825E5,8.07749938637198107771E3,1.14802625613628018922E5
example_series.csv#1,1.22880125E5,{},LevinLAlgorithmArb,8,"{'remainder': 'RemainderType.t_wave_variant', 'useRecFormulas': 'True', 'beta': '6E-1'}",,{},34,1.25E-1,8.191875E3,1.1468825E5,8.07643117745085812111E3,1.14803693822549141879E5
example_series.csv#1,1.22880125E5,{},LevinLAlgorithmArb,8,"{'remainder': 'RemainderType.t_wave_variant', 'useRecFormulas': 'True', 'beta': '6E-1'}",,{},35,1.25E-1,8.191875E3,1.1468825E5,8.0754108199248870811E3,1.14804714180075112917E5
example_series.csv#1,1.22880125E5,{},LevinLAlgorithmArb,8,"{'remainder': 'RemainderType.t_wave_variant', 'useRecFormulas': 'True', 'beta': '6E-1'}",,{},36,1.25E-1,8.191875E3,1.1468825E5,8.07443526731991397465E3,1.14805689732680086025E5
example_series.csv#1,1.22880125E5,{},LevinLAlgorithmArb,8,"{'remainder': 'RemainderType.t_wave_variant', 'useRecFormulas': 'True', 'beta': '6E-1'}",,{},37,1.25E-1,8.191875E3,1.1468825E5,8.07350171681880222293E3,1.14806623283181197777E5
example_series.csv#1,1.22880125E5,{},LevinLAlgorithmArb,8,"{'remainder': 'RemainderType.t_wave_variant', 'useRecFormulas': 'True', 'beta': '6E-1'}",,{},38,1.25E-1,8.191875E3,1.1468825E5,8.07260758654692991456E3,1.14807517413453070084E5
example_series.csv#1,1.22880125E5,{},LevinLAlgorithmArb,8,"{'remainder': 'RemainderType.t_wave_variant', 'useRecFormulas': 'True', 'beta': '6E-1'}",,{},39,1.25E-1,8.191875E3,1.1468825E5,8.07175049517969686316E3,1.14808374504820303136E5
example_series.csv#1,1.22880125E5,{},LevinLAlgorithmArb,8,"{'remainder': 'RemainderType.t_wave_variant', 'useRecFormulas': 'True', 'beta': '6E-1'}",,{},40,1.25E-1,8.191875E3,1.1468825E5,8.07092824363013977057E3,1.14809196756369860228E5
example_series.csv#1,1.22880125E5,{},LevinLAlgorithmArb,8,"{'remainder': 'RemainderType.t_wave_variant', 'useRecFormulas': 'True', 'beta': '6E-1'}",,{},41,1.25E-1,8.191875E3,1.1468825E5,8.07013879859673742189E3,1.14809986201403262576E5
example_series.csv#1,1.22880125E5,{},LevinLAlgorithmArb,8,"{'remainder': 'RemainderType.t_wave_variant', 'useRecFormulas': 'True', 'beta': '6E-1'}",,{},42,1.25E-1,8.191875E3,1.1468825E5,8.06938027777290910305E3,1.14810744722227090897E5
example_series.csv#1,1.22880125E5,{},LevinLAlgorithmArb,8,"{'remainder': 'RemainderType.t_wave_variant', 'useRecFormulas': 'True', 'beta': '6E-1'}",,{},43,1.25E-1,8.191875E3,1.1468825E5,8.06865093653997998671E3,1.14811474063460020012E5
example_series.csv#1,1.22880125E5,{},LevinLAlgorithmArb,8,"{'remainder': 'RemainderType.t_wave_variant', 'useRecFormulas': 'True', 'beta': '6E-1'}",,{},44,1.25E-1,8.191875E3,1.1468825E5,8.06794915598419460056E3,1.14812175844015805398E5
example_series.csv#1,1.22880125E5,{},LevinLAlgorithmArb,8,"{'remainder': 'RemainderType.t_wave_variant', 'useRecFormulas': 'True', 'beta': '6E-1'}",,{},45,1.25E-1,8.191875E3,1.1468825E5,8.06727343209557029116E3,1.14812851567904429708E5
example_series.csv#1,1.22880125E5,{},LevinLAlgorithmArb,8,"{'remainder': 'RemainderType.t_wave_variant', 'useRecFormulas': 'True', 'beta': '6E-1'}",,{},46,1.25E-1,8.191875E3,1.1468825E5,8.06662236602197713714E3,1.14813502633978022863E5
example_series.csv#1,1.22880125E5,{},LevinLAlgorithmArb,8,"{'remainder': 'RemainderType.t_wave_variant', 'useRecFormulas': 'True', 'beta': '6E-1'}",,{},47,1.25E-1,8.191875E3,1.1468825E5,8.06599465526585911898E3,1.1481413034473414088E5
example_series.csv#1,1.22880125E5,{},LevinLAlgorithmArb,8,"{'remainder': 'RemainderType.t_wave_variant', 'useRecFormulas': 'True', 'beta': '6E-1'}",,{},48,1.25E-1,8.191875E3,1.1468825E5,8.06538908572356392928E3,1.1481473591427643607E5
example_series.csv#1,1.22880125E5,{},LevinLAlgorithmArb,8,"{'remainder': 'RemainderType.t_wave_variant', 'useRecFormulas': 'True', 'beta': '6E-1'}",,{},49,1.25E-1,8.191875E3,1.1468825E5,8.06480452447843706881E3,1.14815320475521562931E5
example_series.csv#1,1.22880125E5,{},LevinLAlgorithmArb,8,"{'remainder': 'RemainderType.t_wave_variant', 'useRecFormulas': 'True', 'beta': '6.9999999999999999999E-1'}",,{},1,2.048E3,6.144E3,1.16736125E5,8.17129267002916816725E3,1.14708832329970831831E5
example_series.csv#1,1.22880125E5,{},LevinLAlgorithmArb,8,"{'remainder': 'RemainderType.t_wave_variant', 'useRecFormulas': 'True', 'beta': '6.9999999999999999999E-1'}",,{},2,1.024E3,7.168E3,1.15712125E5,8.16722423107608893699E3,1.14712900768923911063E5
example_series.csv#1,1.22880125E5,{},LevinLAlgorithmArb,8,"{'remainder': 'RemainderType.t_wave_variant', 'useRecFormulas': 'True', 'beta': '6.9999999999999999999E-1'}",,{},3,5.12E2,7.68E3,1.15200125E5,8.16252846551438062025E3,1.14717596534485619379E5
example_series.csv#1,1.22880125E5,{},LevinLAlgorithmArb,8,"{'remainder': 'RemainderType.t_wave_variant', 'useRecFormulas': 'True', 'beta': '6.9999999999999999999E-1'}",,{},4,2.56E2,7.936E3,1.14944125E5,8.15748620175813882135E3,1.14722638798241861178E5
example_series.csv#1,1.22880125E5,{},LevinLAlgorithmArb,8,"{'remainder': 'RemainderType.t_wave_variant', 'useRecFormulas': 'True', 'beta': '6.9999999999999999999E-1'}",,{},5,1.28E2,8.064E3,1.14816125E5,8.15231181951911086605E3,1.14727813180480889132E5
example_series.csv#1,1.22880125E5,{},LevinLAlgorithmArb,8,"{'remainder': 'RemainderType.t_wave_variant', 'useRecFormulas': 'True', 'beta': '6.9999999999999999999E-1'}",,{},6,6.4E1,8.128E3,1.14752125E5,8.1471609310705969657E3,1.14732964068929403034E5
example_series.csv#1,1.22880125E5,{},LevinLAlgorithmArb,8,"{'remainder': 'RemainderType.t_wave_variant', 'useRecFormulas': 'True', 'beta': '6.9999999999999999999E-1'}",,{},7,3.2E1,8.16E3,1.14720125E5,8.14213998529338445397E3,1.14737985014706615546E5
example_series.csv#1,1.22880125E5,{},LevinLAlgorithmArb,8,"{'remainder': 'RemainderType.t_wave_variant', 'useRecFormulas': 'True', 'beta': '6.9999999999999999999E-1'}",,{},8,1.6E1,8.176E3,1.14704125E5,8.13731656895730286663E3,1.14742808431042697133E5
example_series.csv#1,1.22880125E5,{},LevinLAlgorithmArb,8,"{'remainder': 'RemainderType.t_wave_variant', 'useRecFormulas': 'True', 'beta': '6.9999999999999999999E-1'}",,{},9,8E0,8.184E3,1.14696125E5,8.13272931358569211088E3,1.14747395686414307888E5
example_series.csv#1,1.22880125E5,{},LevinLAlgorithmArb,8,"{'remainder': 'RemainderType.t_wave_variant', 'useRecFormulas': 'True', 'beta': '6.9999999999999999999E-1'}",,{},10,4E0,8.188E3,1.14692125E5,8.1283963752263663674E3,1.14751728624773633632E5
example_series.csv#1,1.22880125E5,{},LevinLAlgorithmArb,8,"{'remainder': 'RemainderType.t_wave_variant', 'useRecFormulas': 'True', 'beta': '6.9999999999999999999E-1'}",,{},11,2E0,8.19E3,1.14690125E5,8.12432208890085661981E3,1.1475580291109914338E5
example_series.csv#1,1.22880125E5,{},LevinLAlgorithmArb,8,"{'remainder': 'RemainderType.t_wave_variant', 'useRecFormulas': 'True', 'beta': '6.9999999999999999999E-1'}",,{},12,1E0,8.191E3,1.14689125E5,8.12050188338538592308E3,1.14759623116614614076E5
example_series.csv#1,1.22880125E5,{},LevinLAlgorithmArb,8,"{'remainder': 'RemainderType.t_wave_variant', 'useRecFormulas': 'True', 'beta': '6.9999999999999999999E-1'}",,{},13,5E-1,8.1915E3,1.14688625E5,8.11692575792242973831E3,1.1476319924207757026E5
example_series.csv#1,1.22880125E5,{},LevinLAlgorithmArb,8,"{'remainder': 'RemainderType.t_wave_variant', 'useRecFormulas': 'True', 'beta': '6.9999999999999999999E-1'}",,{},14,2.5E-1,8.19175E3,1.14688375E5,8.11358066243191497904E3,1.14766544337568085019E5
example_series.csv#1,1.22880125E5,{},LevinLAlgorithmArb,8,"{'remainder': 'RemainderType.t_wave_variant', 'useRecFormulas': 'True', 'beta': '6.9999999999999999999E-1'}",,{},15,1.25E-1,8.191875E3,1.1468825E5,8.11045208231789859085E3,1.14769672917682101409E5
example_series.csv#1,1.22880125E5,{},LevinLAlgorithmArb,8,"{'remainder': 'RemainderType.t_wave_variant', 'useRecFormulas': 'True', 'beta': '6.9999999999999999999E-1'}",,{},16,1.25E-1,8.191875E3,1.1468825E5,8.10752506489326105681E3,1.14772599935106738942E5
example_series.csv#1,1.22880125E5,{},LevinLAlgorithmArb,8,"{'remainder': 'RemainderType.t_wave_variant', 'useRecFormulas': 'True', 'beta': '6.9999999999999999999E-1'}",,{},17,1.25E-1,8.191875E3,1.1468825E5,8.10478486277963609338E3,1.14775340137220363906E5
example_series.csv#1,1.22880125E5,{},LevinLAlgorithmArb,8,"{'remainder': 'RemainderType.t_wave_variant', 'useRecFormulas': 'True', 'beta': '6.9999999999999999999E-1'}",,{},18,1.25E-1,8.191875E3,1.1468825E5,8.10221731926372008647E3,1.14777907680736279913E5
example_series.csv#1,1.22880125E5,{},LevinLAlgorithmArb,8,"{'remainder': 'RemainderType.t_wave_variant', 'useRecFormulas': 'True', 'beta': '6.9999999999999999999E-1'}",,{},19,1.25E-1,8.191875E3,1.1468825E5,8.0998090825869583447E3,1.14780315917413041654E5
example_series.csv#1,1.22880125E5,{},LevinLAlgorithmArb,8,"{'remainder': 'RemainderType.t_wave_variant', 'useRecFormulas': 'True', 'beta': '6.9999999999999999999E-1'}",,{},20,1.25E-1,8.191875E3,1.1468825E5,8.09754770872711196255E3,1.14782577291272888036E5
example_series.csv#1,1.22880125E5,{},LevinLAlgorithmArb,8,"{'remainder': 'RemainderType.t_wave_variant', 'useRecFormulas': 'True', 'beta': '6.9999999999999999999E-1'}",,{},21,1.25E-1,8.191875E3,1.1468825E5,8.09542169297400172503E3,1.14784703307025998273E5
example_series.csv#1,1.22880125E5,{},LevinLAlgorithmArb,8,"{'remainder': 'RemainderType.t_wave_variant', 'useRecFormulas': 'True', 'beta': '6.9999999999999999999E-1'}",,{},22,1.25E-1,8.191875E3,1.1468825E5,8.09342045730515596657E3,1.14786704542694844032E5
example_series.csv#1,1.22880125E5,{},LevinLAlgorithmArb,8,"{'remainder': 'RemainderType.t_wave_variant', 'useRecFormulas': 'True', 'beta': '6.9999999999999999999E-1'}",,{},23,1.25E-1,8.191875E3,1.1468825E5,8.09153431148706344924E3,1.1478859068851293655E5
example_series.csv#1,1.22880125E5,{},LevinLAlgorithmArb,8,"{'remainder': 'RemainderType.t_wave_variant', 'useRecFormulas': 'True', 'beta': '6.9999999999999999999E-1'}",,{},24,1.25E-1,8.191875E3,1.1468825E5,8.08975439967470361807E3,1.1479037060032529638E5
example_series.csv#1,1.22880125E5,{},LevinLAlgorithmArb,8,"{'remainder': 'RemainderType.t_wave_variant', 'useRecFormulas': 'True', 'beta': '6.9999999999999999999E-1'}",,{},25,1.25E-1,8.191875E3,1.1468825E5,8.08807264013700634283E3,1.14792052359862993657E5
example_series.csv#1,1.22880125E5,{},LevinLAlgorithmArb,8,"{'remainder': 'RemainderType.t_wave_variant', 'useRecFormulas': 'True', 'beta': '6.9999999999999999999E-1'}",,{},26,1.25E-1,8.191875E3,1.1468825E5,8.08648166295824906477E3,1.14793643337041750934E5
example_series.csv#1,1.22880125E5,{},LevinLAlgorithmArb,8,"{'remainder': 'RemainderType.t_wave_variant', 'useRecFormulas': 'True', 'beta': '6.9999999999999999999E-1'}",,{},27,1.25E-1,8.191875E3,1.1468825E5,8.08497474871444104466E3,1.14795150251285558955E5
example_series.csv#1,1.22880125E5,{},LevinLAlgorithmArb,8,"{'remainder': 'RemainderType.t_wave_variant', 'useRecFormulas': 'True', 'beta': '6.9999999999999999999E-1'}",,{},28,1.25E-1,8.191875E3,1.1468825E5,8.08354576989873898298E3,1.14796579230101261015E5
example_series.csv#1,1.22880125E5,{},LevinLAlgorithmArb,8,"{'remainder': 'RemainderType.t_wave_variant', 'useRecFormulas': 'True', 'beta': '6.9999999999999999999E-1'}",,{},29,1.25E-1,8.191875E3,1.1468825E5,8.0821891360666270431E3,1.14797935863933372957E5
example_series.csv#1,1.22880125E5,{},LevinLAlgorithmArb,8,"{'remainder': 'RemainderType.t_wave_variant', 'useRecFormulas': 'True', 'beta': '6.9999999999999999999E-1'}",,{},30,1.25E-1,8.191875E3,1.1468825E5,8.08089974315161680273E3,1.14799225256848383196E5
example_series.csv#1,1.22880125E5,{},LevinLAlgorithmArb,8,"{'remainder': 'RemainderType.t_wave_variant', 'useRecFormulas': 'True', 'beta': '6.9999999999999999999E-1'}",,{},31,1.25E-1,8.191875E3,1.1468825E5,8.07967292707199698517E3,1.14800452072928003013E5
example_series.csv#1,1.22880125E5,{},LevinLAlgorithmArb,8,"{'remainder': 'RemainderType.t_wave_variant', 'useRecFormulas': 'True', 'beta': '6.9999999999999999999E-1'}",,{},32,1.25E-1,8.191875E3,1.1468825E5,8.07850442154545177561E3,1.14801620578454548224E5
example_series.csv#1,1.22880125E5,{},LevinLAlgorithmArb,8,"{'remainder': 'RemainderType.t_wave_variant', 'useRecFormulas': 'True', 'beta': '6.9999999999999999999E-1'}",,{},33,1.25E-1,8.191875E3,1.1468825E5,8.07739031990847259051E3,1.14802734680091527409E5
example_series.csv#1,1.22880125E5,{},LevinLAlgorithmArb,8,"{'remainder': 'RemainderType.t_wave_variant', 'useRecFormulas': 'True', 'beta': '6.9999999999999999999E-1'}",,{},34,1.25E-1,8.191875E3,1.1468825E5,8.07632704067261366448E3,1.14803797959327386335E5
example_series.csv#1,1.22880125E5,{},LevinLAlgorithmArb,8,"{'remainder': 'RemainderType.t_wave_variant', 'useRecFormulas': 'True', 'beta': '6.9999999999999999999E-1'}",,{},35,1.25E-1,8.191875E3,1.1468825E5,8.07531129652039832728E3,1.14804813703479601671E5
example_series.csv#1,1.22880125E5,{},LevinLAlgorithmArb,8,"{'remainder': 'RemainderType.t_wave_variant', 'useRecFormulas': 'True', 'beta': '6.9999999999999999999E-1'}",,{},36,1.25E-1,8.191875E3,1.1468825E5,8.07434006643705393196E3,1.14805784933562946068E5
example_series.csv#1,1.22880125E5,{},LevinLAlgorithmArb,8,"{'remainder': 'RemainderType.t_wave_variant', 'useRecFormulas': 'True', 'beta': '6.9999999999999999999E-1'}",,{},37,1.25E-1,8.191875E3,1.1468825E5,8.07341057068153911954E3,1.14806714429318460879E5
example_series.csv#1,1.22880125E5,{},LevinLAlgorithmArb,8,"{'remainder': 'RemainderType.t_wave_variant', 'useRecFormulas': 'True', 'beta': '6.9999999999999999999E-1'}",,{},38,1.25E-1,8.191875E3,1.1468825E5,8.07252024831575118873E3,1.14807604751684248811E5
example_series.csv#1,1.22880125E5,{},LevinLAlgorithmArb,8,"{'remainder': 'RemainderType.t_wave_variant', 'useRecFormulas': 'True', 'beta': '6.9999999999999999999E-1'}",,{},39,1.25E-1,8.191875E3,1.1468825E5,8.07166673703056615649E3,1.14808458262969433842E5
example_series.csv#1,1.22880125E5,{},LevinLAlgorithmArb,8,"{'remainder': 'RemainderType.t_wave_variant', 'useRecFormulas': 'True', 'beta': '6.9999999999999999999E-1'}",,{},40,1.25E-1,8.191875E3,1.1468825E5,8.07084785502900889517E3,1.14809277144970991103E5
example_series.csv#1,1.22880125E5,{},LevinLAlgorithmArb,8,"{'remainder': 'RemainderType.t_wave_variant', 'useRecFormulas': 'True', 'beta': '6.9999999999999999999E-1'}",,{},41,1.25E-1,8.191875E3,1.1468825E5,8.07006158474881513856E3,1.1481006341525118486E5
example_series.csv#1,1.22880125E5,{},LevinLAlgorithmArb,8,"{'remainder': 'RemainderType.t_wave_variant', 'useRecFormulas': 'True', 'beta': '6.9999999999999999999E-1'}",,{},42,1.25E-1,8.191875E3,1.1468825E5,8.06930605822797431836E3,1.1481081894177202568E5
example_series.csv#1,1.22880125E5,{},LevinLAlgorithmArb,8,"{'remainder': 'RemainderType.t_wave_variant', 'useRecFormulas': 'True', 'beta': '6.9999999999999999999E-1'}",,{},43,1.25E-1,8.191875E3,1.1468825E5,8.06857954393697690881E3,1.1481154545606302309E5
example_series.csv#1,1.22880125E5,{},LevinLAlgorithmArb,8,"{'remainder': 'RemainderType.t_wave_variant', 'useRecFormulas': 'True', 'beta': '6.9999999999999999999E-1'}",,{},44,1.25E-1,8.191875E3,1.1468825E5,8.06788043492014135985E3,1.14812244565079858639E5
example_series.csv#1,1.22880125E5,{},LevinLAlgorithmArb,8,"{'remainder': 'RemainderType.t_wave_variant', 'useRecFormulas': 'True', 'beta': '6.9999999999999999999E-1'}",,{},45,1.25E-1,8.191875E3,1.1468825E5,8.067207238105444322E3,1.14812917761894555678E5
example_series.csv#1,1.22880125E5,{},LevinLAlgorithmArb,8,"{'remainder': 'RemainderType.t_wave_variant', 'useRecFormulas': 'True', 'beta': '6.9999999999999999999E-1'}",,{},46,1.25E-1,8.191875E3,1.1468825E5,8.06655856465771267987E3,1.1481356643534228732E5
example_series.csv#1,1.22880125E5,{},LevinLAlgorithmArb,8,"{'remainder': 'RemainderType.t_wave_variant', 'useRecFormulas': 'True', 'beta': '6.9999999999999999999E-1'}",,{},47,1.25E-1,8.191875E3,1.1468825E5,8.0659331212639121422E3,1.14814191878736087856E5
example_series.csv#1,1.22880125E5,{},LevinLAlgorithmArb,8,"{'remainder': 'RemainderType.t_wave_variant', 'useRecFormulas': 'True', 'beta': '6.9999999999999999999E-1'}",,{},48,1.25E-1,8.191875E3,1.1468825E5,8.06532970225167805028E3,1.14814795297748321948E5
example_series.csv#1,1.22880125E5,{},LevinLAlgorithmArb,8,"{'remainder': 'RemainderType.t_wave_variant', 'useRecFormulas': 'True', 'beta': '6.9999999999999999999E-1'}",,{},49,1.25E-1,8.191875E3,1.1468825E5,8.06474718245329242871E3,1.14815377817546707571E5
example_series.csv#1,1.22880125E5,{},LevinLAlgorithmArb,8,"{'remainder': 'RemainderType.t_wave_variant', 'useRecFormulas': 'True', 'beta': '8E-1'}",,{},1,2.048E3,6.144E3,1.16736125E5,8.17092336436315315659E3,1.14709201635636846842E5
example_series.csv#1,1.22880125E5,{},LevinLAlgorithmArb,8,"{'remainder': 'RemainderType.t_wave_variant', 'useRecFormulas': 'True', 'beta': '8E-1'}",,{},2,1.024E3,7.168E3,1.15712125E5,8.16677771427218878369E3,1.14713347285727811216E5
example_series.csv#1,1.22880125E5,{},LevinLAlgorithmArb,8,"{'remainder': 'RemainderType.t_wave_variant', 'useRecFormulas': 'True', 'beta': '8E-1'}",,{},3,5.12E2,7.68E3,1.15200125E5,8.16203579272335818023E3,1.14718089207276641818E5
example_series.csv#1,1.22880125E5,{},LevinLAlgorithmArb,8,"{'remainder': 'RemainderType.t_wave_variant', 'useRecFormulas': 'True', 'beta': '8E-1'}",,{},4,2.56E2,7.936E3,1.14944125E5,8.15697171069162545223E3,1.14723153289308374546E5
example_series.csv#1,1.22880125E5,{},LevinLAlgorithmArb,8,"{'remainder': 'RemainderType.t_wave_variant', 'useRecFormulas': 'True', 'beta': '8E-1'}",,{},5,1.28E2,8.064E3,1.14816125E5,8.15179356507393218655E3,1.14728331434926067812E5
example_series.csv#1,1.22880125E5,{},LevinLAlgorithmArb,8,"{'remainder': 'RemainderType.t_wave_variant', 'useRecFormulas': 'True', 'beta': '8E-1'}",,{},6,6.4E1,8.128E3,1.14752125E5,8.14665160347570396701E3,1.14733473396524296032E5
example_series.csv#1,1.22880125E5,{},LevinLAlgorithmArb,8,"{'remainder': 'RemainderType.t_wave_variant', 'useRecFormulas': 'True', 'beta': '8E-1'}",,{},7,3.2E1,8.16E3,1.14720125E5,8.14164792116315849346E3,1.14738477078836841505E5
example_series.csv#1,1.22880125E5,{},LevinLAlgorithmArb,8,"{'remainder': 'RemainderType.t_wave_variant', 'useRecFormulas': 'True', 'beta': '8E-1'}",,{},8,1.6E1,8.176E3,1.14704125E5,8.13684678099382394722E3,1.14743278219006176052E5
example_series.csv#1,1.22880125E5,{},LevinLAlgorithmArb,8,"{'remainder': 'RemainderType.t_wave_variant', 'useRecFormulas': 'True', 'beta': '8E-1'}",,{},9,8E0,8.184E3,1.14696125E5,8.13228441440546442592E3,1.14747840585594535574E5
example_series.csv#1,1.22880125E5,{},LevinLAlgorithmArb,8,"{'remainder': 'RemainderType.t_wave_variant', 'useRecFormulas': 'True', 'beta': '8E-1'}",,{},10,4E0,8.188E3,1.14692125E5,8.12797732636173278103E3,1.14752147673638267217E5
example_series.csv#1,1.22880125E5,{},LevinLAlgorithmArb,8,"{'remainder': 'RemainderType.t_wave_variant', 'useRecFormulas': 'True', 'beta': '8E-1'}",,{},11,2E0,8.19E3,1.14690125E5,8.12392876651825145628E3,1.14756196233481748543E5
example_series.csv#1,1.22880125E5,{},LevinLAlgorithmArb,8,"{'remainder': 'RemainderType.t_wave_variant', 'useRecFormulas': 'True', 'beta': '8E-1'}",,{},12,1E0,8.191E3,1.14689125E5,8.12013348495646024124E3,1.14759991515043539758E5
example_series.csv#1,1.22880125E5,{},LevinLAlgorithmArb,8,"{'remainder': 'RemainderType.t_wave_variant', 'useRecFormulas': 'True', 'beta': '8E-1'}",,{},13,5E-1,8.1915E3,1.14688625E5,8.11658108416118095315E3,1.14763543915838819045E5
example_series.csv#1,1.22880125E5,{},LevinLAlgorithmArb,8,"{'remainder': 'RemainderType.t_wave_variant', 'useRecFormulas': 'True', 'beta': '8E-1'}",,{},14,2.5E-1,8.19175E3,1.14688375E5,8.1132583071383257057E3,1.14766866692861674294E5
example_series.csv#1,1.22880125E5,{},LevinLAlgorithmArb,8,"{'remainder': 'RemainderType.t_wave_variant', 'useRecFormulas': 'True', 'beta': '8E-1'}",,{},15,1.25E-1,8.191875E3,1.1468825E5,8.11015055680181288771E3,1.14769974443198187112E5
example_series.csv#1,1.22880125E5,{},LevinLAlgorithmArb,8,"{'remainder': 'RemainderType.t_wave_variant', 'useRecFormulas': 'True', 'beta': '8E-1'}",,{},16,1.25E-1,8.191875E3,1.1468825E5,8.10724287713564778812E3,1.1477288212286435221E5
example_series.csv#1,1.22880125E5,{},LevinLAlgorithmArb,8,"{'remainder': 'RemainderType.t_wave_variant', 'useRecFormulas': 'True', 'beta': '8E-1'}",,{},17,1.25E-1,8.191875E3,1.1468825E5,8.10452056588581397805E3,1.1477560443411418602E5
example_series.csv#1,1.22880125E5,{},LevinLAlgorithmArb,8,"{'remainder': 'RemainderType.t_wave_variant', 'useRecFormulas': 'True', 'beta': '8E-1'}",,{},18,1.25E-1,8.191875E3,1.1468825E5,8.10196953942344205432E3,1.14778155460576557945E5
example_series.csv#1,1.22880125E5,{},LevinLAlgorithmArb,8,"{'remainder': 'RemainderType.t_wave_variant', 'useRecFormulas': 'True', 'beta': '8E-1'}",,{},19,1.25E-1,8.191875E3,1.1468825E5,8.09957653357734829363E3,1.14780548466422651705E5
example_series.csv#1,1.22880125E5,{},LevinLAlgorithmArb,8,"{'remainder': 'RemainderType.t_wave_variant', 'useRecFormulas': 'True', 'beta': '8E-1'}",,{},20,1.25E-1,8.191875E3,1.1468825E5,8.09732919774100626408E3,1.14782795802258993735E5
example_series.csv#1,1.22880125E5,{},LevinLAlgorithmArb,8,"{'remainder': 'RemainderType.t_wave_variant', 'useRecFormulas': 'True', 'beta': '8E-1'}",,{},21,1.25E-1,8.191875E3,1.1468825E5,8.09521612099097220119E3,1.14784908879009027797E5
example_series.csv#1,1.22880125E5,{},LevinLAlgorithmArb,8,"{'remainder': 'RemainderType.t_wave_variant', 'useRecFormulas': 'True', 'beta': '8E-1'}",,{},22,1.25E-1,8.191875E3,1.1468825E5,8.09322681614935502761E3,1.14786898183850644972E5
example_series.csv#1,1.22880125E5,{},LevinLAlgorithmArb,8,"{'remainder': 'RemainderType.t_wave_variant', 'useRecFormulas': 'True', 'beta': '8E-1'}",,{},23,1.25E-1,8.191875E3,1.1468825E5,8.09135167898676717293E3,1.14788773321013232826E5
example_series.csv#1,1.22880125E5,{},LevinLAlgorithmArb,8,"{'remainder': 'RemainderType.t_wave_variant', 'useRecFormulas': 'True', 'beta': '8E-1'}",,{},24,1.25E-1,8.191875E3,1.1468825E5,8.0895819338460311651E3,1.14790543066153968835E5
example_series.csv#1,1.22880125E5,{},LevinLAlgorithmArb,8,"{'remainder': 'RemainderType.t_wave_variant', 'useRecFormulas': 'True', 'beta': '8E-1'}",,{},25,1.25E-1,8.191875E3,1.1468825E5,8.0879095729836096289E3,1.14792215427016390369E5
example_series.csv#1,1.22880125E5,{},LevinLAlgorithmArb,8,"{'remainder': 'RemainderType.t_wave_variant', 'useRecFormulas': 'True', 'beta': '8E-1'}",,{},26,1.25E-1,8.191875E3,1.1468825E5,8.08632729425786193508E3,1.14793797705742138064E5
example_series.csv#1,1.22880125E5,{},LevinLAlgorithmArb,8,"{'remainder': 'RemainderType.t_wave_variant', 'useRecFormulas': 'True', 'beta': '8E-1'}",,{},27,1.25E-1,8.191875E3,1.1468825E5,8.08482844001651660101E3,1.14795296559983483398E5
example_series.csv#1,1.22880125E5,{},LevinLAlgorithmArb,8,"{'remainder': 'RemainderType.t_wave_variant', 'useRecFormulas': 'True', 'beta': '8E-1'}",,{},28,1.25E-1,8.191875E3,1.1468825E5,8.08340693886081342353E3,1.14796718061139186576E5
example_series.csv#1,1.22880125E5,{},LevinLAlgorithmArb,8,"{'remainder': 'RemainderType.t_wave_variant', 'useRecFormulas': 'True', 'beta': '8E-1'}",,{},29,1.25E-1,8.191875E3,1.1468825E5,8.08205725119413918924E3,1.1479806774880586081E5
example_series.csv#1,1.22880125E5,{},LevinLAlgorithmArb,8,"{'remainder': 'RemainderType.t_wave_variant', 'useRecFormulas': 'True', 'beta': '8E-1'}",,{},30,1.25E-1,8.191875E3,1.1468825E5,8.08077431896559390045E3,1.14799350681034406099E5
example_series.csv#1,1.22880125E5,{},LevinLAlgorithmArb,8,"{'remainder': 'RemainderType.t_wave_variant', 'useRecFormulas': 'True', 'beta': '8E-1'}",,{},31,1.25E-1,8.191875E3,1.1468825E5,8.07955351970379254791E3,1.14800571480296207452E5
example_series.csv#1,1.22880125E5,{},LevinLAlgorithmArb,8,"{'remainder': 'RemainderType.t_wave_variant', 'useRecFormulas': 'True', 'beta': '8E-1'}",,{},32,1.25E-1,8.191875E3,1.1468825E5,8.07839062474252655712E3,1.14801734375257473443E5
example_series.csv#1,1.22880125E5,{},LevinLAlgorithmArb,8,"{'remainder': 'RemainderType.t_wave_variant', 'useRecFormulas': 'True', 'beta': '8E-1'}",,{},33,1.25E-1,8.191875E3,1.1468825E5,8.07728176142662818939E3,1.14802843238573371809E5
example_series.csv#1,1.22880125E5,{},LevinLAlgorithmArb,8,"{'remainder': 'RemainderType.t_wave_variant', 'useRecFormulas': 'True', 'beta': '8E-1'}",,{},34,1.25E-1,8.191875E3,1.1468825E5,8.07622337902581717097E3,1.14803901620974182828E5
example_series.csv#1,1.22880125E5,{},LevinLAlgorithmArb,8,"{'remainder': 'RemainderType.t_wave_variant', 'useRecFormulas': 'True', 'beta': '8E-1'}",,{},35,1.25E-1,8.191875E3,1.1468825E5,8.07521221805782779529E3,1.14804912781942172204E5
example_series.csv#1,1.22880125E5,{},LevinLAlgorithmArb,8,"{'remainder': 'RemainderType.t_wave_variant', 'useRecFormulas': 'True', 'beta': '8E-1'}",,{},36,1.25E-1,8.191875E3,1.1468825E5,8.0742452827172113946E3,1.14805879717282788604E5
example_series.csv#1,1.22880125E5,{},LevinLAlgorithmArb,8,"{'remainder': 'RemainderType.t_wave_variant', 'useRecFormulas': 'True', 'beta': '8E-1'}",,{},37,1.25E-1,8.191875E3,1.1468825E5,8.07331981611452970618E3,1.14806805183885470293E5
example_series.csv#1,1.22880125E5,{},LevinLAlgorithmArb,8,"{'remainder': 'RemainderType.t_wave_variant', 'useRecFormulas': 'True', 'beta': '8E-1'}",,{},38,1.25E-1,8.191875E3,1.1468825E5,8.07243327804665741909E3,1.14807691721953342579E5
example_series.csv#1,1.22880125E5,{},LevinLAlgorithmArb,8,"{'remainder': 'RemainderType.t_wave_variant', 'useRecFormulas': 'True', 'beta': '8E-1'}",,{},39,1.25E-1,8.191875E3,1.1468825E5,8.07158332503895801154E3,1.14808541674961041988E5
example_series.csv#1,1.22880125E5,{},LevinLAlgorithmArb,8,"{'remainder': 'RemainderType.t_wave_variant', 'useRecFormulas': 'True', 'beta': '8E-1'}",,{},40,1.25E-1,8.191875E3,1.1468825E5,8.07076779242183205084E3,1.14809357207578167948E5
example_series.csv#1,1.22880125E5,{},LevinLAlgorithmArb,8,"{'remainder': 'RemainderType.t_wave_variant', 'useRecFormulas': 'True', 'beta': '8E-1'}",,{},41,1.25E-1,8.191875E3,1.1468825E5,8.06998467822607290958E3,1.1481014032177392709E5
example_series.csv#1,1.22880125E5,{},LevinLAlgorithmArb,8,"{'remainder': 'RemainderType.t_wave_variant', 'useRecFormulas': 'True', 'beta': '8E-1'}",,{},42,1.25E-1,8.191875E3,1.1468825E5,8.06923212870269250193E3,1.14810892871297307498E5
example_series.csv#1,1.22880125E5,{},LevinLAlgorithmArb,8,"{'remainder': 'RemainderType.t_wave_variant', 'useRecFormulas': 'True', 'beta': '8E-1'}",,{},43,1.25E-1,8.191875E3,1.1468825E5,8.0685084252928756702E3,1.14811616574707124328E5
example_series.csv#1,1.22880125E5,{},LevinLAlgorithmArb,8,"{'remainder': 'RemainderType.t_wave_variant', 'useRecFormulas': 'True', 'beta': '8E-1'}",,{},44,1.25E-1,8.191875E3,1.1468825E5,8.06781197289221615875E3,1.1481231302710778384E5
example_series.csv#1,1.22880125E5,{},LevinLAlgorithmArb,8,"{'remainder': 'RemainderType.t_wave_variant', 'useRecFormulas': 'True', 'beta': '8E-1'}",,{},45,1.25E-1,8.191875E3,1.1468825E5,8.06714128927027347534E3,1.14812983710729726523E5
example_series.csv#1,1.22880125E5,{},LevinLAlgorithmArb,8,"{'remainder': 'RemainderType.t_wave_variant', 'useRecFormulas': 'True', 'beta': '8E-1'}",,{},46,1.25E-1,8.191875E3,1.1468825E5,8.06649499552176560265E3,1.14813630004478234396E5
example_series.csv#1,1.22880125E5,{},LevinLAlgorithmArb,8,"{'remainder': 'RemainderType.t_wave_variant', 'useRecFormulas': 'True', 'beta': '8E-1'}",,{},47,1.25E-1,8.191875E3,1.1468825E5,8.06587180743943758218E3,1.14814253192560562417E5
example_series.csv#1,1.22880125E5,{},LevinLAlgorithmArb,8,"{'remainder': 'RemainderType.t_wave_variant', 'useRecFormulas': 'True', 'beta': '8E-1'}",,{},48,1.25E-1,8.191875E3,1.1468825E5,8.06527052771091637767E3,1.14814854472289083621E5
example_series.csv#1,1.22880125E5,{},LevinLAlgorithmArb,8,"{'remainder': 'RemainderType.t_wave_variant', 'useRecFormulas': 'True', 'beta': '8E-1'}",,{},49,1.25E-1,8.191875E3,1.1468825E5,8.06469003885279209811E3,1.148154349611472079E5
example_series.csv#1,1.22880125E5,{},LevinLAlgorithmArb,8,"{'remainder': 'RemainderType.t_wave_variant', 'useRecFormulas': 'True', 'beta': '9E-1'}",,{},1,2.048E3,6.144E3,1.16736125E5,8.1705448045237621531E3,1.14709580195476237845E5
example_series.csv#1,1.22880125E5,{},LevinLAlgorithmArb,8,"{'remainder': 'RemainderType.t_wave_variant', 'useRecFormulas': 'True', 'beta': '9E-1'}",,{},2,1.024E3,7.168E3,1.15712125E5,8.16632529021057235413E3,1.14713799709789427645E5
example_series.csv#1,1.22880125E5,{},LevinLAlgorithmArb,8,"{'remainder': 'RemainderType.t_wave_variant', 'useRecFormulas': 'True', 'beta': '9E-1'}",,{},3,5.12E2,7.68E3,1.15200125E5,8.16153995345786274862E3,1.1471858504654213725E5
example_series.csv#1,1.22880125E5,{},LevinLAlgorithmArb,8,"{'remainder': 'RemainderType.t_wave_variant', 'useRecFormulas': 'True', 'beta': '9E-1'}",,{},4,2.56E2,7.936E3,1.14944125E5,8.15645612681327678347E3,1.14723668873186723216E5
example_series.csv#1,1.22880125E5,{},LevinLAlgorithmArb,8,"{'remainder': 'RemainderType.t_wave_variant', 'useRecFormulas': 'True', 'beta': '9E-1'}",,{},5,1.28E2,8.064E3,1.14816125E5,8.15127571228744045916E3,1.1472884928771255954E5
example_series.csv#1,1.22880125E5,{},LevinLAlgorithmArb,8,"{'remainder': 'RemainderType.t_wave_variant', 'useRecFormulas': 'True', 'beta': '9E-1'}",,{},6,6.4E1,8.128E3,1.14752125E5,8.14614368982067275135E3,1.14733981310179327247E5
example_series.csv#1,1.22880125E5,{},LevinLAlgorithmArb,8,"{'remainder': 'RemainderType.t_wave_variant', 'useRecFormulas': 'True', 'beta': '9E-1'}",,{},7,3.2E1,8.16E3,1.14720125E5,8.14115790540306580586E3,1.14738967094596934193E5
example_series.csv#1,1.22880125E5,{},LevinLAlgorithmArb,8,"{'remainder': 'RemainderType.t_wave_variant', 'useRecFormulas': 'True', 'beta': '9E-1'}",,{},8,1.6E1,8.176E3,1.14704125E5,8.13637939683128005327E3,1.14743745603168719946E5
example_series.csv#1,1.22880125E5,{},LevinLAlgorithmArb,8,"{'remainder': 'RemainderType.t_wave_variant', 'useRecFormulas': 'True', 'beta': '9E-1'}",,{},9,8E0,8.184E3,1.14696125E5,8.13184207875507164695E3,1.14748282921244928353E5
example_series.csv#1,1.22880125E5,{},LevinLAlgorithmArb,8,"{'remainder': 'RemainderType.t_wave_variant', 'useRecFormulas': 'True', 'beta': '9E-1'}",,{},10,4E0,8.188E3,1.14692125E5,8.12756086963702247116E3,1.14752564130362977528E5
example_series.csv#1,1.22880125E5,{},LevinLAlgorithmArb,8,"{'remainder': 'RemainderType.t_wave_variant', 'useRecFormulas': 'True', 'beta': '9E-1'}",,{},11,2E0,8.19E3,1.14690125E5,8.12353798104944404445E3,1.14756587018950555954E5
example_series.csv#1,1.22880125E5,{},LevinLAlgorithmArb,8,"{'remainder': 'RemainderType.t_wave_variant', 'useRecFormulas': 'True', 'beta': '9E-1'}",,{},12,1E0,8.191E3,1.14689125E5,8.11976751761112487257E3,1.14760357482388875126E5
example_series.csv#1,1.22880125E5,{},LevinLAlgorithmArb,8,"{'remainder': 'RemainderType.t_wave_variant', 'useRecFormulas': 'True', 'beta': '9E-1'}",,{},13,5E-1,8.1915E3,1.14688625E5,8.11623870768526495886E3,1.14763886292314735041E5
example_series.csv#1,1.22880125E5,{},LevinLAlgorithmArb,8,"{'remainder': 'RemainderType.t_wave_variant', 'useRecFormulas': 'True', 'beta': '9E-1'}",,{},14,2.5E-1,8.19175E3,1.14688375E5,8.11293810236815124745E3,1.14767186897631848752E5
example_series.csv#1,1.22880125E5,{},LevinLAlgorithmArb,8,"{'remainder': 'RemainderType.t_wave_variant', 'useRecFormulas': 'True', 'beta': '9E-1'}",,{},15,1.25E-1,8.191875E3,1.1468825E5,8.10985103175652593801E3,1.1477027396824347406E5
example_series.csv#1,1.22880125E5,{},LevinLAlgorithmArb,8,"{'remainder': 'RemainderType.t_wave_variant', 'useRecFormulas': 'True', 'beta': '9E-1'}",,{},16,1.25E-1,8.191875E3,1.1468825E5,8.10696254253429252475E3,1.14773162457465707475E5
example_series.csv#1,1.22880125E5,{},LevinLAlgorithmArb,8,"{'remainder': 'RemainderType.t_wave_variant', 'useRecFormulas': 'True', 'beta': '9E-1'}",,{},17,1.25E-1,8.191875E3,1.1468825E5,8.10425798115242365285E3,1.14775867018847576347E5
example_series.csv#1,1.22880125E5,{},LevinLAlgorithmArb,8,"{'remainder': 'RemainderType.t_wave_variant', 'useRecFormulas': 'True', 'beta': '9E-1'}",,{},18,1.25E-1,8.191875E3,1.1468825E5,8.1017233390283961871E3,1.14778401660971603813E5
example_series.csv#1,1.22880125E5,{},LevinLAlgorithmArb,8,"{'remainder': 'RemainderType.t_wave_variant', 'useRecFormulas': 'True', 'beta': '9E-1'}",,{},19,1.25E-1,8.191875E3,1.1468825E5,8.09934544048813266267E3,1.14780779559511867336E5
example_series.csv#1,1.22880125E5,{},LevinLAlgorithmArb,8,"{'remainder': 'RemainderType.t_wave_variant', 'useRecFormulas': 'True', 'beta': '9E-1'}",,{},20,1.25E-1,8.191875E3,1.1468825E5,8.09711202858104734514E3,1.14783012971418952654E5
example_series.csv#1,1.22880125E5,{},LevinLAlgorithmArb,8,"{'remainder': 'RemainderType.t_wave_variant', 'useRecFormulas': 'True', 'beta': '9E-1'}",,{},21,1.25E-1,8.191875E3,1.1468825E5,8.09501178599717262673E3,1.14785113214002827373E5
example_series.csv#1,1.22880125E5,{},LevinLAlgorithmArb,8,"{'remainder': 'RemainderType.t_wave_variant', 'useRecFormulas': 'True', 'beta': '9E-1'}",,{},22,1.25E-1,8.191875E3,1.1468825E5,8.09303431598612868583E3,1.14787090684013871313E5
example_series.csv#1,1.22880125E5,{},LevinLAlgorithmArb,8,"{'remainder': 'RemainderType.t_wave_variant', 'useRecFormulas': 'True', 'beta': '9E-1'}",,{},23,1.25E-1,8.191875E3,1.1468825E5,8.0911700997730096829E3,1.14788954900226990317E5
example_series.csv#1,1.22880125E5,{},LevinLAlgorithmArb,8,"{'remainder': 'RemainderType.t_wave_variant', 'useRecFormulas': 'True', 'beta': '9E-1'}",,{},24,1.25E-1,8.191875E3,1.1468825E5,8.08941044127817197431E3,1.14790714558721828025E5
example_series.csv#1,1.22880125E5,{},LevinLAlgorithmArb,8,"{'remainder': 'RemainderType.t_wave_variant', 'useRecFormulas': 'True', 'beta': '9E-1'}",,{},25,1.25E-1,8.191875E3,1.1468825E5,8.08774740612020471866E3,1.14792377593879795281E5
example_series.csv#1,1.22880125E5,{},LevinLAlgorithmArb,8,"{'remainder': 'RemainderType.t_wave_variant', 'useRecFormulas': 'True', 'beta': '9E-1'}",,{},26,1.25E-1,8.191875E3,1.1468825E5,8.08617375931908342348E3,1.14793951240680916575E5
example_series.csv#1,1.22880125E5,{},LevinLAlgorithmArb,8,"{'remainder': 'RemainderType.t_wave_variant', 'useRecFormulas': 'True', 'beta': '9E-1'}",,{},27,1.25E-1,8.191875E3,1.1468825E5,8.08468290441117746247E3,1.14795442095588822537E5
example_series.csv#1,1.22880125E5,{},LevinLAlgorithmArb,8,"{'remainder': 'RemainderType.t_wave_variant', 'useRecFormulas': 'True', 'beta': '9E-1'}",,{},28,1.25E-1,8.191875E3,1.1468825E5,8.08326882556097697302E3,1.14796856174439023027E5
example_series.csv#1,1.22880125E5,{},LevinLAlgorithmArb,8,"{'remainder': 'RemainderType.t_wave_variant', 'useRecFormulas': 'True', 'beta': '9E-1'}",,{},29,1.25E-1,8.191875E3,1.1468825E5,8.08192603351714138812E3,1.1479819896648285861E5
example_series.csv#1,1.22880125E5,{},LevinLAlgorithmArb,8,"{'remainder': 'RemainderType.t_wave_variant', 'useRecFormulas': 'True', 'beta': '9E-1'}",,{},30,1.25E-1,8.191875E3,1.1468825E5,8.08064951578478690502E3,1.14799475484215213095E5
example_series.csv#1,1.22880125E5,{},LevinLAlgorithmArb,8,"{'remainder': 'RemainderType.t_wave_variant', 'useRecFormulas': 'True', 'beta': '9E-1'}",,{},31,1.25E-1,8.191875E3,1.1468825E5,8.07943469108529164246E3,1.14800690308914708356E5
example_series.csv#1,1.22880125E5,{},LevinLAlgorithmArb,8,"{'remainder': 'RemainderType.t_wave_variant', 'useRecFormulas': 'True', 'beta': '9E-1'}",,{},32,1.25E-1,8.191875E3,1.1468825E5,8.07827736799084112701E3,1.14801847632009158873E5
example_series.csv#1,1.22880125E5,{},LevinLAlgorithmArb,8,"{'remainder': 'RemainderType.t_wave_variant', 'useRecFormulas': 'True', 'beta': '9E-1'}",,{},33,1.25E-1,8.191875E3,1.1468825E5,8.07717370751399565662E3,1.14802951292486004343E5
example_series.csv#1,1.22880125E5,{},LevinLAlgorithmArb,8,"{'remainder': 'RemainderType.t_wave_variant', 'useRecFormulas': 'True', 'beta': '9E-1'}",,{},34,1.25E-1,8.191875E3,1.1468825E5,8.076120189376123597E3,1.14804004810623876402E5
example_series.csv#1,1.22880125E5,{},LevinLAlgorithmArb,8,"{'remainder': 'RemainderType.t_wave_variant', 'useRecFormulas': 'True', 'beta': '9E-1'}",,{},35,1.25E-1,8.191875E3,1.1468825E5,8.07511358165470265016E3,1.14805011418345297348E5
example_series.csv#1,1.22880125E5,{},LevinLAlgorithmArb,8,"{'remainder': 'RemainderType.t_wave_variant', 'useRecFormulas': 'True', 'beta': '9E-1'}",,{},36,1.25E-1,8.191875E3,1.1468825E5,8.07415091350623089025E3,1.14805974086493769108E5
example_series.csv#1,1.22880125E5,{},LevinLAlgorithmArb,8,"{'remainder': 'RemainderType.t_wave_variant', 'useRecFormulas': 'True', 'beta': '9E-1'}",,{},37,1.25E-1,8.191875E3,1.1468825E5,8.07322945067079021608E3,1.14806895549329209782E5
example_series.csv#1,1.22880125E5,{},LevinLAlgorithmArb,8,"{'remainder': 'RemainderType.t_wave_variant', 'useRecFormulas': 'True', 'beta': '9E-1'}",,{},38,1.25E-1,8.191875E3,1.1468825E5,8.07234667348085041582E3,1.14807778326519149584E5
example_series.csv#1,1.22880125E5,{},LevinLAlgorithmArb,8,"{'remainder': 'RemainderType.t_wave_variant', 'useRecFormulas': 'True', 'beta': '9E-1'}",,{},39,1.25E-1,8.191875E3,1.1468825E5,8.07150025711720566906E3,1.14808624742882794329E5
example_series.csv#1,1.22880125E5,{},LevinLAlgorithmArb,8,"{'remainder': 'RemainderType.t_wave_variant', 'useRecFormulas': 'True', 'beta': '9E-1'}",,{},40,1.25E-1,8.191875E3,1.1468825E5,8.07068805387674598364E3,1.14809436946123254016E5
example_series.csv#1,1.22880125E5,{},LevinLAlgorithmArb,8,"{'remainder': 'RemainderType.t_wave_variant', 'useRecFormulas': 'True', 'beta': '9E-1'}",,{},41,1.25E-1,8.191875E3,1.1468825E5,8.06990807723866429293E3,1.14810216922761335707E5
example_series.csv#1,1.22880125E5,{},LevinLAlgorithmArb,8,"{'remainder': 'RemainderType.t_wave_variant', 'useRecFormulas': 'True', 'beta': '9E-1'}",,{},42,1.25E-1,8.191875E3,1.1468825E5,8.0691584875368229327E3,1.14810966512463177067E5
example_series.csv#1,1.22880125E5,{},LevinLAlgorithmArb,8,"{'remainder': 'RemainderType.t_wave_variant', 'useRecFormulas': 'True', 'beta': '9E-1'}",,{},43,1.25E-1,8.191875E3,1.1468825E5,8.06843757906585793787E3,1.14811687420934142061E5
example_series.csv#1,1.22880125E5,{},LevinLAlgorithmArb,8,"{'remainder': 'RemainderType.t_wave_variant', 'useRecFormulas': 'True', 'beta': '9E-1'}",,{},44,1.25E-1,8.191875E3,1.1468825E5,8.06774376846693578538E3,1.14812381231533064214E5
example_series.csv#1,1.22880125E5,{},LevinLAlgorithmArb,8,"{'remainder': 'RemainderType.t_wave_variant', 'useRecFormulas': 'True', 'beta': '9E-1'}",,{},45,1.25E-1,8.191875E3,1.1468825E5,8.06707558425580132427E3,1.14813049415744198674E5
example_series.csv#1,1.22880125E5,{},LevinLAlgorithmArb,8,"{'remainder': 'RemainderType.t_wave_variant', 'useRecFormulas': 'True', 'beta': '9E-1'}",,{},46,1.25E-1,8.191875E3,1.1468825E5,8.06643165737087276778E3,1.14813693342629127231E5
example_series.csv#1,1.22880125E5,{},LevinLAlgorithmArb,8,"{'remainder': 'RemainderType.t_wave_variant', 'useRecFormulas': 'True', 'beta': '9E-1'}",,{},47,1.25E-1,8.191875E3,1.1468825E5,8.06581071263271448215E3,1.14814314287367285516E5
example_series.csv#1,1.22880125E5,{},LevinLAlgorithmArb,8,"{'remainder': 'RemainderType.t_wave_variant', 'useRecFormulas': 'True', 'beta': '9E-1'}",,{},48,1.25E-1,8.191875E3,1.1468825E5,8.06521156101834931168E3,1.14814913438981650688E5
example_series.csv#1,1.22880125E5,{},LevinLAlgorithmArb,8,"{'remainder': 'RemainderType.t_wave_variant', 'useRecFormulas': 'True', 'beta': '9E-1'}",,{},49,1.25E-1,8.191875E3,1.1468825E5,8.06463309266467437713E3,1.14815491907335325621E5
